Frase,Tipo,Cantidad,Moneda,Categoria,Cuenta,Accion,TipoCambio,CantidadConvertida,TipoReporte,PeriodoPreset,PeriodoFrom,PeriodoTo,CategoriasFiltro,CuentasFiltro,MontoMin,MontoMax,TextoFiltro,Mensaje
Pague 27 por transporte del dia 1,gasto,27,USD,transport,,add_expense,1.0,27,,,,,,,,,,
Spent 34 on groceries day 2,gasto,34,USD,groceries,debit,add_expense,1.0,34,,,,,,,,,,
Paid 41 for rent payment 3,gasto,41,USD,rent,checking,add_expense,1.0,41,,,,,,,,,,
Compre 48 en farmacia del dia 4,gasto,48,USD,health,,add_expense,1.0,48,,,,,,,,,,
I spent 55 on utilities bill 5,gasto,55,USD,utilities,credit card,add_expense,1.0,55,,,,,,,,,,
Me queme 62 en entretenimiento 6,gasto,62,USD,entertainment,,add_expense,1.0,62,,,,,,,,,,
Bought 69 in clothing purchase 7,gasto,69,USD,clothing,,add_expense,1.0,69,,,,,,,,,,
Gaste 76 en comida del dia 8,gasto,76,USD,food,,add_expense,1.0,76,,,,,,,,,,
Pague 83 por transporte del dia 9,gasto,83,USD,transport,,add_expense,1.0,83,,,,,,,,,,
Spent 90 on groceries day 10,gasto,90,USD,groceries,debit,add_expense,1.0,90,,,,,,,,,,
Paid 97 for rent payment 11,gasto,97,USD,rent,checking,add_expense,1.0,97,,,,,,,,,,
Compre 104 en farmacia del dia 12,gasto,104,USD,health,,add_expense,1.0,104,,,,,,,,,,
I spent 111 on utilities bill 13,gasto,111,USD,utilities,credit card,add_expense,1.0,111,,,,,,,,,,
Me queme 118 en entretenimiento 14,gasto,118,USD,entertainment,,add_expense,1.0,118,,,,,,,,,,
Bought 125 in clothing purchase 15,gasto,125,USD,clothing,,add_expense,1.0,125,,,,,,,,,,
Gaste 132 en comida del dia 16,gasto,132,USD,food,,add_expense,1.0,132,,,,,,,,,,
Pague 139 por transporte del dia 17,gasto,139,USD,transport,,add_expense,1.0,139,,,,,,,,,,
Spent 146 on groceries day 18,gasto,146,USD,groceries,debit,add_expense,1.0,146,,,,,,,,,,
Paid 153 for rent payment 19,gasto,153,USD,rent,checking,add_expense,1.0,153,,,,,,,,,,
Compre 160 en farmacia del dia 20,gasto,160,USD,health,,add_expense,1.0,160,,,,,,,,,,
I spent 167 on utilities bill 21,gasto,167,USD,utilities,credit card,add_expense,1.0,167,,,,,,,,,,
Me queme 174 en entretenimiento 22,gasto,174,USD,entertainment,,add_expense,1.0,174,,,,,,,,,,
Bought 181 in clothing purchase 23,gasto,181,USD,clothing,,add_expense,1.0,181,,,,,,,,,,
Gaste 188 en comida del dia 24,gasto,188,USD,food,,add_expense,1.0,188,,,,,,,,,,
Pague 195 por transporte del dia 25,gasto,195,USD,transport,,add_expense,1.0,195,,,,,,,,,,
Spent 202 on groceries day 26,gasto,202,USD,groceries,debit,add_expense,1.0,202,,,,,,,,,,
Paid 209 for rent payment 27,gasto,209,USD,rent,checking,add_expense,1.0,209,,,,,,,,,,
Compre 216 en farmacia del dia 28,gasto,216,USD,health,,add_expense,1.0,216,,,,,,,,,,
I spent 223 on utilities bill 29,gasto,223,USD,utilities,credit card,add_expense,1.0,223,,,,,,,,,,
Me queme 230 en entretenimiento 30,gasto,230,USD,entertainment,,add_expense,1.0,230,,,,,,,,,,
Bought 237 in clothing purchase 31,gasto,237,USD,clothing,,add_expense,1.0,237,,,,,,,,,,
Gaste 244 en comida del dia 32,gasto,244,USD,food,,add_expense,1.0,244,,,,,,,,,,
Pague 251 por transporte del dia 33,gasto,251,USD,transport,,add_expense,1.0,251,,,,,,,,,,
Spent 258 on groceries day 34,gasto,258,USD,groceries,debit,add_expense,1.0,258,,,,,,,,,,
Paid 265 for rent payment 35,gasto,265,USD,rent,checking,add_expense,1.0,265,,,,,,,,,,
Compre 272 en farmacia del dia 36,gasto,272,USD,health,,add_expense,1.0,272,,,,,,,,,,
I spent 279 on utilities bill 37,gasto,279,USD,utilities,credit card,add_expense,1.0,279,,,,,,,,,,
Me queme 286 en entretenimiento 38,gasto,286,USD,entertainment,,add_expense,1.0,286,,,,,,,,,,
Bought 293 in clothing purchase 39,gasto,293,USD,clothing,,add_expense,1.0,293,,,,,,,,,,
Gaste 300 en comida del dia 40,gasto,300,USD,food,,add_expense,1.0,300,,,,,,,,,,
Pague 307 por transporte del dia 41,gasto,307,USD,transport,,add_expense,1.0,307,,,,,,,,,,
Spent 314 on groceries day 42,gasto,314,USD,groceries,debit,add_expense,1.0,314,,,,,,,,,,
Paid 321 for rent payment 43,gasto,321,USD,rent,checking,add_expense,1.0,321,,,,,,,,,,
Compre 328 en farmacia del dia 44,gasto,328,USD,health,,add_expense,1.0,328,,,,,,,,,,
I spent 335 on utilities bill 45,gasto,335,USD,utilities,credit card,add_expense,1.0,335,,,,,,,,,,
Me queme 342 en entretenimiento 46,gasto,342,USD,entertainment,,add_expense,1.0,342,,,,,,,,,,
Bought 349 in clothing purchase 47,gasto,349,USD,clothing,,add_expense,1.0,349,,,,,,,,,,
Gaste 356 en comida del dia 48,gasto,356,USD,food,,add_expense,1.0,356,,,,,,,,,,
Pague 363 por transporte del dia 49,gasto,363,USD,transport,,add_expense,1.0,363,,,,,,,,,,
Spent 370 on groceries day 50,gasto,370,USD,groceries,debit,add_expense,1.0,370,,,,,,,,,,
Paid 377 for rent payment 51,gasto,377,USD,rent,checking,add_expense,1.0,377,,,,,,,,,,
Compre 384 en farmacia del dia 52,gasto,384,USD,health,,add_expense,1.0,384,,,,,,,,,,
I spent 391 on utilities bill 53,gasto,391,USD,utilities,credit card,add_expense,1.0,391,,,,,,,,,,
Me queme 398 en entretenimiento 54,gasto,398,USD,entertainment,,add_expense,1.0,398,,,,,,,,,,
Bought 405 in clothing purchase 55,gasto,405,USD,clothing,,add_expense,1.0,405,,,,,,,,,,
Gaste 412 en comida del dia 56,gasto,412,USD,food,,add_expense,1.0,412,,,,,,,,,,
Pague 419 por transporte del dia 57,gasto,419,USD,transport,,add_expense,1.0,419,,,,,,,,,,
Spent 426 on groceries day 58,gasto,426,USD,groceries,debit,add_expense,1.0,426,,,,,,,,,,
Paid 433 for rent payment 59,gasto,433,USD,rent,checking,add_expense,1.0,433,,,,,,,,,,
Compre 440 en farmacia del dia 60,gasto,440,USD,health,,add_expense,1.0,440,,,,,,,,,,
I spent 447 on utilities bill 61,gasto,447,USD,utilities,credit card,add_expense,1.0,447,,,,,,,,,,
Me queme 454 en entretenimiento 62,gasto,454,USD,entertainment,,add_expense,1.0,454,,,,,,,,,,
Bought 461 in clothing purchase 63,gasto,461,USD,clothing,,add_expense,1.0,461,,,,,,,,,,
Gaste 468 en comida del dia 64,gasto,468,USD,food,,add_expense,1.0,468,,,,,,,,,,
Pague 475 por transporte del dia 65,gasto,475,USD,transport,,add_expense,1.0,475,,,,,,,,,,
Spent 482 on groceries day 66,gasto,482,USD,groceries,debit,add_expense,1.0,482,,,,,,,,,,
Paid 489 for rent payment 67,gasto,489,USD,rent,checking,add_expense,1.0,489,,,,,,,,,,
Compre 496 en farmacia del dia 68,gasto,496,USD,health,,add_expense,1.0,496,,,,,,,,,,
I spent 503 on utilities bill 69,gasto,503,USD,utilities,credit card,add_expense,1.0,503,,,,,,,,,,
Me queme 510 en entretenimiento 70,gasto,510,USD,entertainment,,add_expense,1.0,510,,,,,,,,,,
Bought 517 in clothing purchase 71,gasto,517,USD,clothing,,add_expense,1.0,517,,,,,,,,,,
Gaste 524 en comida del dia 72,gasto,524,USD,food,,add_expense,1.0,524,,,,,,,,,,
Pague 531 por transporte del dia 73,gasto,531,USD,transport,,add_expense,1.0,531,,,,,,,,,,
Spent 538 on groceries day 74,gasto,538,USD,groceries,debit,add_expense,1.0,538,,,,,,,,,,
Paid 545 for rent payment 75,gasto,545,USD,rent,checking,add_expense,1.0,545,,,,,,,,,,
Compre 552 en farmacia del dia 76,gasto,552,USD,health,,add_expense,1.0,552,,,,,,,,,,
I spent 559 on utilities bill 77,gasto,559,USD,utilities,credit card,add_expense,1.0,559,,,,,,,,,,
Me queme 566 en entretenimiento 78,gasto,566,USD,entertainment,,add_expense,1.0,566,,,,,,,,,,
Bought 573 in clothing purchase 79,gasto,573,USD,clothing,,add_expense,1.0,573,,,,,,,,,,
Gaste 580 en comida del dia 80,gasto,580,USD,food,,add_expense,1.0,580,,,,,,,,,,
Pague 587 por transporte del dia 81,gasto,587,USD,transport,,add_expense,1.0,587,,,,,,,,,,
Spent 594 on groceries day 82,gasto,594,USD,groceries,debit,add_expense,1.0,594,,,,,,,,,,
Paid 601 for rent payment 83,gasto,601,USD,rent,checking,add_expense,1.0,601,,,,,,,,,,
Compre 608 en farmacia del dia 84,gasto,608,USD,health,,add_expense,1.0,608,,,,,,,,,,
I spent 615 on utilities bill 85,gasto,615,USD,utilities,credit card,add_expense,1.0,615,,,,,,,,,,
Me queme 622 en entretenimiento 86,gasto,622,USD,entertainment,,add_expense,1.0,622,,,,,,,,,,
Bought 629 in clothing purchase 87,gasto,629,USD,clothing,,add_expense,1.0,629,,,,,,,,,,
Gaste 636 en comida del dia 88,gasto,636,USD,food,,add_expense,1.0,636,,,,,,,,,,
Pague 643 por transporte del dia 89,gasto,643,USD,transport,,add_expense,1.0,643,,,,,,,,,,
Spent 650 on groceries day 90,gasto,650,USD,groceries,debit,add_expense,1.0,650,,,,,,,,,,
Paid 657 for rent payment 91,gasto,657,USD,rent,checking,add_expense,1.0,657,,,,,,,,,,
Compre 664 en farmacia del dia 92,gasto,664,USD,health,,add_expense,1.0,664,,,,,,,,,,
I spent 671 on utilities bill 93,gasto,671,USD,utilities,credit card,add_expense,1.0,671,,,,,,,,,,
Me queme 678 en entretenimiento 94,gasto,678,USD,entertainment,,add_expense,1.0,678,,,,,,,,,,
Bought 685 in clothing purchase 95,gasto,685,USD,clothing,,add_expense,1.0,685,,,,,,,,,,
Gaste 692 en comida del dia 96,gasto,692,USD,food,,add_expense,1.0,692,,,,,,,,,,
Pague 699 por transporte del dia 97,gasto,699,USD,transport,,add_expense,1.0,699,,,,,,,,,,
Spent 706 on groceries day 98,gasto,706,USD,groceries,debit,add_expense,1.0,706,,,,,,,,,,
Paid 713 for rent payment 99,gasto,713,USD,rent,checking,add_expense,1.0,713,,,,,,,,,,
Compre 720 en farmacia del dia 100,gasto,720,USD,health,,add_expense,1.0,720,,,,,,,,,,
I spent 727 on utilities bill 101,gasto,727,USD,utilities,credit card,add_expense,1.0,727,,,,,,,,,,
Me queme 734 en entretenimiento 102,gasto,734,USD,entertainment,,add_expense,1.0,734,,,,,,,,,,
Bought 741 in clothing purchase 103,gasto,741,USD,clothing,,add_expense,1.0,741,,,,,,,,,,
Gaste 748 en comida del dia 104,gasto,748,USD,food,,add_expense,1.0,748,,,,,,,,,,
Pague 755 por transporte del dia 105,gasto,755,USD,transport,,add_expense,1.0,755,,,,,,,,,,
Spent 762 on groceries day 106,gasto,762,USD,groceries,debit,add_expense,1.0,762,,,,,,,,,,
Paid 769 for rent payment 107,gasto,769,USD,rent,checking,add_expense,1.0,769,,,,,,,,,,
Compre 776 en farmacia del dia 108,gasto,776,USD,health,,add_expense,1.0,776,,,,,,,,,,
I spent 783 on utilities bill 109,gasto,783,USD,utilities,credit card,add_expense,1.0,783,,,,,,,,,,
Me queme 790 en entretenimiento 110,gasto,790,USD,entertainment,,add_expense,1.0,790,,,,,,,,,,
Bought 797 in clothing purchase 111,gasto,797,USD,clothing,,add_expense,1.0,797,,,,,,,,,,
Gaste 804 en comida del dia 112,gasto,804,USD,food,,add_expense,1.0,804,,,,,,,,,,
Pague 811 por transporte del dia 113,gasto,811,USD,transport,,add_expense,1.0,811,,,,,,,,,,
Spent 818 on groceries day 114,gasto,818,USD,groceries,debit,add_expense,1.0,818,,,,,,,,,,
Paid 825 for rent payment 115,gasto,825,USD,rent,checking,add_expense,1.0,825,,,,,,,,,,
Compre 832 en farmacia del dia 116,gasto,832,USD,health,,add_expense,1.0,832,,,,,,,,,,
I spent 839 on utilities bill 117,gasto,839,USD,utilities,credit card,add_expense,1.0,839,,,,,,,,,,
Me queme 846 en entretenimiento 118,gasto,846,USD,entertainment,,add_expense,1.0,846,,,,,,,,,,
Bought 853 in clothing purchase 119,gasto,853,USD,clothing,,add_expense,1.0,853,,,,,,,,,,
Gaste 860 en comida del dia 120,gasto,860,USD,food,,add_expense,1.0,860,,,,,,,,,,
Pague 867 por transporte del dia 121,gasto,867,USD,transport,,add_expense,1.0,867,,,,,,,,,,
Spent 874 on groceries day 122,gasto,874,USD,groceries,debit,add_expense,1.0,874,,,,,,,,,,
Paid 881 for rent payment 123,gasto,881,USD,rent,checking,add_expense,1.0,881,,,,,,,,,,
Compre 888 en farmacia del dia 124,gasto,888,USD,health,,add_expense,1.0,888,,,,,,,,,,
I spent 895 on utilities bill 125,gasto,895,USD,utilities,credit card,add_expense,1.0,895,,,,,,,,,,
Me queme 902 en entretenimiento 126,gasto,902,USD,entertainment,,add_expense,1.0,902,,,,,,,,,,
Bought 909 in clothing purchase 127,gasto,909,USD,clothing,,add_expense,1.0,909,,,,,,,,,,
Gaste 916 en comida del dia 128,gasto,916,USD,food,,add_expense,1.0,916,,,,,,,,,,
Pague 923 por transporte del dia 129,gasto,923,USD,transport,,add_expense,1.0,923,,,,,,,,,,
Spent 930 on groceries day 130,gasto,930,USD,groceries,debit,add_expense,1.0,930,,,,,,,,,,
Paid 937 for rent payment 131,gasto,937,USD,rent,checking,add_expense,1.0,937,,,,,,,,,,
Compre 944 en farmacia del dia 132,gasto,944,USD,health,,add_expense,1.0,944,,,,,,,,,,
I spent 951 on utilities bill 133,gasto,951,USD,utilities,credit card,add_expense,1.0,951,,,,,,,,,,
Me queme 958 en entretenimiento 134,gasto,958,USD,entertainment,,add_expense,1.0,958,,,,,,,,,,
Bought 965 in clothing purchase 135,gasto,965,USD,clothing,,add_expense,1.0,965,,,,,,,,,,
Gaste 972 en comida del dia 136,gasto,972,USD,food,,add_expense,1.0,972,,,,,,,,,,
Pague 979 por transporte del dia 137,gasto,979,USD,transport,,add_expense,1.0,979,,,,,,,,,,
Spent 986 on groceries day 138,gasto,986,USD,groceries,debit,add_expense,1.0,986,,,,,,,,,,
Paid 993 for rent payment 139,gasto,993,USD,rent,checking,add_expense,1.0,993,,,,,,,,,,
Compre 1000 en farmacia del dia 140,gasto,1000,USD,health,,add_expense,1.0,1000,,,,,,,,,,
I spent 1007 on utilities bill 141,gasto,1007,USD,utilities,credit card,add_expense,1.0,1007,,,,,,,,,,
Me queme 1014 en entretenimiento 142,gasto,1014,USD,entertainment,,add_expense,1.0,1014,,,,,,,,,,
Bought 1021 in clothing purchase 143,gasto,1021,USD,clothing,,add_expense,1.0,1021,,,,,,,,,,
Gaste 1028 en comida del dia 144,gasto,1028,USD,food,,add_expense,1.0,1028,,,,,,,,,,
Pague 1035 por transporte del dia 145,gasto,1035,USD,transport,,add_expense,1.0,1035,,,,,,,,,,
Spent 1042 on groceries day 146,gasto,1042,USD,groceries,debit,add_expense,1.0,1042,,,,,,,,,,
Paid 1049 for rent payment 147,gasto,1049,USD,rent,checking,add_expense,1.0,1049,,,,,,,,,,
Compre 1056 en farmacia del dia 148,gasto,1056,USD,health,,add_expense,1.0,1056,,,,,,,,,,
I spent 1063 on utilities bill 149,gasto,1063,USD,utilities,credit card,add_expense,1.0,1063,,,,,,,,,,
Me queme 1070 en entretenimiento 150,gasto,1070,USD,entertainment,,add_expense,1.0,1070,,,,,,,,,,
Bought 1077 in clothing purchase 151,gasto,1077,USD,clothing,,add_expense,1.0,1077,,,,,,,,,,
Gaste 1084 en comida del dia 152,gasto,1084,USD,food,,add_expense,1.0,1084,,,,,,,,,,
Pague 1091 por transporte del dia 153,gasto,1091,USD,transport,,add_expense,1.0,1091,,,,,,,,,,
Spent 1098 on groceries day 154,gasto,1098,USD,groceries,debit,add_expense,1.0,1098,,,,,,,,,,
Paid 1105 for rent payment 155,gasto,1105,USD,rent,checking,add_expense,1.0,1105,,,,,,,,,,
Compre 1112 en farmacia del dia 156,gasto,1112,USD,health,,add_expense,1.0,1112,,,,,,,,,,
I spent 1119 on utilities bill 157,gasto,1119,USD,utilities,credit card,add_expense,1.0,1119,,,,,,,,,,
Me queme 1126 en entretenimiento 158,gasto,1126,USD,entertainment,,add_expense,1.0,1126,,,,,,,,,,
Bought 1133 in clothing purchase 159,gasto,1133,USD,clothing,,add_expense,1.0,1133,,,,,,,,,,
Gaste 1140 en comida del dia 160,gasto,1140,USD,food,,add_expense,1.0,1140,,,,,,,,,,
Pague 1147 por transporte del dia 161,gasto,1147,USD,transport,,add_expense,1.0,1147,,,,,,,,,,
Spent 1154 on groceries day 162,gasto,1154,USD,groceries,debit,add_expense,1.0,1154,,,,,,,,,,
Paid 1161 for rent payment 163,gasto,1161,USD,rent,checking,add_expense,1.0,1161,,,,,,,,,,
Compre 1168 en farmacia del dia 164,gasto,1168,USD,health,,add_expense,1.0,1168,,,,,,,,,,
I spent 1175 on utilities bill 165,gasto,1175,USD,utilities,credit card,add_expense,1.0,1175,,,,,,,,,,
Me queme 1182 en entretenimiento 166,gasto,1182,USD,entertainment,,add_expense,1.0,1182,,,,,,,,,,
Bought 1189 in clothing purchase 167,gasto,1189,USD,clothing,,add_expense,1.0,1189,,,,,,,,,,
Gaste 1196 en comida del dia 168,gasto,1196,USD,food,,add_expense,1.0,1196,,,,,,,,,,
Pague 1203 por transporte del dia 169,gasto,1203,USD,transport,,add_expense,1.0,1203,,,,,,,,,,
Spent 1210 on groceries day 170,gasto,1210,USD,groceries,debit,add_expense,1.0,1210,,,,,,,,,,
Paid 1217 for rent payment 171,gasto,1217,USD,rent,checking,add_expense,1.0,1217,,,,,,,,,,
Compre 1224 en farmacia del dia 172,gasto,1224,USD,health,,add_expense,1.0,1224,,,,,,,,,,
I spent 1231 on utilities bill 173,gasto,1231,USD,utilities,credit card,add_expense,1.0,1231,,,,,,,,,,
Me queme 1238 en entretenimiento 174,gasto,1238,USD,entertainment,,add_expense,1.0,1238,,,,,,,,,,
Bought 1245 in clothing purchase 175,gasto,1245,USD,clothing,,add_expense,1.0,1245,,,,,,,,,,
Gaste 1252 en comida del dia 176,gasto,1252,USD,food,,add_expense,1.0,1252,,,,,,,,,,
Pague 1259 por transporte del dia 177,gasto,1259,USD,transport,,add_expense,1.0,1259,,,,,,,,,,
Spent 1266 on groceries day 178,gasto,1266,USD,groceries,debit,add_expense,1.0,1266,,,,,,,,,,
Paid 1273 for rent payment 179,gasto,1273,USD,rent,checking,add_expense,1.0,1273,,,,,,,,,,
Compre 1280 en farmacia del dia 180,gasto,1280,USD,health,,add_expense,1.0,1280,,,,,,,,,,
I spent 1287 on utilities bill 181,gasto,1287,USD,utilities,credit card,add_expense,1.0,1287,,,,,,,,,,
Me queme 1294 en entretenimiento 182,gasto,1294,USD,entertainment,,add_expense,1.0,1294,,,,,,,,,,
Bought 1301 in clothing purchase 183,gasto,1301,USD,clothing,,add_expense,1.0,1301,,,,,,,,,,
Gaste 1308 en comida del dia 184,gasto,1308,USD,food,,add_expense,1.0,1308,,,,,,,,,,
Pague 1315 por transporte del dia 185,gasto,1315,USD,transport,,add_expense,1.0,1315,,,,,,,,,,
Spent 1322 on groceries day 186,gasto,1322,USD,groceries,debit,add_expense,1.0,1322,,,,,,,,,,
Paid 1329 for rent payment 187,gasto,1329,USD,rent,checking,add_expense,1.0,1329,,,,,,,,,,
Compre 1336 en farmacia del dia 188,gasto,1336,USD,health,,add_expense,1.0,1336,,,,,,,,,,
I spent 1343 on utilities bill 189,gasto,1343,USD,utilities,credit card,add_expense,1.0,1343,,,,,,,,,,
Me queme 1350 en entretenimiento 190,gasto,1350,USD,entertainment,,add_expense,1.0,1350,,,,,,,,,,
Bought 1357 in clothing purchase 191,gasto,1357,USD,clothing,,add_expense,1.0,1357,,,,,,,,,,
Gaste 1364 en comida del dia 192,gasto,1364,USD,food,,add_expense,1.0,1364,,,,,,,,,,
Pague 1371 por transporte del dia 193,gasto,1371,USD,transport,,add_expense,1.0,1371,,,,,,,,,,
Spent 1378 on groceries day 194,gasto,1378,USD,groceries,debit,add_expense,1.0,1378,,,,,,,,,,
Paid 1385 for rent payment 195,gasto,1385,USD,rent,checking,add_expense,1.0,1385,,,,,,,,,,
Compre 1392 en farmacia del dia 196,gasto,1392,USD,health,,add_expense,1.0,1392,,,,,,,,,,
I spent 1399 on utilities bill 197,gasto,1399,USD,utilities,credit card,add_expense,1.0,1399,,,,,,,,,,
Me queme 1406 en entretenimiento 198,gasto,1406,USD,entertainment,,add_expense,1.0,1406,,,,,,,,,,
Bought 1413 in clothing purchase 199,gasto,1413,USD,clothing,,add_expense,1.0,1413,,,,,,,,,,
Gaste 1420 en comida del dia 200,gasto,1420,USD,food,,add_expense,1.0,1420,,,,,,,,,,
Me depositaron 59 por freelance 1,ingreso,59,USD,freelance,paypal,add_income,1.0,59,,,,,,,,,,
Received 68 from client invoice 2,ingreso,68,USD,freelance,checking,add_income,1.0,68,,,,,,,,,,
Got paid 77 as salary payment 3,ingreso,77,USD,salary,bank,add_income,1.0,77,,,,,,,,,,
Cobre 86 por venta realizada 4,ingreso,86,USD,sale,cash,add_income,1.0,86,,,,,,,,,,
Earned 95 from side job 5,ingreso,95,USD,work,,add_income,1.0,95,,,,,,,,,,
Me entro 104 por bono mensual 6,ingreso,104,USD,bonus,savings,add_income,1.0,104,,,,,,,,,,
Deposited 113 from refund case 7,ingreso,113,USD,refund,bank,add_income,1.0,113,,,,,,,,,,
Recibi 122 de salario del periodo 8,ingreso,122,USD,salary,bank,add_income,1.0,122,,,,,,,,,,
Me depositaron 131 por freelance 9,ingreso,131,USD,freelance,paypal,add_income,1.0,131,,,,,,,,,,
Received 140 from client invoice 10,ingreso,140,USD,freelance,checking,add_income,1.0,140,,,,,,,,,,
Got paid 149 as salary payment 11,ingreso,149,USD,salary,bank,add_income,1.0,149,,,,,,,,,,
Cobre 158 por venta realizada 12,ingreso,158,USD,sale,cash,add_income,1.0,158,,,,,,,,,,
Earned 167 from side job 13,ingreso,167,USD,work,,add_income,1.0,167,,,,,,,,,,
Me entro 176 por bono mensual 14,ingreso,176,USD,bonus,savings,add_income,1.0,176,,,,,,,,,,
Deposited 185 from refund case 15,ingreso,185,USD,refund,bank,add_income,1.0,185,,,,,,,,,,
Recibi 194 de salario del periodo 16,ingreso,194,USD,salary,bank,add_income,1.0,194,,,,,,,,,,
Me depositaron 203 por freelance 17,ingreso,203,USD,freelance,paypal,add_income,1.0,203,,,,,,,,,,
Received 212 from client invoice 18,ingreso,212,USD,freelance,checking,add_income,1.0,212,,,,,,,,,,
Got paid 221 as salary payment 19,ingreso,221,USD,salary,bank,add_income,1.0,221,,,,,,,,,,
Cobre 230 por venta realizada 20,ingreso,230,USD,sale,cash,add_income,1.0,230,,,,,,,,,,
Earned 239 from side job 21,ingreso,239,USD,work,,add_income,1.0,239,,,,,,,,,,
Me entro 248 por bono mensual 22,ingreso,248,USD,bonus,savings,add_income,1.0,248,,,,,,,,,,
Deposited 257 from refund case 23,ingreso,257,USD,refund,bank,add_income,1.0,257,,,,,,,,,,
Recibi 266 de salario del periodo 24,ingreso,266,USD,salary,bank,add_income,1.0,266,,,,,,,,,,
Me depositaron 275 por freelance 25,ingreso,275,USD,freelance,paypal,add_income,1.0,275,,,,,,,,,,
Received 284 from client invoice 26,ingreso,284,USD,freelance,checking,add_income,1.0,284,,,,,,,,,,
Got paid 293 as salary payment 27,ingreso,293,USD,salary,bank,add_income,1.0,293,,,,,,,,,,
Cobre 302 por venta realizada 28,ingreso,302,USD,sale,cash,add_income,1.0,302,,,,,,,,,,
Earned 311 from side job 29,ingreso,311,USD,work,,add_income,1.0,311,,,,,,,,,,
Me entro 320 por bono mensual 30,ingreso,320,USD,bonus,savings,add_income,1.0,320,,,,,,,,,,
Deposited 329 from refund case 31,ingreso,329,USD,refund,bank,add_income,1.0,329,,,,,,,,,,
Recibi 338 de salario del periodo 32,ingreso,338,USD,salary,bank,add_income,1.0,338,,,,,,,,,,
Me depositaron 347 por freelance 33,ingreso,347,USD,freelance,paypal,add_income,1.0,347,,,,,,,,,,
Received 356 from client invoice 34,ingreso,356,USD,freelance,checking,add_income,1.0,356,,,,,,,,,,
Got paid 365 as salary payment 35,ingreso,365,USD,salary,bank,add_income,1.0,365,,,,,,,,,,
Cobre 374 por venta realizada 36,ingreso,374,USD,sale,cash,add_income,1.0,374,,,,,,,,,,
Earned 383 from side job 37,ingreso,383,USD,work,,add_income,1.0,383,,,,,,,,,,
Me entro 392 por bono mensual 38,ingreso,392,USD,bonus,savings,add_income,1.0,392,,,,,,,,,,
Deposited 401 from refund case 39,ingreso,401,USD,refund,bank,add_income,1.0,401,,,,,,,,,,
Recibi 410 de salario del periodo 40,ingreso,410,USD,salary,bank,add_income,1.0,410,,,,,,,,,,
Me depositaron 419 por freelance 41,ingreso,419,USD,freelance,paypal,add_income,1.0,419,,,,,,,,,,
Received 428 from client invoice 42,ingreso,428,USD,freelance,checking,add_income,1.0,428,,,,,,,,,,
Got paid 437 as salary payment 43,ingreso,437,USD,salary,bank,add_income,1.0,437,,,,,,,,,,
Cobre 446 por venta realizada 44,ingreso,446,USD,sale,cash,add_income,1.0,446,,,,,,,,,,
Earned 455 from side job 45,ingreso,455,USD,work,,add_income,1.0,455,,,,,,,,,,
Me entro 464 por bono mensual 46,ingreso,464,USD,bonus,savings,add_income,1.0,464,,,,,,,,,,
Deposited 473 from refund case 47,ingreso,473,USD,refund,bank,add_income,1.0,473,,,,,,,,,,
Recibi 482 de salario del periodo 48,ingreso,482,USD,salary,bank,add_income,1.0,482,,,,,,,,,,
Me depositaron 491 por freelance 49,ingreso,491,USD,freelance,paypal,add_income,1.0,491,,,,,,,,,,
Received 500 from client invoice 50,ingreso,500,USD,freelance,checking,add_income,1.0,500,,,,,,,,,,
Got paid 509 as salary payment 51,ingreso,509,USD,salary,bank,add_income,1.0,509,,,,,,,,,,
Cobre 518 por venta realizada 52,ingreso,518,USD,sale,cash,add_income,1.0,518,,,,,,,,,,
Earned 527 from side job 53,ingreso,527,USD,work,,add_income,1.0,527,,,,,,,,,,
Me entro 536 por bono mensual 54,ingreso,536,USD,bonus,savings,add_income,1.0,536,,,,,,,,,,
Deposited 545 from refund case 55,ingreso,545,USD,refund,bank,add_income,1.0,545,,,,,,,,,,
Recibi 554 de salario del periodo 56,ingreso,554,USD,salary,bank,add_income,1.0,554,,,,,,,,,,
Me depositaron 563 por freelance 57,ingreso,563,USD,freelance,paypal,add_income,1.0,563,,,,,,,,,,
Received 572 from client invoice 58,ingreso,572,USD,freelance,checking,add_income,1.0,572,,,,,,,,,,
Got paid 581 as salary payment 59,ingreso,581,USD,salary,bank,add_income,1.0,581,,,,,,,,,,
Cobre 590 por venta realizada 60,ingreso,590,USD,sale,cash,add_income,1.0,590,,,,,,,,,,
Earned 599 from side job 61,ingreso,599,USD,work,,add_income,1.0,599,,,,,,,,,,
Me entro 608 por bono mensual 62,ingreso,608,USD,bonus,savings,add_income,1.0,608,,,,,,,,,,
Deposited 617 from refund case 63,ingreso,617,USD,refund,bank,add_income,1.0,617,,,,,,,,,,
Recibi 626 de salario del periodo 64,ingreso,626,USD,salary,bank,add_income,1.0,626,,,,,,,,,,
Me depositaron 635 por freelance 65,ingreso,635,USD,freelance,paypal,add_income,1.0,635,,,,,,,,,,
Received 644 from client invoice 66,ingreso,644,USD,freelance,checking,add_income,1.0,644,,,,,,,,,,
Got paid 653 as salary payment 67,ingreso,653,USD,salary,bank,add_income,1.0,653,,,,,,,,,,
Cobre 662 por venta realizada 68,ingreso,662,USD,sale,cash,add_income,1.0,662,,,,,,,,,,
Earned 671 from side job 69,ingreso,671,USD,work,,add_income,1.0,671,,,,,,,,,,
Me entro 680 por bono mensual 70,ingreso,680,USD,bonus,savings,add_income,1.0,680,,,,,,,,,,
Deposited 689 from refund case 71,ingreso,689,USD,refund,bank,add_income,1.0,689,,,,,,,,,,
Recibi 698 de salario del periodo 72,ingreso,698,USD,salary,bank,add_income,1.0,698,,,,,,,,,,
Me depositaron 707 por freelance 73,ingreso,707,USD,freelance,paypal,add_income,1.0,707,,,,,,,,,,
Received 716 from client invoice 74,ingreso,716,USD,freelance,checking,add_income,1.0,716,,,,,,,,,,
Got paid 725 as salary payment 75,ingreso,725,USD,salary,bank,add_income,1.0,725,,,,,,,,,,
Cobre 734 por venta realizada 76,ingreso,734,USD,sale,cash,add_income,1.0,734,,,,,,,,,,
Earned 743 from side job 77,ingreso,743,USD,work,,add_income,1.0,743,,,,,,,,,,
Me entro 752 por bono mensual 78,ingreso,752,USD,bonus,savings,add_income,1.0,752,,,,,,,,,,
Deposited 761 from refund case 79,ingreso,761,USD,refund,bank,add_income,1.0,761,,,,,,,,,,
Recibi 770 de salario del periodo 80,ingreso,770,USD,salary,bank,add_income,1.0,770,,,,,,,,,,
Me depositaron 779 por freelance 81,ingreso,779,USD,freelance,paypal,add_income,1.0,779,,,,,,,,,,
Received 788 from client invoice 82,ingreso,788,USD,freelance,checking,add_income,1.0,788,,,,,,,,,,
Got paid 797 as salary payment 83,ingreso,797,USD,salary,bank,add_income,1.0,797,,,,,,,,,,
Cobre 806 por venta realizada 84,ingreso,806,USD,sale,cash,add_income,1.0,806,,,,,,,,,,
Earned 815 from side job 85,ingreso,815,USD,work,,add_income,1.0,815,,,,,,,,,,
Me entro 824 por bono mensual 86,ingreso,824,USD,bonus,savings,add_income,1.0,824,,,,,,,,,,
Deposited 833 from refund case 87,ingreso,833,USD,refund,bank,add_income,1.0,833,,,,,,,,,,
Recibi 842 de salario del periodo 88,ingreso,842,USD,salary,bank,add_income,1.0,842,,,,,,,,,,
Me depositaron 851 por freelance 89,ingreso,851,USD,freelance,paypal,add_income,1.0,851,,,,,,,,,,
Received 860 from client invoice 90,ingreso,860,USD,freelance,checking,add_income,1.0,860,,,,,,,,,,
Got paid 869 as salary payment 91,ingreso,869,USD,salary,bank,add_income,1.0,869,,,,,,,,,,
Cobre 878 por venta realizada 92,ingreso,878,USD,sale,cash,add_income,1.0,878,,,,,,,,,,
Earned 887 from side job 93,ingreso,887,USD,work,,add_income,1.0,887,,,,,,,,,,
Me entro 896 por bono mensual 94,ingreso,896,USD,bonus,savings,add_income,1.0,896,,,,,,,,,,
Deposited 905 from refund case 95,ingreso,905,USD,refund,bank,add_income,1.0,905,,,,,,,,,,
Recibi 914 de salario del periodo 96,ingreso,914,USD,salary,bank,add_income,1.0,914,,,,,,,,,,
Me depositaron 923 por freelance 97,ingreso,923,USD,freelance,paypal,add_income,1.0,923,,,,,,,,,,
Received 932 from client invoice 98,ingreso,932,USD,freelance,checking,add_income,1.0,932,,,,,,,,,,
Got paid 941 as salary payment 99,ingreso,941,USD,salary,bank,add_income,1.0,941,,,,,,,,,,
Cobre 950 por venta realizada 100,ingreso,950,USD,sale,cash,add_income,1.0,950,,,,,,,,,,
Earned 959 from side job 101,ingreso,959,USD,work,,add_income,1.0,959,,,,,,,,,,
Me entro 968 por bono mensual 102,ingreso,968,USD,bonus,savings,add_income,1.0,968,,,,,,,,,,
Deposited 977 from refund case 103,ingreso,977,USD,refund,bank,add_income,1.0,977,,,,,,,,,,
Recibi 986 de salario del periodo 104,ingreso,986,USD,salary,bank,add_income,1.0,986,,,,,,,,,,
Me depositaron 995 por freelance 105,ingreso,995,USD,freelance,paypal,add_income,1.0,995,,,,,,,,,,
Received 1004 from client invoice 106,ingreso,1004,USD,freelance,checking,add_income,1.0,1004,,,,,,,,,,
Got paid 1013 as salary payment 107,ingreso,1013,USD,salary,bank,add_income,1.0,1013,,,,,,,,,,
Cobre 1022 por venta realizada 108,ingreso,1022,USD,sale,cash,add_income,1.0,1022,,,,,,,,,,
Earned 1031 from side job 109,ingreso,1031,USD,work,,add_income,1.0,1031,,,,,,,,,,
Me entro 1040 por bono mensual 110,ingreso,1040,USD,bonus,savings,add_income,1.0,1040,,,,,,,,,,
Deposited 1049 from refund case 111,ingreso,1049,USD,refund,bank,add_income,1.0,1049,,,,,,,,,,
Recibi 1058 de salario del periodo 112,ingreso,1058,USD,salary,bank,add_income,1.0,1058,,,,,,,,,,
Me depositaron 1067 por freelance 113,ingreso,1067,USD,freelance,paypal,add_income,1.0,1067,,,,,,,,,,
Received 1076 from client invoice 114,ingreso,1076,USD,freelance,checking,add_income,1.0,1076,,,,,,,,,,
Got paid 1085 as salary payment 115,ingreso,1085,USD,salary,bank,add_income,1.0,1085,,,,,,,,,,
Cobre 1094 por venta realizada 116,ingreso,1094,USD,sale,cash,add_income,1.0,1094,,,,,,,,,,
Earned 1103 from side job 117,ingreso,1103,USD,work,,add_income,1.0,1103,,,,,,,,,,
Me entro 1112 por bono mensual 118,ingreso,1112,USD,bonus,savings,add_income,1.0,1112,,,,,,,,,,
Deposited 1121 from refund case 119,ingreso,1121,USD,refund,bank,add_income,1.0,1121,,,,,,,,,,
Recibi 1130 de salario del periodo 120,ingreso,1130,USD,salary,bank,add_income,1.0,1130,,,,,,,,,,
Me depositaron 1139 por freelance 121,ingreso,1139,USD,freelance,paypal,add_income,1.0,1139,,,,,,,,,,
Received 1148 from client invoice 122,ingreso,1148,USD,freelance,checking,add_income,1.0,1148,,,,,,,,,,
Got paid 1157 as salary payment 123,ingreso,1157,USD,salary,bank,add_income,1.0,1157,,,,,,,,,,
Cobre 1166 por venta realizada 124,ingreso,1166,USD,sale,cash,add_income,1.0,1166,,,,,,,,,,
Earned 1175 from side job 125,ingreso,1175,USD,work,,add_income,1.0,1175,,,,,,,,,,
Me entro 1184 por bono mensual 126,ingreso,1184,USD,bonus,savings,add_income,1.0,1184,,,,,,,,,,
Deposited 1193 from refund case 127,ingreso,1193,USD,refund,bank,add_income,1.0,1193,,,,,,,,,,
Recibi 1202 de salario del periodo 128,ingreso,1202,USD,salary,bank,add_income,1.0,1202,,,,,,,,,,
Me depositaron 1211 por freelance 129,ingreso,1211,USD,freelance,paypal,add_income,1.0,1211,,,,,,,,,,
Received 1220 from client invoice 130,ingreso,1220,USD,freelance,checking,add_income,1.0,1220,,,,,,,,,,
Got paid 1229 as salary payment 131,ingreso,1229,USD,salary,bank,add_income,1.0,1229,,,,,,,,,,
Cobre 1238 por venta realizada 132,ingreso,1238,USD,sale,cash,add_income,1.0,1238,,,,,,,,,,
Earned 1247 from side job 133,ingreso,1247,USD,work,,add_income,1.0,1247,,,,,,,,,,
Me entro 1256 por bono mensual 134,ingreso,1256,USD,bonus,savings,add_income,1.0,1256,,,,,,,,,,
Deposited 1265 from refund case 135,ingreso,1265,USD,refund,bank,add_income,1.0,1265,,,,,,,,,,
Recibi 1274 de salario del periodo 136,ingreso,1274,USD,salary,bank,add_income,1.0,1274,,,,,,,,,,
Me depositaron 1283 por freelance 137,ingreso,1283,USD,freelance,paypal,add_income,1.0,1283,,,,,,,,,,
Received 1292 from client invoice 138,ingreso,1292,USD,freelance,checking,add_income,1.0,1292,,,,,,,,,,
Got paid 1301 as salary payment 139,ingreso,1301,USD,salary,bank,add_income,1.0,1301,,,,,,,,,,
Cobre 1310 por venta realizada 140,ingreso,1310,USD,sale,cash,add_income,1.0,1310,,,,,,,,,,
Earned 1319 from side job 141,ingreso,1319,USD,work,,add_income,1.0,1319,,,,,,,,,,
Me entro 1328 por bono mensual 142,ingreso,1328,USD,bonus,savings,add_income,1.0,1328,,,,,,,,,,
Deposited 1337 from refund case 143,ingreso,1337,USD,refund,bank,add_income,1.0,1337,,,,,,,,,,
Recibi 1346 de salario del periodo 144,ingreso,1346,USD,salary,bank,add_income,1.0,1346,,,,,,,,,,
Me depositaron 1355 por freelance 145,ingreso,1355,USD,freelance,paypal,add_income,1.0,1355,,,,,,,,,,
Received 1364 from client invoice 146,ingreso,1364,USD,freelance,checking,add_income,1.0,1364,,,,,,,,,,
Got paid 1373 as salary payment 147,ingreso,1373,USD,salary,bank,add_income,1.0,1373,,,,,,,,,,
Cobre 1382 por venta realizada 148,ingreso,1382,USD,sale,cash,add_income,1.0,1382,,,,,,,,,,
Earned 1391 from side job 149,ingreso,1391,USD,work,,add_income,1.0,1391,,,,,,,,,,
Me entro 1400 por bono mensual 150,ingreso,1400,USD,bonus,savings,add_income,1.0,1400,,,,,,,,,,
Deposited 1409 from refund case 151,ingreso,1409,USD,refund,bank,add_income,1.0,1409,,,,,,,,,,
Recibi 1418 de salario del periodo 152,ingreso,1418,USD,salary,bank,add_income,1.0,1418,,,,,,,,,,
Me depositaron 1427 por freelance 153,ingreso,1427,USD,freelance,paypal,add_income,1.0,1427,,,,,,,,,,
Received 1436 from client invoice 154,ingreso,1436,USD,freelance,checking,add_income,1.0,1436,,,,,,,,,,
Got paid 1445 as salary payment 155,ingreso,1445,USD,salary,bank,add_income,1.0,1445,,,,,,,,,,
Cobre 1454 por venta realizada 156,ingreso,1454,USD,sale,cash,add_income,1.0,1454,,,,,,,,,,
Earned 1463 from side job 157,ingreso,1463,USD,work,,add_income,1.0,1463,,,,,,,,,,
Me entro 1472 por bono mensual 158,ingreso,1472,USD,bonus,savings,add_income,1.0,1472,,,,,,,,,,
Deposited 1481 from refund case 159,ingreso,1481,USD,refund,bank,add_income,1.0,1481,,,,,,,,,,
Recibi 1490 de salario del periodo 160,ingreso,1490,USD,salary,bank,add_income,1.0,1490,,,,,,,,,,
Me depositaron 1499 por freelance 161,ingreso,1499,USD,freelance,paypal,add_income,1.0,1499,,,,,,,,,,
Received 1508 from client invoice 162,ingreso,1508,USD,freelance,checking,add_income,1.0,1508,,,,,,,,,,
Got paid 1517 as salary payment 163,ingreso,1517,USD,salary,bank,add_income,1.0,1517,,,,,,,,,,
Cobre 1526 por venta realizada 164,ingreso,1526,USD,sale,cash,add_income,1.0,1526,,,,,,,,,,
Earned 1535 from side job 165,ingreso,1535,USD,work,,add_income,1.0,1535,,,,,,,,,,
Me entro 1544 por bono mensual 166,ingreso,1544,USD,bonus,savings,add_income,1.0,1544,,,,,,,,,,
Deposited 1553 from refund case 167,ingreso,1553,USD,refund,bank,add_income,1.0,1553,,,,,,,,,,
Recibi 1562 de salario del periodo 168,ingreso,1562,USD,salary,bank,add_income,1.0,1562,,,,,,,,,,
Me depositaron 1571 por freelance 169,ingreso,1571,USD,freelance,paypal,add_income,1.0,1571,,,,,,,,,,
Received 1580 from client invoice 170,ingreso,1580,USD,freelance,checking,add_income,1.0,1580,,,,,,,,,,
Got paid 1589 as salary payment 171,ingreso,1589,USD,salary,bank,add_income,1.0,1589,,,,,,,,,,
Cobre 1598 por venta realizada 172,ingreso,1598,USD,sale,cash,add_income,1.0,1598,,,,,,,,,,
Earned 1607 from side job 173,ingreso,1607,USD,work,,add_income,1.0,1607,,,,,,,,,,
Me entro 1616 por bono mensual 174,ingreso,1616,USD,bonus,savings,add_income,1.0,1616,,,,,,,,,,
Deposited 1625 from refund case 175,ingreso,1625,USD,refund,bank,add_income,1.0,1625,,,,,,,,,,
Recibi 1634 de salario del periodo 176,ingreso,1634,USD,salary,bank,add_income,1.0,1634,,,,,,,,,,
Me depositaron 1643 por freelance 177,ingreso,1643,USD,freelance,paypal,add_income,1.0,1643,,,,,,,,,,
Received 1652 from client invoice 178,ingreso,1652,USD,freelance,checking,add_income,1.0,1652,,,,,,,,,,
Got paid 1661 as salary payment 179,ingreso,1661,USD,salary,bank,add_income,1.0,1661,,,,,,,,,,
Cobre 1670 por venta realizada 180,ingreso,1670,USD,sale,cash,add_income,1.0,1670,,,,,,,,,,
Earned 1679 from side job 181,ingreso,1679,USD,work,,add_income,1.0,1679,,,,,,,,,,
Me entro 1688 por bono mensual 182,ingreso,1688,USD,bonus,savings,add_income,1.0,1688,,,,,,,,,,
Deposited 1697 from refund case 183,ingreso,1697,USD,refund,bank,add_income,1.0,1697,,,,,,,,,,
Recibi 1706 de salario del periodo 184,ingreso,1706,USD,salary,bank,add_income,1.0,1706,,,,,,,,,,
Me depositaron 1715 por freelance 185,ingreso,1715,USD,freelance,paypal,add_income,1.0,1715,,,,,,,,,,
Received 1724 from client invoice 186,ingreso,1724,USD,freelance,checking,add_income,1.0,1724,,,,,,,,,,
Got paid 1733 as salary payment 187,ingreso,1733,USD,salary,bank,add_income,1.0,1733,,,,,,,,,,
Cobre 1742 por venta realizada 188,ingreso,1742,USD,sale,cash,add_income,1.0,1742,,,,,,,,,,
Earned 1751 from side job 189,ingreso,1751,USD,work,,add_income,1.0,1751,,,,,,,,,,
Me entro 1760 por bono mensual 190,ingreso,1760,USD,bonus,savings,add_income,1.0,1760,,,,,,,,,,
Deposited 1769 from refund case 191,ingreso,1769,USD,refund,bank,add_income,1.0,1769,,,,,,,,,,
Recibi 1778 de salario del periodo 192,ingreso,1778,USD,salary,bank,add_income,1.0,1778,,,,,,,,,,
Me depositaron 1787 por freelance 193,ingreso,1787,USD,freelance,paypal,add_income,1.0,1787,,,,,,,,,,
Received 1796 from client invoice 194,ingreso,1796,USD,freelance,checking,add_income,1.0,1796,,,,,,,,,,
Got paid 1805 as salary payment 195,ingreso,1805,USD,salary,bank,add_income,1.0,1805,,,,,,,,,,
Cobre 1814 por venta realizada 196,ingreso,1814,USD,sale,cash,add_income,1.0,1814,,,,,,,,,,
Earned 1823 from side job 197,ingreso,1823,USD,work,,add_income,1.0,1823,,,,,,,,,,
Me entro 1832 por bono mensual 198,ingreso,1832,USD,bonus,savings,add_income,1.0,1832,,,,,,,,,,
Deposited 1841 from refund case 199,ingreso,1841,USD,refund,bank,add_income,1.0,1841,,,,,,,,,,
Recibi 1850 de salario del periodo 200,ingreso,1850,USD,salary,bank,add_income,1.0,1850,,,,,,,,,,
"Me re fundí anoche, 2 lucas verdes en la joda",gasto,2000,USD,fiesta,,add_expense,1.0,2000,,,,,,,,,,
Me patiné 500 pe en la birra del finde,gasto,500,ARS,bebidas,,add_expense,1.0,500,,,,,,,,,,
Volé 300 gambas en la cena con la flaca,gasto,300,ARS,restaurante,,add_expense,1.0,300,,,,,,,,,,
Me sangraron 100 dolares en la farmacia,gasto,100,USD,salud,,add_expense,1.0,100,,,,,,,,,,
Me chorearon 800 pesos en la verdulería,gasto,800,ARS,comida,,add_expense,1.0,800,,,,,,,,,,
Me esfumaron 1500 mangos en el super,gasto,1500,ARS,supermercado,,add_expense,1.0,1500,,,,,,,,,,
Me dejé 200 lucas en la nafta,gasto,200,ARS,combustible,,add_expense,1.0,200,,,,,,,,,,
Me clavé 600 pesos en la entrada del recital,gasto,600,ARS,entretenimiento,,add_expense,1.0,600,,,,,,,,,,
Me saqué 300 gambas de la billetera para la salida,gasto,300,ARS,ocio,,add_expense,1.0,300,,,,,,,,,,
Me fundí la quincena en ropa,gasto,4500,ARS,vestimenta,,add_expense,1.0,4500,,,,,,,,,,
Me quemé 120 lucas en el boliche,gasto,120,ARS,fiesta,,add_expense,1.0,120,,,,,,,,,,
Me garche 400 pesos en el pedido de comida,gasto,400,ARS,delivery,,add_expense,1.0,400,,,,,,,,,,
Me volé 50 dolares en esa app de citas,gasto,50,USD,entretenimiento,,add_expense,1.0,50,,,,,,,,,,
Me patiné la tarjeta en zapatillas,gasto,8500,ARS,vestimenta,tarjeta credito,add_expense,1.0,8500,,,,,,,,,,
Me comí 300 pesos en helado,gasto,300,ARS,comida,,add_expense,1.0,300,,,,,,,,,,
Me clavé el sueldo en el super,gasto,45000,ARS,supermercado,,add_expense,1.0,45000,,,,,,,,,,
Me dejé medio aguinaldo en el arreglo del auto,gasto,25000,ARS,automovil,,add_expense,1.0,25000,,,,,,,,,,
Me espiantaron 200 dolares en el concierto,gasto,200,USD,entretenimiento,,add_expense,1.0,200,,,,,,,,,,
Me re cabió 800 pesos de multa,gasto,800,ARS,multas,,add_expense,1.0,800,,,,,,,,,,
Me afanaron 1500 en el estacionamiento,gasto,1500,ARS,transporte,,add_expense,1.0,1500,,,,,,,,,,
Me llegó la platita del laburo,ingreso,60000,ARS,sueldo,,add_income,1.0,60000,,,,,,,,,,
"Me entró la beca, 300 lucas",ingreso,300000,ARS,educacion,,add_income,1.0,300000,,,,,,,,,,
Me depositaron los verdes del laburo de afuera,ingreso,1500,USD,freelance,,add_income,1.0,1500,,,,,,,,,,
Cobré las chirolas del seguro,ingreso,8000,ARS,seguro,,add_income,1.0,8000,,,,,,,,,,
Me ingresaron las morlacos del alquiler,ingreso,35000,ARS,renta,,add_income,1.0,35000,,,,,,,,,,
Llegaron los billetes de la venta de la bici,ingreso,15000,ARS,venta,,add_income,1.0,15000,,,,,,,,,,
Me entraron 200 gambas de la abuela,ingreso,200,ARS,regalo,,add_income,1.0,200,,,,,,,,,,
Cobré el plus del laburo,ingreso,12000,ARS,bonificacion,,add_income,1.0,12000,,,,,,,,,,
Me llegó la guita de la tarjeta de crédito,ingreso,5000,ARS,reembolso,tarjeta credito,add_income,1.0,5000,,,,,,,,,,
Me depositaron los mangos de la devolución,ingreso,3400,ARS,impuestos,,add_income,1.0,3400,,,,,,,,,,
Me entró la plata de la rifa,ingreso,5000,ARS,juego,,add_income,1.0,5000,,,,,,,,,,
Cobré los verdes de la beca,ingreso,800,USD,educacion,,add_income,1.0,800,,,,,,,,,,
Me ingresaron los pesos de la venta de la guitarra,ingreso,25000,ARS,venta,,add_income,1.0,25000,,,,,,,,,,
Llegó la platita del estado,ingreso,18000,ARS,subsidio,,add_income,1.0,18000,,,,,,,,,,
Me entraron 100 dolares de un favor,ingreso,100,USD,otros,,add_income,1.0,100,,,,,,,,,,
"Cobré el aguinaldo, llegó la platita",ingreso,35000,ARS,aguinaldo,,add_income,1.0,35000,,,,,,,,,,
Me depositaron las lucas del alquiler,ingreso,40000,ARS,renta,,add_income,1.0,40000,,,,,,,,,,
Llegaron los billetes de la tarjeta,ingreso,20000,ARS,,tarjeta,add_income,1.0,20000,,,,,,,,,,
Me entró la moneda del exterior,ingreso,600,EUR,freelance,,add_income,1.0,600,,,,,,,,,,
Cobré las 100 lucas del seguro,ingreso,100000,ARS,seguro,,add_income,1.0,100000,,,,,,,,,,
Me re cabió 300 del reintegro de la obra social,ingreso,300,ARS,reembolso,,add_income,1.0,300,,,,,,,,,,
Me saqué 200 del cajero de la esquina,gasto,200,ARS,,cajero,add_expense,1.0,200,,,,,,,,,,
Metí 500 al cajero del banco provincia,ingreso,500,ARS,,banco provincia,add_income,1.0,500,,,,,,,,,,
Le metí 3000 a la cuenta de MercadoPago,ingreso,3000,ARS,,MercadoPago,add_income,1.0,3000,,,,,,,,,,
Le cargué 1500 a la Ualá,ingreso,1500,ARS,,Ualá,add_income,1.0,1500,,,,,,,,,,
Me gasté los 4000 de la tarjeta de crédito en la farmacia,gasto,4000,ARS,salud,tarjeta credito,add_expense,1.0,4000,,,,,,,,,,
Le metí 100 dolares a la cuenta en dolares,ingreso,100,USD,,cuenta dolares,add_income,1.0,100,,,,,,,,,,
Me transfirieron 5000 a la caja de ahorros,ingreso,5000,ARS,,caja ahorros,add_income,1.0,5000,,,,,,,,,,
Me cobraron 800 del mantenimiento de la cuenta,gasto,800,ARS,comisiones,cuenta,add_expense,1.0,800,,,,,,,,,,
Me debitaron 200 del seguro de la tarjeta,gasto,200,ARS,seguros,tarjeta,add_expense,1.0,200,,,,,,,,,,
Me sacaron 150 de impuestos del cajero,gasto,150,ARS,impuestos,cajero,add_expense,1.0,150,,,,,,,,,,
I blew 200 bucks at the bar last night,expense,200,USD,nightlife,,add_expense,1.0,200,,,,,,,,,,
I dropped 50 bucks on tacos,expense,50,USD,food,,add_expense,1.0,50,,,,,,,,,,
I shelled out 300 for those sneakers,expense,300,USD,clothing,,add_expense,1.0,300,,,,,,,,,,
I got ripped off 100 bucks at the mechanic,expense,100,USD,automotive,,add_expense,1.0,100,,,,,,,,,,
I burned 80 bucks on gas this week,expense,80,USD,fuel,,add_expense,1.0,80,,,,,,,,,,
I blew my paycheck on the weekend,expense,1200,USD,fiesta,,add_expense,1.0,1200,,,,,,,,,,
I dropped a grand on that concert,expense,1000,USD,entertainment,,add_expense,1.0,1000,,,,,,,,,,
I coughed up 200 for the dinner,expense,200,USD,restaurant,,add_expense,1.0,200,,,,,,,,,,
I forked out 500 for the repair,expense,500,USD,reparaciones,,add_expense,1.0,500,,,,,,,,,,
I splurged 300 on makeup,expense,300,USD,belleza,,add_expense,1.0,300,,,,,,,,,,
I dropped some serious cash on that bag,expense,450,USD,accesorios,,add_expense,1.0,450,,,,,,,,,,
I blew all my money on drinks,expense,150,USD,bebidas,,add_expense,1.0,150,,,,,,,,,,
I dumped 200 into my car,expense,200,USD,automovil,,add_expense,1.0,200,,,,,,,,,,
I wasted 50 bucks on that useless gadget,expense,50,USD,electronica,,add_expense,1.0,50,,,,,,,,,,
I threw away 100 on lottery tickets,expense,100,USD,juego,,add_expense,1.0,100,,,,,,,,,,
I pissed away 300 at the casino,expense,300,USD,gambling,,add_expense,1.0,300,,,,,,,,,,
I sank 500 into that project,expense,500,USD,proyecto,,add_expense,1.0,500,,,,,,,,,,
I sunk 2000 into fixing the house,expense,2000,USD,hogar,,add_expense,1.0,2000,,,,,,,,,,
I dumped cash into the slot machine,expense,100,USD,gambling,,add_expense,1.0,100,,,,,,,,,,
I maxed out my card on clothes,expense,500,USD,vestimenta,tarjeta,add_expense,1.0,500,,,,,,,,,,
I cleaned out my savings on vacation,expense,3000,USD,viajes,ahorros,add_expense,1.0,3000,,,,,,,,,,
I got paid big bucks this month,income,5000,USD,salary,,add_income,1.0,5000,,,,,,,,,,
I scored 200 from my side gig,income,200,USD,freelance,,add_income,1.0,200,,,,,,,,,,
I made bank on that deal,income,3000,USD,venta,,add_income,1.0,3000,,,,,,,,,,
I got a nice chunk of change from my bonus,income,2500,USD,bonus,,add_income,1.0,2500,,,,,,,,,,
I raked in 500 from selling stuff,income,500,USD,venta,,add_income,1.0,500,,,,,,,,,,
I pulled in 300 from the garage sale,income,300,USD,venta,,add_income,1.0,300,,,,,,,,,,
I got a fat check from insurance,income,2000,USD,insurance,,add_income,1.0,2000,,,,,,,,,,
I cashed out 1000 from stocks,income,1000,USD,inversiones,,add_income,1.0,1000,,,,,,,,,,
I got a nice deposit from the client,income,1500,USD,freelance,,add_income,1.0,1500,,,,,,,,,,
I scored some cash from my grandma,income,200,USD,gift,,add_income,1.0,200,,,,,,,,,,
I got some dough from the government,income,800,USD,tax refund,,add_income,1.0,800,,,,,,,,,,
I raked in the cash this month,income,4000,USD,salary,,add_income,1.0,4000,,,,,,,,,,
I pulled down 600 from that gig,income,600,USD,freelance,,add_income,1.0,600,,,,,,,,,,
I pocketed 300 from the bet,income,300,USD,gambling,,add_income,1.0,300,,,,,,,,,,
I cleared 1000 from the poker game,income,1000,USD,gambling,,add_income,1.0,1000,,,,,,,,,,
I netted 500 from the crypto,income,500,USD,inversiones,,add_income,1.0,500,,,,,,,,,,
I took home 800 this week,income,800,USD,salary,,add_income,1.0,800,,,,,,,,,,
I banked 200 from the focus group,income,200,USD,otros,,add_income,1.0,200,,,,,,,,,,
I got a windfall of 5000,income,5000,USD,herencia,,add_income,1.0,5000,,,,,,,,,,
I hit the jackpot with 1000,income,1000,USD,premio,,add_income,1.0,1000,,,,,,,,,,
I scored big on that investment,income,3000,USD,inversiones,,add_income,1.0,3000,,,,,,,,,,
I got a nice little bump in my paycheck,income,200,USD,salary,,add_income,1.0,200,,,,,,,,,,
I made a killing on Facebook marketplace,income,600,USD,venta,,add_income,1.0,600,,,,,,,,,,
I cleaned up at the casino last night,income,800,USD,gambling,,add_income,1.0,800,,,,,,,,,,
I got some extra bread from overtime,income,400,USD,trabajo,,add_income,1.0,400,,,,,,,,,,
I deposited 500 into my Chase account,income,500,USD,,Chase,add_income,1.0,500,,,,,,,,,,
I pulled 200 from the ATM on the corner,expense,200,USD,,ATM,add_expense,1.0,200,,,,,,,,,,
I transferred 300 to my savings,ingreso,300,USD,,savings,add_income,1.0,300,,,,,,,,,,
I loaded up my Venmo with 150,ingreso,150,USD,,Venmo,add_income,1.0,150,,,,,,,,,,
I paid 400 with my Amex for the flight,expense,400,USD,travel,Amex,add_expense,1.0,400,,,,,,,,,,
I withdrew 100 from the Wells Fargo,expense,100,USD,,Wells Fargo,add_expense,1.0,100,,,,,,,,,,
I moved 2000 to my investment account,ingreso,2000,USD,,investment,add_income,1.0,2000,,,,,,,,,,
I dumped 500 into my Robinhood account,ingreso,500,USD,,Robinhood,add_income,1.0,500,,,,,,,,,,
I hit up the Chase ATM for 60 bucks,expense,60,USD,,Chase,add_expense,1.0,60,,,,,,,,,,
I swiped my card for 300 at the grocery store,expense,300,USD,groceries,credit card,add_expense,1.0,300,,,,,,,,,,
I tapped my phone for 50 on the subway,expense,50,USD,transport,phone,add_expense,1.0,50,,,,,,,,,,
I zelled 200 to my friend,gasto,200,USD,,Zelle,add_expense,1.0,200,,,,,,,,,,
I venmoed 30 for the pizza,gasto,30,USD,food,Venmo,add_expense,1.0,30,,,,,,,,,,
I cashapped 100 for the tickets,gasto,100,USD,entertainment,CashApp,add_expense,1.0,100,,,,,,,,,,
Gaste 1000 dolares en hospedaje de mi cuenta de salario,gasto,1000,USD,hospedaje,salario,add_expense,1.0,1000,,,,,,,,,,
Gaste 1000 dolares en ospedaje,gasto,1000,USD,hospedaje,,add_expense,1.0,1000,,,,,,,,,,
Me quema 200 lucas enla rumba de aier,gasto,200,ARS,ocio,,add_expense,1.0,200,,,,,,,,,,
Gazte 500 pesos en el super,gasto,500,MXN,supermercado,,add_expense,1.0,500,,,,,,,,,,
Page 30 euros de lus,gasto,30,EUR,servicios,,add_expense,1.0,30,,,,,,,,,,
Compre el super x 300 pesos,gasto,300,MXN,alimentacion,,add_expense,1.0,300,,,,,,,,,,
Me cobraron 25 dolares del netflix,gasto,25,USD,streaming,,add_expense,1.0,25,,,,,,,,,,
Sali a cenar y gaste 800 baros,gasto,800,MXN,restaurante,,add_expense,1.0,800,,,,,,,,,,
Meti 500 pesos de gasolina,gasto,500,MXN,transporte,,add_expense,1.0,500,,,,,,,,,,
Transferi 2000 para el alquiler,gasto,2000,ARS,vivienda,,add_expense,1.0,2000,,,,,,,,,,
Pague 30 euros del gimnasio,gasto,30,EUR,salud,,add_expense,1.0,30,,,,,,,,,,
Me patine 150 lucas enropa,gasto,150,ARS,vestimenta,,add_expense,1.0,150,,,,,,,,,,
Compre pasajes x 400 dolares,gasto,400,USD,viajes,,add_expense,1.0,400,,,,,,,,,,
Page la universidad 5000 pesos,gasto,5000,MXN,educacion,,add_expense,1.0,5000,,,,,,,,,,
De 100 lukas el corte de pelo,gasto,100,ARS,belleza,,add_expense,1.0,100,,,,,,,,,,
Compre un regalo d 600 pesos,gasto,600,MXN,regalos,,add_expense,1.0,600,,,,,,,,,,
Page 15 dolares del spotifi,gasto,15,USD,streaming,,add_expense,1.0,15,,,,,,,,,,
Sali de compras y gaste 1200,gasto,1200,,compras,,add_expense,1.0,1200,,,,,,,,,,
Meti plata al colectibo 80 pesos,gasto,80,MXN,transporte,,add_expense,1.0,80,,,,,,,,,,
Compre vino x 300,gasto,300,,bebidas,,add_expense,1.0,300,,,,,,,,,,
Page la factura del celular 500,gasto,500,,servicios,,add_expense,1.0,500,,,,,,,,,,
De 2000 de expensas,gasto,2000,ARS,vivienda,,add_expense,1.0,2000,,,,,,,,,,
Recibi el sueldo de 50000 pesos,ingreso,50000,MXN,salario,,add_income,1.0,50000,,,,,,,,,,
Me depositaron 1000 dolares de freelan,ingreso,1000,USD,freelance,,add_income,1.0,1000,,,,,,,,,,
Llego el aguinaldo 20000,ingreso,20000,,aguinaldo,,add_income,1.0,20000,,,,,,,,,,
Me pagaron 300 euros del proyecto,ingreso,300,EUR,trabajo,,add_income,1.0,300,,,,,,,,,,
Recupere 500 pesos d un reintegro,ingreso,500,MXN,reembolso,,add_income,1.0,500,,,,,,,,,,
Me entraron 200 dolares de regalo,ingreso,200,USD,regalo,,add_income,1.0,200,,,,,,,,,,
Gane 1000 en el casino,ingreso,1000,,juego,,add_income,1.0,1000,,,,,,,,,,
Recibi transferencia de 1500,ingreso,1500,,,,add_income,1.0,1500,,,,,,,,,,
Me depositaron el bono de 3000,ingreso,3000,,bonificacion,,add_income,1.0,3000,,,,,,,,,,
Vendi la bicicleta en 5000,ingreso,5000,,venta,,add_income,1.0,5000,,,,,,,,,,
Me pagaron el seguro 800,ingreso,800,,seguro,,add_income,1.0,800,,,,,,,,,,
Recupere iva 200 pesos,ingreso,200,MXN,impuestos,,add_income,1.0,200,,,,,,,,,,
Me ingresaron 50 dolares d intereses,ingreso,50,USD,inversiones,,add_income,1.0,50,,,,,,,,,,
Recibi 300 de un cliente,ingreso,300,,venta,,add_income,1.0,300,,,,,,,,,,
Me depositaron el alquiler 7000,ingreso,7000,,renta,,add_income,1.0,7000,,,,,,,,,,
Llego la beca de 2000,ingreso,2000,,educacion,,add_income,1.0,2000,,,,,,,,,,
Me pagaron las vacaciones 15000,ingreso,15000,,trabajo,,add_income,1.0,15000,,,,,,,,,,
Recibi devolucion de impuestos 400,ingreso,400,,impuestos,,add_income,1.0,400,,,,,,,,,,
Me entraron 600 de una apuesta,ingreso,600,,juego,,add_income,1.0,600,,,,,,,,,,
Cobre el seguro de desempleo 5000,ingreso,5000,,seguro,,add_income,1.0,5000,,,,,,,,,,
Gaste 200 dolares de la tarjeta de credito en cena,gasto,200,USD,restaurante,tarjeta credito,add_expense,1.0,200,,,,,,,,,,
Gaste 200 dolares de la targeta de credito en cena,gasto,200,USD,restaurante,tarjeta credito,add_expense,1.0,200,,,,,,,,,,
Compre con debito 500 pesos en farmacia,gasto,500,MXN,salud,debito,add_expense,1.0,500,,,,,,,,,,
Compre con debito 500 pesos en farmasia,gasto,500,MXN,salud,debito,add_expense,1.0,500,,,,,,,,,,
Me depositaron en la caja de ahorros 3000,ingreso,3000,,,caja ahorros,add_income,1.0,3000,,,,,,,,,,
Me depositaron en la caja d ahorros 3000,ingreso,3000,,,caja ahorros,add_income,1.0,3000,,,,,,,,,,
Pague del banco nacion la facultad 2000,gasto,2000,ARS,educacion,banco nacion,add_expense,1.0,2000,,,,,,,,,,
Pague del banco nacion la facu 2000,gasto,2000,ARS,educacion,banco nacion,add_expense,1.0,2000,,,,,,,,,,
Transferi desde Santander 400 euros,gasto,400,EUR,,Santander,add_expense,1.0,400,,,,,,,,,,
Tranferi desde Santander 400 euros,gasto,400,EUR,,Santander,add_expense,1.0,400,,,,,,,,,,
Saquee 100 dolares del cajero de Galicia,gasto,100,USD,,Galicia,add_expense,1.0,100,,,,,,,,,,
Saque 100 dolares del cajero de Galisia,gasto,100,USD,,Galicia,add_expense,1.0,100,,,,,,,,,,
Meti plata a la cuenta de Brubank 5000,ingreso,5000,ARS,,Brubank,add_income,1.0,5000,,,,,,,,,,
Mete plata a la cuenta de Brubank 5000,ingreso,5000,ARS,,Brubank,add_income,1.0,5000,,,,,,,,,,
Pague con la American Express 300 dolares,gasto,300,USD,,American Express,add_expense,1.0,300,,,,,,,,,,
Pague con la amerikan expres 300 dolares,gasto,300,USD,,American Express,add_expense,1.0,300,,,,,,,,,,
Recibi transferencia a mi cuenta del BBVA 10000,ingreso,10000,,,BBVA,add_income,1.0,10000,,,,,,,,,,
De la cuenta de ahorros pague el seguro 800,gasto,800,,seguro,cuenta ahorros,add_expense,1.0,800,,,,,,,,,,
De la cuenta de ahorros page el seguro 800,gasto,800,,seguro,cuenta ahorros,add_expense,1.0,800,,,,,,,,,,
Me re fundi anoche 2 lukas verdes en la joda,gasto,2000,USD,fiesta,,add_expense,1.0,2000,,,,,,,,,,
Me patine 500 pe en la birra del fin de,gasto,500,ARS,bebidas,,add_expense,1.0,500,,,,,,,,,,
Me patine 500 pe en la birra del finde,gasto,500,ARS,bebidas,,add_expense,1.0,500,,,,,,,,,,
Vole 300 gambas en la cena con la flaca,gasto,300,ARS,restaurante,,add_expense,1.0,300,,,,,,,,,,
Me sangraron 100 dolares en la farmasia,gasto,100,USD,salud,,add_expense,1.0,100,,,,,,,,,,
Me chorearon 800 pesos en la verduleria,gasto,800,ARS,comida,,add_expense,1.0,800,,,,,,,,,,
Me deje 200 lukas en la nafta,gasto,200,ARS,combustible,,add_expense,1.0,200,,,,,,,,,,
Me clave 600 pesos en la entrada del recital,gasto,600,ARS,entretenimiento,,add_expense,1.0,600,,,,,,,,,,
Me saque 300 gambas de la billetera para la salida,gasto,300,ARS,ocio,,add_expense,1.0,300,,,,,,,,,,
Me fundi la quinsena en ropa,gasto,4500,ARS,vestimenta,,add_expense,1.0,4500,,,,,,,,,,
Me queme 120 lucas en el boliche,gasto,120,ARS,fiesta,,add_expense,1.0,120,,,,,,,,,,
Me garpe 400 pesos en el pedido de comida,gasto,400,ARS,delivery,,add_expense,1.0,400,,,,,,,,,,
Me vole 50 dolares en esa app de citas,gasto,50,USD,entretenimiento,,add_expense,1.0,50,,,,,,,,,,
Me patine la tarjeta en zapatiyas,gasto,8500,ARS,vestimenta,tarjeta credito,add_expense,1.0,8500,,,,,,,,,,
Me comi 300 pesos en elado,gasto,300,ARS,comida,,add_expense,1.0,300,,,,,,,,,,
Me clave el sueldo en el super,gasto,45000,ARS,supermercado,,add_expense,1.0,45000,,,,,,,,,,
Me deje medio aguinaldo en el arreglo del auto,gasto,25000,ARS,automovil,,add_expense,1.0,25000,,,,,,,,,,
Me re cabio 800 pesos de multa,gasto,800,ARS,multas,,add_expense,1.0,800,,,,,,,,,,
Me llego la platita del laburo,ingreso,60000,ARS,sueldo,,add_income,1.0,60000,,,,,,,,,,
Me entro la beca 300 lukas,ingreso,300000,ARS,educacion,,add_income,1.0,300000,,,,,,,,,,
Cobre las chirolas del seguro,ingreso,8000,ARS,seguro,,add_income,1.0,8000,,,,,,,,,,
Cobre el plus del laburo,ingreso,12000,ARS,bonificacion,,add_income,1.0,12000,,,,,,,,,,
Me llego la guita de la tarjeta de credito,ingreso,5000,ARS,reembolso,tarjeta credito,add_income,1.0,5000,,,,,,,,,,
Me depositaron los mangos de la devolucion,ingreso,3400,ARS,impuestos,,add_income,1.0,3400,,,,,,,,,,
Me entro la plata de la rifa,ingreso,5000,ARS,juego,,add_income,1.0,5000,,,,,,,,,,
Cobre los verdes de la beca,ingreso,800,USD,educacion,,add_income,1.0,800,,,,,,,,,,
Llego la platita del estado,ingreso,18000,ARS,subsidio,,add_income,1.0,18000,,,,,,,,,,
Cobre el aguinaldo llego la platita,ingreso,35000,ARS,aguinaldo,,add_income,1.0,35000,,,,,,,,,,
Me entro la moneda del exterior,ingreso,600,EUR,freelance,,add_income,1.0,600,,,,,,,,,,
Cobre las 100 lukas del seguro,ingreso,100000,ARS,seguro,,add_income,1.0,100000,,,,,,,,,,
Me re cabio 300 del reintegro de la obra social,ingreso,300,ARS,reembolso,,add_income,1.0,300,,,,,,,,,,
Me saque 200 del cajero de la esquina,gasto,200,ARS,,cajero,add_expense,1.0,200,,,,,,,,,,
Meti 500 al cajero del banco provincia,ingreso,500,ARS,,banco provincia,add_income,1.0,500,,,,,,,,,,
Le meti 3000 a la cuenta de MercadoPago,ingreso,3000,ARS,,MercadoPago,add_income,1.0,3000,,,,,,,,,,
Le carge 1500 a la Uala,ingreso,1500,ARS,,Ualá,add_income,1.0,1500,,,,,,,,,,
Me gaste los 4000 de la tarjeta de credito en la farmasia,gasto,4000,ARS,salud,tarjeta credito,add_expense,1.0,4000,,,,,,,,,,
Le meti 100 dolares a la cuenta en dolares,ingreso,100,USD,,cuenta dolares,add_income,1.0,100,,,,,,,,,,
Hoy pague 45 dolares de luz,gasto,45,USD,servicios,,add_expense,1.0,45,,,,,,,,,,
Hox pague 45 dolares de luz,gasto,45,USD,servicios,,add_expense,1.0,45,,,,,,,,,,
Me depositaron el sueldo 60k,ingreso,60000,ARS,salario,,add_income,1.0,60000,,,,,,,,,,
Me depositaron el sueldo 60 k,ingreso,60000,ARS,salario,,add_income,1.0,60000,,,,,,,,,,
Compre 20 dolares en steam,gasto,20,USD,juegos,,add_expense,1.0,20,,,,,,,,,,
Pague 300 de la luz,gasto,300,ARS,servicios,,add_expense,1.0,300,,,,,,,,,,
Page 300 de la lus,gasto,300,ARS,servicios,,add_expense,1.0,300,,,,,,,,,,
Gaste 1500 en la farmacia,gasto,1500,ARS,salud,,add_expense,1.0,1500,,,,,,,,,,
Gazte 1500 en la farmasia,gasto,1500,ARS,salud,,add_expense,1.0,1500,,,,,,,,,,
Recibi 2000 de la obra social,ingreso,2000,ARS,reembolso,,add_income,1.0,2000,,,,,,,,,,
Resivi 2000 de la obra social,ingreso,2000,ARS,reembolso,,add_income,1.0,2000,,,,,,,,,,
Me transfirieron 5000,ingreso,5000,ARS,,,add_income,1.0,5000,,,,,,,,,,
Compre en amazon 100 dolares,gasto,100,USD,compras,,add_expense,1.0,100,,,,,,,,,,
Compre en amazon 100 USD,gasto,100,USD,compras,,add_expense,1.0,100,,,,,,,,,,
Pague el gas 800,gasto,800,ARS,servicios,,add_expense,1.0,800,,,,,,,,,,
Page el gas 800,gasto,800,ARS,servicios,,add_expense,1.0,800,,,,,,,,,,
Saque plata del cajero 2000,gasto,2000,ARS,,cajero,add_expense,1.0,2000,,,,,,,,,,
Saake plata del cajero 2000,gasto,2000,ARS,,cajero,add_expense,1.0,2000,,,,,,,,,,
Mercado pago me cobro 300,gasto,300,ARS,comisiones,MercadoPago,add_expense,1.0,300,,,,,,,,,,
Pague con la targeta de credito 1500,gasto,1500,ARS,,tarjeta credito,add_expense,1.0,1500,,,,,,,,,,
I spent 1000 dollars on accommodation,expense,1000,USD,accommodation,,add_expense,1.0,1000,,,,,,,,,,
I spennt 1000 dollars on accommodation,expense,1000,USD,accommodation,,add_expense,1.0,1000,,,,,,,,,,
Paid 50 euros for electricity bill,expense,50,EUR,utilities,,add_expense,1.0,50,,,,,,,,,,
Payd 50 euros for electricity bill,expense,50,EUR,utilities,,add_expense,1.0,50,,,,,,,,,,
Bought groceries for 300 pesos,expense,300,MXN,groceries,,add_expense,1.0,300,,,,,,,,,,
Bot groceries for 300 pesos,expense,300,MXN,groceries,,add_expense,1.0,300,,,,,,,,,,
Netflix charged me 15 dollars,expense,15,USD,streaming,,add_expense,1.0,15,,,,,,,,,,
Netflix charched me 15 dollars,expense,15,USD,streaming,,add_expense,1.0,15,,,,,,,,,,
Went out for dinner and spent 800,expense,800,,dining,,add_expense,1.0,800,,,,,,,,,,
Went out for diner and spent 800,expense,800,,dining,,add_expense,1.0,800,,,,,,,,,,
Filled up gas for 500 pesos,expense,500,MXN,transport,,add_expense,1.0,500,,,,,,,,,,
Fild up gas for 500 pesos,expense,500,MXN,transport,,add_expense,1.0,500,,,,,,,,,,
Paid 2000 for rent,expense,2000,,housing,,add_expense,1.0,2000,,,,,,,,,,
Payd 2000 for rent,expense,2000,,housing,,add_expense,1.0,2000,,,,,,,,,,
Gym membership 30 euros,expense,30,EUR,health,,add_expense,1.0,30,,,,,,,,,,
Gym memberchip 30 euros,expense,30,EUR,health,,add_expense,1.0,30,,,,,,,,,,
Bought clothes for 150,expense,150,,clothing,,add_expense,1.0,150,,,,,,,,,,
Bot clothes for 150,expense,150,,clothing,,add_expense,1.0,150,,,,,,,,,,
Paid 400 dollars for flights,expense,400,USD,travel,,add_expense,1.0,400,,,,,,,,,,
Payd 400 dollars for flights,expense,400,USD,travel,,add_expense,1.0,400,,,,,,,,,,
Tuition fee 5000 pesos,expense,5000,MXN,education,,add_expense,1.0,5000,,,,,,,,,,
Tution fee 5000 pesos,expense,5000,MXN,education,,add_expense,1.0,5000,,,,,,,,,,
Haircut cost me 100,expense,100,,beauty,,add_expense,1.0,100,,,,,,,,,,
Haircut cost mee 100,expense,100,,beauty,,add_expense,1.0,100,,,,,,,,,,
Bought a gift for 600,expense,600,,gifts,,add_expense,1.0,600,,,,,,,,,,
Bot a gift for 600,expense,600,,gifts,,add_expense,1.0,600,,,,,,,,,,
Paid Spotify 15 dollars,expense,15,USD,streaming,,add_expense,1.0,15,,,,,,,,,,
Payd Spotify 15 dollars,expense,15,USD,streaming,,add_expense,1.0,15,,,,,,,,,,
Shopping spree 1200,expense,1200,,shopping,,add_expense,1.0,1200,,,,,,,,,,
Shooping spree 1200,expense,1200,,shopping,,add_expense,1.0,1200,,,,,,,,,,
Bus fare 80 pesos,expense,80,MXN,transport,,add_expense,1.0,80,,,,,,,,,,
Bus fair 80 pesos,expense,80,MXN,transport,,add_expense,1.0,80,,,,,,,,,,
Bought wine for 300,expense,300,,drinks,,add_expense,1.0,300,,,,,,,,,,
Bot wine for 300,expense,300,,drinks,,add_expense,1.0,300,,,,,,,,,,
Paid phone bill 500,expense,500,,utilities,,add_expense,1.0,500,,,,,,,,,,
Payd phone bill 500,expense,500,,utilities,,add_expense,1.0,500,,,,,,,,,,
Maintenance fee 2000,expense,2000,,housing,,add_expense,1.0,2000,,,,,,,,,,
Maintenence fee 2000,expense,2000,,housing,,add_expense,1.0,2000,,,,,,,,,,
Dropped 200 on drinks last night,expense,200,,nightlife,,add_expense,1.0,200,,,,,,,,,,
Dropt 200 on drinks last night,expense,200,,nightlife,,add_expense,1.0,200,,,,,,,,,,
Received my salary of 50000 pesos,income,50000,MXN,salary,,add_income,1.0,50000,,,,,,,,,,
Recieved my salary of 50000 pesos,income,50000,MXN,salary,,add_income,1.0,50000,,,,,,,,,,
Got paid 1000 dollars for freelance work,income,1000,USD,freelance,,add_income,1.0,1000,,,,,,,,,,
Got payd 1000 dollars for freelance work,income,1000,USD,freelance,,add_income,1.0,1000,,,,,,,,,,
Bonus arrived 20000,income,20000,,bonus,,add_income,1.0,20000,,,,,,,,,,
Bonus arived 20000,income,20000,,bonus,,add_income,1.0,20000,,,,,,,,,,
Got 300 euros for the project,income,300,EUR,work,,add_income,1.0,300,,,,,,,,,,
Got 300 euros for the proyect,income,300,EUR,work,,add_income,1.0,300,,,,,,,,,,
Received 500 pesos refund,income,500,MXN,refund,,add_income,1.0,500,,,,,,,,,,
Recieved 500 pesos refund,income,500,MXN,refund,,add_income,1.0,500,,,,,,,,,,
Got 200 dollars as a gift,income,200,USD,gift,,add_income,1.0,200,,,,,,,,,,
Won 1000 at the casino,income,1000,,gambling,,add_income,1.0,1000,,,,,,,,,,
Wonn 1000 at the casino,income,1000,,gambling,,add_income,1.0,1000,,,,,,,,,,
Received transfer of 1500,income,1500,,,,add_income,1.0,1500,,,,,,,,,,
Recieved transfer of 1500,income,1500,,,,add_income,1.0,1500,,,,,,,,,,
Bonus deposit 3000,income,3000,,bonus,,add_income,1.0,3000,,,,,,,,,,
Bonus depozit 3000,income,3000,,bonus,,add_income,1.0,3000,,,,,,,,,,
Sold my bike for 5000,income,5000,,sale,,add_income,1.0,5000,,,,,,,,,,
Sold my byke for 5000,income,5000,,sale,,add_income,1.0,5000,,,,,,,,,,
Insurance payment 800,income,800,,insurance,,add_income,1.0,800,,,,,,,,,,
Insurence payment 800,income,800,,insurance,,add_income,1.0,800,,,,,,,,,,
Tax refund 200 pesos,income,200,MXN,tax,,add_income,1.0,200,,,,,,,,,,
Interest income 50 dollars,income,50,USD,investment,,add_income,1.0,50,,,,,,,,,,
Got paid 300 by a client,income,300,,sale,,add_income,1.0,300,,,,,,,,,,
Got payd 300 by a client,income,300,,sale,,add_income,1.0,300,,,,,,,,,,
Rent deposit 7000,income,7000,,rent,,add_income,1.0,7000,,,,,,,,,,
Rent depozit 7000,income,7000,,rent,,add_income,1.0,7000,,,,,,,,,,
Scholarship came in 2000,income,2000,,education,,add_income,1.0,2000,,,,,,,,,,
Got paid for vacation 15000,income,15000,,work,,add_income,1.0,15000,,,,,,,,,,
Got payd for vacation 15000,income,15000,,work,,add_income,1.0,15000,,,,,,,,,,
Tax return 400,income,400,,tax,,add_income,1.0,400,,,,,,,,,,
Won 600 on a bet,income,600,,gambling,,add_income,1.0,600,,,,,,,,,,
Wonn 600 on a bet,income,600,,gambling,,add_income,1.0,600,,,,,,,,,,
Unemployment benefits 5000,income,5000,,insurance,,add_income,1.0,5000,,,,,,,,,,
Unemployment bennefits 5000,income,5000,,insurance,,add_income,1.0,5000,,,,,,,,,,
Spent 200 dollars on dinner with credit card,expense,200,USD,dining,credit card,add_expense,1.0,200,,,,,,,,,,
Spent 200 dollars on diner with credit card,expense,200,USD,dining,credit card,add_expense,1.0,200,,,,,,,,,,
Paid with debit 500 pesos at pharmacy,expense,500,MXN,health,debit,add_expense,1.0,500,,,,,,,,,,
Payd with debit 500 pesos at pharmacy,expense,500,MXN,health,debit,add_expense,1.0,500,,,,,,,,,,
They deposited 3000 in my savings account,income,3000,,,savings,add_income,1.0,3000,,,,,,,,,,
They depozited 3000 in my savings account,income,3000,,,savings,add_income,1.0,3000,,,,,,,,,,
Paid tuition 2000 from my checking account,expense,2000,,education,checking,add_expense,1.0,2000,,,,,,,,,,
Payd tuition 2000 from my checking account,expense,2000,,education,checking,add_expense,1.0,2000,,,,,,,,,,
Transferred from Chase 400 euros,expense,400,EUR,,Chase,add_expense,1.0,400,,,,,,,,,,
Withdrew 100 dollars from Wells Fargo ATM,expense,100,USD,,Wells Fargo,add_expense,1.0,100,,,,,,,,,,
Added money to my Revolut account 5000,income,5000,,,Revolut,add_income,1.0,5000,,,,,,,,,,
Added mony to my Revolut account 5000,income,5000,,,Revolut,add_income,1.0,5000,,,,,,,,,,
Paid with American Express 300 dollars,expense,300,USD,,American Express,add_expense,1.0,300,,,,,,,,,,
Payd with American Express 300 dollars,expense,300,USD,,American Express,add_expense,1.0,300,,,,,,,,,,
Received transfer to my HSBC account 10000,income,10000,,,HSBC,add_income,1.0,10000,,,,,,,,,,
Recieved transfer to my HSBC account 10000,income,10000,,,HSBC,add_income,1.0,10000,,,,,,,,,,
From savings account paid insurance 800,expense,800,,insurance,savings,add_expense,1.0,800,,,,,,,,,,
From savings account payd insurance 800,expense,800,,insurance,savings,add_expense,1.0,800,,,,,,,,,,
I bleew 200 bucks at the bar last night,expense,200,USD,nightlife,,add_expense,1.0,200,,,,,,,,,,
I dropt 50 bucks on tacos,expense,50,USD,food,,add_expense,1.0,50,,,,,,,,,,
I sheld out 300 for those sneakers,expense,300,USD,clothing,,add_expense,1.0,300,,,,,,,,,,
I got riped off 100 bucks at the mechanic,expense,100,USD,automotive,,add_expense,1.0,100,,,,,,,,,,
I burnd 80 bucks on gas this week,expense,80,USD,fuel,,add_expense,1.0,80,,,,,,,,,,
I bleew my paycheck on the weekend,expense,1200,USD,fiesta,,add_expense,1.0,1200,,,,,,,,,,
I dropt a grand on that concert,expense,1000,USD,entertainment,,add_expense,1.0,1000,,,,,,,,,,
I coffed up 200 for the dinner,expense,200,USD,restaurant,,add_expense,1.0,200,,,,,,,,,,
I forkd out 500 for the repair,expense,500,USD,reparaciones,,add_expense,1.0,500,,,,,,,,,,
I splurjd 300 on makeup,expense,300,USD,belleza,,add_expense,1.0,300,,,,,,,,,,
I dropt some serious cash on that bag,expense,450,USD,accesorios,,add_expense,1.0,450,,,,,,,,,,
I bleew all my money on drinks,expense,150,USD,bebidas,,add_expense,1.0,150,,,,,,,,,,
I dumbed 200 into my car,expense,200,USD,automovil,,add_expense,1.0,200,,,,,,,,,,
I wastid 50 bucks on that useless gadget,expense,50,USD,electronica,,add_expense,1.0,50,,,,,,,,,,
I pist away 300 at the casino,expense,300,USD,gambling,,add_expense,1.0,300,,,,,,,,,,
I sank 500 into that proyect,expense,500,USD,proyecto,,add_expense,1.0,500,,,,,,,,,,
I dumbed cash into the slot machine,expense,100,USD,gambling,,add_expense,1.0,100,,,,,,,,,,
I maxt out my card on clothes,expense,500,USD,vestimenta,tarjeta,add_expense,1.0,500,,,,,,,,,,
I cleand out my savings on vacation,expense,3000,USD,viajes,ahorros,add_expense,1.0,3000,,,,,,,,,,
I got payd big bucks this month,income,5000,USD,salary,,add_income,1.0,5000,,,,,,,,,,
I scord 200 from my side gig,income,200,USD,freelance,,add_income,1.0,200,,,,,,,,,,
I puld in 300 from the garage sale,income,300,USD,venta,,add_income,1.0,300,,,,,,,,,,
I got a nice depozit from the client,income,1500,USD,freelance,,add_income,1.0,1500,,,,,,,,,,
I scord some cash from my grandma,income,200,USD,gift,,add_income,1.0,200,,,,,,,,,,
I puld down 600 from that gig,income,600,USD,freelance,,add_income,1.0,600,,,,,,,,,,
I pocketid 300 from the bet,income,300,USD,gambling,,add_income,1.0,300,,,,,,,,,,
I cleard 1000 from the poker game,income,1000,USD,gambling,,add_income,1.0,1000,,,,,,,,,,
I netid 500 from the crypto,income,500,USD,inversiones,,add_income,1.0,500,,,,,,,,,,
I bankt 200 from the focus group,income,200,USD,otros,,add_income,1.0,200,,,,,,,,,,
I scord big on that investment,income,3000,USD,inversiones,,add_income,1.0,3000,,,,,,,,,,
I cleand up at the casino last night,income,800,USD,gambling,,add_income,1.0,800,,,,,,,,,,
I depozited 500 into my Chase account,income,500,USD,,Chase,add_income,1.0,500,,,,,,,,,,
I puld 200 from the ATM on the corner,expense,200,USD,,ATM,add_expense,1.0,200,,,,,,,,,,
I transferd 300 to my savings,ingreso,300,USD,,savings,add_income,1.0,300,,,,,,,,,,
I payd 400 with my Amex for the flight,expense,400,USD,travel,Amex,add_expense,1.0,400,,,,,,,,,,
I withdreww 100 from the Wells Fargo,expense,100,USD,,Wells Fargo,add_expense,1.0,100,,,,,,,,,,
I dumbed 500 into my Robinhood account,ingreso,500,USD,,Robinhood,add_income,1.0,500,,,,,,,,,,
I tapt my phone for 50 on the subway,expense,50,USD,transport,phone,add_expense,1.0,50,,,,,,,,,,
I venmod 30 for the pizza,gasto,30,USD,food,Venmo,add_expense,1.0,30,,,,,,,,,,
I cashapt 100 for the tickets,gasto,100,USD,entertainment,CashApp,add_expense,1.0,100,,,,,,,,,,
Compre 20 dolares en steam y me cobraron impuestos,gasto,20,USD,juegos,,add_expense,1.0,20,,,,,,,,,,
Gazte 500 en la farmacia ayer a la tarde,gasto,500,ARS,salud,,add_expense,1.0,500,,,,,,,,,,
Ayer me depositaron 3000 del laburo,ingreso,3000,ARS,salario,,add_income,1.0,3000,,,,,,,,,,
Mañana tengo que pagar 200 de la luz,gasto,200,ARS,servicios,,add_expense,1.0,200,,,,,,,,,,
La semana pasada gaste 1500 en la verduleria,gasto,1500,ARS,comida,,add_expense,1.0,1500,,,,,,,,,,
El finde me patine 3000 en ropa,gasto,3000,ARS,vestimenta,,add_expense,1.0,3000,,,,,,,,,,
Hoy cobre 5000 de un trabajo,ingreso,5000,ARS,"fre
Frase""",Tipo,add_income,1.0,5000,,,,,,,,,,
Gasté 1500 pesos argentinos en supermercado el día de hoy,gasto,1500,ARS,supermercado,,add_expense,1.0,1500,,,,,,,,,,
Realicé un gasto de 75 dólares en Netflix este mes,gasto,75,USD,streaming,,add_expense,1.0,75,,,,,,,,,,
Pagué 8500 pesos mexicanos de la colegiatura de la universidad,gasto,8500,MXN,educacion,,add_expense,1.0,8500,,,,,,,,,,
Compré alimentos por 3200 pesos colombianos en el supermercado,gasto,3200,COP,alimentacion,,add_expense,1.0,3200,,,,,,,,,,
Transferí 200 euros desde mi cuenta de débito para el alquiler,gasto,200,EUR,vivienda,debito,add_expense,1.0,200,,,,,,,,,,
Aboné 45 dólares del servicio de internet por cable,gasto,45,USD,internet,,add_expense,1.0,45,,,,,,,,,,
Desembolsé 6000 pesos argentinos en la compra de indumentaria,gasto,6000,ARS,vestimenta,,add_expense,1.0,6000,,,,,,,,,,
Efectué un pago de 120 euros por la cena en el restaurante,gasto,120,EUR,restaurante,,add_expense,1.0,120,,,,,,,,,,
Realicé una compra de 350 pesos mexicanos en la farmacia,gasto,350,MXN,salud,farmacia,add_expense,1.0,350,,,,,,,,,,
Gasté 400 dólares en pasajes aéreos para mis vacaciones,gasto,400,USD,viajes,,add_expense,1.0,400,,,,,,,,,,
Pagamos 2500 pesos colombianos en el peaje de la autopista,gasto,2500,COP,transporte,,add_expense,1.0,2500,,,,,,,,,,
Compré entradas para el cine por 480 pesos argentinos,gasto,480,ARS,entretenimiento,,add_expense,1.0,480,,,,,,,,,,
Aboné 90 dólares del gimnasio con mi tarjeta de crédito,gasto,90,USD,salud,tarjeta credito,add_expense,1.0,90,,,,,,,,,,
Gasté 15 euros en la suscripción mensual de Spotify,gasto,15,EUR,streaming,,add_expense,1.0,15,,,,,,,,,,
Realicé un gasto de 2200 pesos mexicanos en la compra de libros,gasto,2200,MXN,educacion,,add_expense,1.0,2200,,,,,,,,,,
Pagué 3200 pesos argentinos de expensas del departamento,gasto,3200,ARS,vivienda,,add_expense,1.0,3200,,,,,,,,,,
Desembolsé 150 dólares en el mantenimiento del automóvil,gasto,150,USD,automovil,,add_expense,1.0,150,,,,,,,,,,
Aboné 800 pesos colombianos en el parqueadero del centro comercial,gasto,800,COP,transporte,,add_expense,1.0,800,,,,,,,,,,
Gasté 45 euros en la compra de medicamentos recetados,gasto,45,EUR,salud,farmacia,add_expense,1.0,45,,,,,,,,,,
Pagué 1800 pesos mexicanos del recibo de luz bimestral,gasto,1800,MXN,servicios,,add_expense,1.0,1800,,,,,,,,,,
Recibí un ingreso de 45000 pesos argentinos por mi salario mensual,ingreso,45000,ARS,salario,,add_income,1.0,45000,,,,,,,,,,
Cobré 2500 dólares por un proyecto de desarrollo de software,ingreso,2500,USD,freelance,,add_income,1.0,2500,,,,,,,,,,
Me depositaron 1200 euros por el alquiler de mi propiedad,ingreso,1200,EUR,renta,,add_income,1.0,1200,,,,,,,,,,
Recibí una transferencia de 8000 pesos mexicanos de mi cliente,ingreso,8000,MXN,venta,,add_income,1.0,8000,,,,,,,,,,
Me ingresaron 350 dólares por intereses generados en el plazo fijo,ingreso,350,USD,inversiones,,add_income,1.0,350,,,,,,,,,,
Cobré 6500 pesos colombianos por la venta de un mueble usado,ingreso,6500,COP,venta,,add_income,1.0,6500,,,,,,,,,,
Recibí un reintegro de 200 euros de la obra social,ingreso,200,EUR,reembolso,,add_income,1.0,200,,,,,,,,,,
Me depositaron el aguinaldo por 15000 pesos argentinos,ingreso,15000,ARS,aguinaldo,,add_income,1.0,15000,,,,,,,,,,
Recibí 180 dólares de regalo por mi cumpleaños,ingreso,180,USD,regalo,,add_income,1.0,180,,,,,,,,,,
Me transfirieron 5200 pesos mexicanos por un trabajo de traducción,ingreso,5200,MXN,freelance,,add_income,1.0,5200,,,,,,,,,,
Cobré 950 euros de devolución de impuestos,ingreso,950,EUR,impuestos,,add_income,1.0,950,,,,,,,,,,
Recibí un ingreso de 4200 pesos colombianos por intereses bancarios,ingreso,4200,COP,inversiones,,add_income,1.0,4200,,,,,,,,,,
Me depositaron 300 dólares por la venta de mi bicicleta,ingreso,300,USD,venta,,add_income,1.0,300,,,,,,,,,,
Recibí 7500 pesos argentinos de la beca universitaria,ingreso,7500,ARS,educacion,,add_income,1.0,7500,,,,,,,,,,
Me ingresaron 1100 euros por la renta de mi cochera,ingreso,1100,EUR,renta,,add_income,1.0,1100,,,,,,,,,,
Cobré 4300 pesos mexicanos del seguro por el accidente,ingreso,4300,MXN,seguro,,add_income,1.0,4300,,,,,,,,,,
Recibí una transferencia de 600 dólares de un familiar,ingreso,600,USD,regalo,,add_income,1.0,600,,,,,,,,,,
Me depositaron 2800 pesos colombianos por un reembolso de compra,ingreso,2800,COP,reembolso,,add_income,1.0,2800,,,,,,,,,,
Cobré 900 euros del bono por productividad en mi trabajo,ingreso,900,EUR,bonificacion,,add_income,1.0,900,,,,,,,,,,
Recibí 15000 pesos argentinos por la venta de mi televisor usado,ingreso,15000,ARS,venta,,add_income,1.0,15000,,,,,,,,,,
Gasté 250 dólares en un restaurante y pagué con mi tarjeta American Express,gasto,250,USD,restaurante,American Express,add_expense,1.0,250,,,,,,,,,,
Realicé un pago de 1200 pesos mexicanos en la farmacia con mi tarjeta de débito del BBVA,gasto,1200,MXN,salud,BBVA debito,add_expense,1.0,1200,,,,,,,,,,
Compré alimentos por 4500 pesos argentinos usando la tarjeta de crédito de Galicia,gasto,4500,ARS,supermercado,Galicia credito,add_expense,1.0,4500,,,,,,,,,,
Aboné 800 euros del alquiler desde mi cuenta de ahorros de Santander,gasto,800,EUR,vivienda,Santander ahorros,add_expense,1.0,800,,,,,,,,,,
Pagué 350 dólares de las vacaciones con mi tarjeta Visa del banco Provincia,gasto,350,USD,viajes,Provincia Visa,add_expense,1.0,350,,,,,,,,,,
Transferí 6000 pesos mexicanos a mi cuenta de MercadoPago para compras diarias,ingreso,6000,MXN,,MercadoPago,add_income,1.0,6000,,,,,,,,,,
Depositaron mi salario de 52000 pesos argentinos en mi cuenta sueldo del Banco Nación,ingreso,52000,ARS,salario,Banco Nacion,add_income,1.0,52000,,,,,,,,,,
Recibí una transferencia de 1500 euros en mi cuenta de Revolut por trabajo freelance,ingreso,1500,EUR,freelance,Revolut,add_income,1.0,1500,,,,,,,,,,
Aboné 75 dólares del gimnasio con mi tarjeta Mastercard del HSBC,gasto,75,USD,salud,HSBC Mastercard,add_expense,1.0,75,,,,,,,,,,
Gasté 2300 pesos colombianos en transporte usando la tarjeta Cencosud del Banco de Bogotá,gasto,2300,COP,transporte,Banco Bogotá Cencosud,add_expense,1.0,2300,,,,,,,,,,
I spent 1500 US dollars on accommodation at the beach resort,expense,1500,USD,accommodation,,add_expense,1.0,1500,,,,,,,,,,
I paid 85 euros for the monthly electricity bill,expense,85,EUR,utilities,,add_expense,1.0,85,,,,,,,,,,
I bought groceries for 3200 Mexican pesos at the supermarket,expense,3200,MXN,groceries,,add_expense,1.0,3200,,,,,,,,,,
I made a payment of 45 dollars for my Netflix subscription,expense,45,USD,streaming,,add_expense,1.0,45,,,,,,,,,,
I spent 1200 Argentine pesos on dinner at the Italian restaurant,expense,1200,ARS,restaurant,,add_expense,1.0,1200,,,,,,,,,,
I paid 250 US dollars for flight tickets to Miami,expense,250,USD,travel,,add_expense,1.0,250,,,,,,,,,,
I purchased clothes for 3800 Colombian pesos at the mall,expense,3800,COP,clothing,,add_expense,1.0,3800,,,,,,,,,,
I paid 60 euros for my gym membership this month,expense,60,EUR,health,,add_expense,1.0,60,,,,,,,,,,
I spent 550 Mexican pesos on medication at the pharmacy,expense,550,MXN,health,,add_expense,1.0,550,,,,,,,,,,
I paid 1800 Argentine pesos for the university tuition fee,expense,1800,ARS,education,,add_expense,1.0,1800,,,,,,,,,,
I spent 95 dollars on a new video game for my console,expense,95,USD,entertainment,,add_expense,1.0,95,,,,,,,,,,
I paid 30 euros for the Spotify family plan,expense,30,EUR,streaming,,add_expense,1.0,30,,,,,,,,,,
I spent 4200 Colombian pesos on gasoline for my car,expense,4200,COP,transport,,add_expense,1.0,4200,,,,,,,,,,
I paid 150 US dollars for the internet and cable service,expense,150,USD,utilities,,add_expense,1.0,150,,,,,,,,,,
I spent 2300 Mexican pesos on books for my studies,expense,2300,MXN,education,,add_expense,1.0,2300,,,,,,,,,,
I paid 650 Argentine pesos for the hairdresser appointment,expense,650,ARS,beauty,,add_expense,1.0,650,,,,,,,,,,
I spent 180 dollars on a gift for my mother's birthday,expense,180,USD,gifts,,add_expense,1.0,180,,,,,,,,,,
I paid 95 euros for the car maintenance service,expense,95,EUR,automotive,,add_expense,1.0,95,,,,,,,,,,
I spent 2800 Colombian pesos on a family lunch at the restaurant,expense,2800,COP,restaurant,,add_expense,1.0,2800,,,,,,,,,,
I paid 120 US dollars for the water and sewage bill,expense,120,USD,utilities,,add_expense,1.0,120,,,,,,,,,,
I received an income of 85000 Argentine pesos from my monthly salary,income,85000,ARS,salary,,add_income,1.0,85000,,,,,,,,,,
I got paid 3200 US dollars for a freelance web development project,income,3200,USD,freelance,,add_income,1.0,3200,,,,,,,,,,
I received a transfer of 1500 euros for the rent of my apartment,income,1500,EUR,rent,,add_income,1.0,1500,,,,,,,,,,
I got 6500 Mexican pesos from the sale of my old laptop,income,6500,MXN,sale,,add_income,1.0,6500,,,,,,,,,,
I received 450 dollars in interest from my savings account,income,450,USD,investment,,add_income,1.0,450,,,,,,,,,,
I got paid 7200 Colombian pesos for a graphic design job,income,7200,COP,freelance,,add_income,1.0,7200,,,,,,,,,,
I received a tax refund of 950 euros from the government,income,950,EUR,tax refund,,add_income,1.0,950,,,,,,,,,,
I got my annual bonus of 25000 Argentine pesos,income,25000,ARS,bonus,,add_income,1.0,25000,,,,,,,,,,
I received 380 dollars as a birthday gift from my relatives,income,380,USD,gift,,add_income,1.0,380,,,,,,,,,,
I got a scholarship payment of 4200 Mexican pesos,income,4200,MXN,education,,add_income,1.0,4200,,,,,,,,,,
I received 1200 euros from the insurance claim,income,1200,EUR,insurance,,add_income,1.0,1200,,,,,,,,,,
I got paid 560 dollars for selling my vintage camera,income,560,USD,sale,,add_income,1.0,560,,,,,,,,,,
I received 8300 Colombian pesos from dividend payments,income,8300,COP,investment,,add_income,1.0,8300,,,,,,,,,,
I got a reimbursement of 450 Argentine pesos for a returned product,income,450,ARS,refund,,add_income,1.0,450,,,,,,,,,,
I received 2100 US dollars from my online business this month,income,2100,USD,freelance,,add_income,1.0,2100,,,,,,,,,,
I got paid 380 euros for a consulting job I did last week,income,380,EUR,freelance,,add_income,1.0,380,,,,,,,,,,
I received 5400 Mexican pesos from my rental property,income,5400,MXN,rent,,add_income,1.0,5400,,,,,,,,,,
I got a cash gift of 600 dollars for my wedding,income,600,USD,gift,,add_income,1.0,600,,,,,,,,,,
I received 1250 euros from the sale of my bicycle,income,1250,EUR,sale,,add_income,1.0,1250,,,,,,,,,,
I got my paycheck of 42000 Argentine pesos deposited in my bank account,income,42000,ARS,salary,,add_income,1.0,42000,,,,,,,,,,
I spent 350 dollars on dinner using my American Express credit card,expense,350,USD,restaurant,American Express,add_expense,1.0,350,,,,,,,,,,
I paid 1200 Mexican pesos at the pharmacy with my BBVA debit card,expense,1200,MXN,health,BBVA debit,add_expense,1.0,1200,,,,,,,,,,
I bought groceries for 5200 Argentine pesos using my Galicia credit card,expense,5200,ARS,groceries,Galicia credit,add_expense,1.0,5200,,,,,,,,,,
I paid 950 euros for rent from my Santander savings account,expense,950,EUR,housing,Santander savings,add_expense,1.0,950,,,,,,,,,,
I spent 420 dollars on flight tickets with my Citibank Visa card,expense,420,USD,travel,Citibank Visa,add_expense,1.0,420,,,,,,,,,,
I transferred 7500 Mexican pesos to my MercadoPago account,income,7500,MXN,,MercadoPago,add_income,1.0,7500,,,,,,,,,,
I received my salary of 68000 Argentine pesos in my Banco Nación checking account,income,68000,ARS,salary,Banco Nación,add_income,1.0,68000,,,,,,,,,,
I got a transfer of 2300 euros in my Revolut account for freelance work,income,2300,EUR,freelance,Revolut,add_income,1.0,2300,,,,,,,,,,
I paid 85 dollars for my gym membership with my HSBC Mastercard,expense,85,USD,health,HSBC Mastercard,add_expense,1.0,85,,,,,,,,,,
I spent 3500 Colombian pesos on transportation using my Bancolombia debit card,expense,3500,COP,transport,Bancolombia debit,add_expense,1.0,3500,,,,,,,,,,
I made a payment of 180 US dollars for the electricity bill from my Chase checking account,expense,180,USD,utilities,Chase checking,add_expense,1.0,180,,,,,,,,,,
I received 4200 euros from my client in my PayPal account for completed work,income,4200,EUR,freelance,PayPal,add_income,1.0,4200,,,,,,,,,,
I paid 1250 Mexican pesos for the internet service with my American Express card,expense,1250,MXN,utilities,American Express,add_expense,1.0,1250,,,,,,,,,,
I transferred 8000 Argentine pesos to my Brubank savings account,income,8000,ARS,,Brubank savings,add_income,1.0,8000,,,,,,,,,,
I spent 560 dollars on a new smartphone using my Wells Fargo credit card,expense,560,USD,electronics,Wells Fargo credit,add_expense,1.0,560,,,,,,,,,,
I deposited 15000 Colombian pesos into my Nequi account for daily expenses,income,15000,COP,,Nequi,add_income,1.0,15000,,,,,,,,,,
Realicé un gasto de 2300 pesos argentinos en supermercado con mi tarjeta de débito del Banco Galicia,gasto,2300,ARS,supermercado,Banco Galicia debito,add_expense,1.0,2300,,,,,,,,,,
Efectué un pago de 450 dólares por concepto de alquiler desde mi cuenta de ahorros del Banco Santander,gasto,450,USD,vivienda,Banco Santander ahorros,add_expense,1.0,450,,,,,,,,,,
Recibí un ingreso de 12500 pesos mexicanos por honorarios profesionales transferidos a mi cuenta de BBVA,ingreso,12500,MXN,freelance,BBVA,add_income,1.0,12500,,,,,,,,,,
Cobré 890 euros por la venta de un mueble y los deposité en mi cuenta de Revolut,ingreso,890,EUR,venta,Revolut,add_income,1.0,890,,,,,,,,,,
Aboné 75 dólares del servicio de streaming Netflix con mi tarjeta de crédito Visa del Banco Provincia,gasto,75,USD,streaming,Banco Provincia Visa,add_expense,1.0,75,,,,,,,,,,
Gasté 3200 pesos colombianos en combustible para mi vehículo pagando con la tarjeta de crédito del Banco de Bogotá,gasto,3200,COP,combustible,Banco de Bogotá credito,add_expense,1.0,3200,,,,,,,,,,
Me depositaron mi salario de 52000 pesos argentinos en la caja de ahorros del Banco Nación,ingreso,52000,ARS,salario,Banco Nación caja ahorros,add_income,1.0,52000,,,,,,,,,,
Transferí 1800 euros desde mi cuenta de Wise para pagar el seguro del auto,gasto,1800,EUR,seguro,Wise,add_expense,1.0,1800,,,,,,,,,,
Compré alimentos por 4300 pesos mexicanos utilizando mi tarjeta de débito de Citibanamex,gasto,4300,MXN,alimentacion,Citibanamex debito,add_expense,1.0,4300,,,,,,,,,,
Recibí un reintegro de 250 dólares en mi cuenta de PayPal por una devolución de producto,ingreso,250,USD,reembolso,PayPal,add_income,1.0,250,,,,,,,,,,
Pagué 1200 pesos argentinos de la factura de luz con la tarjeta de crédito del HSBC,gasto,1200,ARS,servicios,HSBC credito,add_expense,1.0,1200,,,,,,,,,,
Me ingresaron 600 euros por intereses de mi plazo fijo en el Banco Francés,ingreso,600,EUR,inversiones,Banco Francés,add_income,1.0,600,,,,,,,,,,
Desembolsé 5500 pesos colombianos en la farmacia usando la tarjeta de crédito de Davivienda,gasto,5500,COP,salud,Davivienda credito,add_expense,1.0,5500,,,,,,,,,,
Recibí 350 dólares por un trabajo de diseño gráfico en mi cuenta de Upwork,ingreso,350,USD,freelance,Upwork,add_income,1.0,350,,,,,,,,,,
Aboné 2200 pesos mexicanos del gimnasio con mi tarjeta American Express de Santander,gasto,2200,MXN,salud,Santander American Express,add_expense,1.0,2200,,,,,,,,,,
Gasté 150 euros en la compra de ropa en una tienda departamental,gasto,150,EUR,vestimenta,,add_expense,1.0,150,,,,,,,,,,
Ahorré 100 córdobas del vuelto de la semana,gasto,100,NIO,Savings,cash,add_expense,1.0,100,,,,,,,,,,
Transferí a ahorro 300 dólares de mi salario,gasto,300,USD,Savings,checking,add_expense,1.0,300,,,,,,,,,,
Aparté 50 dólares para el fondo de emergencias,gasto,50,USD,Savings,savings,add_expense,1.0,50,,,,,,,,,,
Guardé 20 dólares en mi alcancía,gasto,20,USD,Savings,cash,add_expense,1.0,20,,,,,,,,,,
Mandé 150 dólares a la cuenta de ahorros del banco,gasto,150,USD,Savings,checking,add_expense,1.0,150,,,,,,,,,,
Puse 2000 pesos en mi colchón para ahorrar,gasto,2000,MXN,Savings,cash,add_expense,1.0,2000,,,,,,,,,,
Saved 50 dollars from my paycheck,gasto,50,USD,Savings,checking,add_expense,1.0,50,,,,,,,,,,
Set aside 30 dollars for a new phone,gasto,30,USD,Savings,cash,add_expense,1.0,30,,,,,,,,,,
Put 100 dollars into my savings account,gasto,100,USD,Savings,savings,add_expense,1.0,100,,,,,,,,,,
Moved 40 dollars to savings for vacation,gasto,40,USD,Savings,checking,add_expense,1.0,40,,,,,,,,,,
Kept 15 dollars from the grocery change,gasto,15,USD,Savings,cash,add_expense,1.0,15,,,,,,,,,,
Added 200 dollars to my investment fund,gasto,200,USD,Savings,investment,add_expense,1.0,200,,,,,,,,,,
Reservé 80 dólares para el pago de impuestos,gasto,80,USD,Savings,checking,add_expense,1.0,80,,,,,,,,,,
Ahorré 50 mil pesos colombianos para la navidad,gasto,50000,COP,Savings,cash,add_expense,1.0,50000,,,,,,,,,,
Transferí 1000 pesos argentinos a la caja de ahorros,gasto,1000,ARS,Savings,savings,add_expense,1.0,1000,,,,,,,,,,
Guardé 300 quetzales para el viaje,gasto,300,GTQ,Savings,cash,add_expense,1.0,300,,,,,,,,,,
Puse 150 soles en mi cuenta de ahorros del banco,gasto,150,PEN,Savings,savings,add_expense,1.0,150,,,,,,,,,,
Aparté 200 bolivianos para la reparación del auto,gasto,200,BOB,Savings,cash,add_expense,1.0,200,,,,,,,,,,
Saved 10 euros from the tip I received,gasto,10,EUR,Savings,cash,add_expense,1.0,10,,,,,,,,,,
Set aside 5000 yen for the anime convention,gasto,5000,JPY,Savings,savings,add_expense,1.0,5000,,,,,,,,,,
Moved 25 pounds to my holiday fund,gasto,25,GBP,Savings,checking,add_expense,1.0,25,,,,,,,,,,
Put 1000 rupees into my emergency savings,gasto,1000,INR,Savings,savings,add_expense,1.0,1000,,,,,,,,,,
Kept 2000 kwanzas from this month's budget,gasto,2000,AOA,Savings,cash,add_expense,1.0,2000,,,,,,,,,,
Saved 50 reais for my mother's gift,gasto,50,BRL,Savings,cash,add_expense,1.0,50,,,,,,,,,,
Transfiero 1000 lempiras a mi cuenta de ahorro cada quincena,gasto,1000,HNL,Savings,checking,add_expense,1.0,1000,,,,,,,,,,
Ahorré 200 pesos uruguayos en el frasco de vidrio,gasto,200,UYU,Savings,cash,add_expense,1.0,200,,,,,,,,,,
Added 75 Canadian dollars to my emergency fund,gasto,75,CAD,Savings,savings,add_expense,1.0,75,,,,,,,,,,
Set aside 120 Swiss francs for the trip to the mountains,gasto,120,CHF,Savings,savings,add_expense,1.0,120,,,,,,,,,,
Guardé 25 dólares que me sobraron del almuerzo,gasto,25,USD,Savings,cash,add_expense,1.0,25,,,,,,,,,,
Ahorré 300 pesos chilenos en mi monedero,gasto,300,CLP,Savings,cash,add_expense,1.0,300,,,,,,,,,,
Transferí 50 mil guaraníes a mi cuenta de ahorros,gasto,50000,PYG,Savings,savings,add_expense,1.0,50000,,,,,,,,,,
Aparté 40 dólares para el concierto del próximo mes,gasto,40,USD,Savings,cash,add_expense,1.0,40,,,,,,,,,,
Mandé 200 soles a mi fondo de emergencias,gasto,200,PEN,Savings,checking,add_expense,1.0,200,,,,,,,,,,
Puse 100 córdobas en mi alcancía de cerdito,gasto,100,NIO,Savings,cash,add_expense,1.0,100,,,,,,,,,,
Ahorré 150 pesos mexicanos del cambio del supermercado,gasto,150,MXN,Savings,cash,add_expense,1.0,150,,,,,,,,,,
Reservé 75 dólares para el pago del seguro,gasto,75,USD,Savings,checking,add_expense,1.0,75,,,,,,,,,,
Guardé 500 pesos colombianos en la lata de galletas,gasto,500,COP,Savings,cash,add_expense,1.0,500,,,,,,,,,,
Transferí 60 quetzales a mi cuenta de ahorro del banco,gasto,60,GTQ,Savings,savings,add_expense,1.0,60,,,,,,,,,,
Aparté 30 dólares para comprar un regalo de cumpleaños,gasto,30,USD,Savings,cash,add_expense,1.0,30,,,,,,,,,,
Saved 100 dollars from my freelance work,gasto,100,USD,Savings,checking,add_expense,1.0,100,,,,,,,,,,
Put 45 euros aside for the electricity bill,gasto,45,EUR,Savings,savings,add_expense,1.0,45,,,,,,,,,,
Moved 60 pounds to my savings account for a house,gasto,60,GBP,Savings,checking,add_expense,1.0,60,,,,,,,,,,
Set aside 2000 yen for the train pass,gasto,2000,JPY,Savings,cash,add_expense,1.0,2000,,,,,,,,,,
Kept 15 dollars in my wallet for emergencies,gasto,15,USD,Savings,cash,add_expense,1.0,15,,,,,,,,,,
Added 3000 rupees to my fixed deposit,gasto,3000,INR,Savings,investment,add_expense,1.0,3000,,,,,,,,,,
Saved 50 Australian dollars for the weekend trip,gasto,50,AUD,Savings,savings,add_expense,1.0,50,,,,,,,,,,
Put 120 reais into my vacation fund,gasto,120,BRL,Savings,savings,add_expense,1.0,120,,,,,,,,,,
Transferred 2000 Kenyan shillings to my savings account,gasto,2000,KES,Savings,checking,add_expense,1.0,2000,,,,,,,,,,
Ahorré 40 dólares canadienses para comprar un abrigo,gasto,40,CAD,Savings,cash,add_expense,1.0,40,,,,,,,,,,
Guardé 1500 pesos argentinos en el cajón de mi escritorio,gasto,1500,ARS,Savings,cash,add_expense,1.0,1500,,,,,,,,,,
Aparté 80 soles para la consulta del médico,gasto,80,PEN,Savings,cash,add_expense,1.0,80,,,,,,,,,,
Transferí 300 bolivianos a mi cuenta de ahorros para la universidad,gasto,300,BOB,Savings,savings,add_expense,1.0,300,,,,,,,,,,
Puse 200 pesos uruguayos en mi fondo para mascotas,gasto,200,UYU,Savings,cash,add_expense,1.0,200,,,,,,,,,,
Reservé 50 dólares para el mantenimiento del auto,gasto,50,USD,Savings,checking,add_expense,1.0,50,,,,,,,,,,
Saved 25 Swiss francs for the ski lift ticket,gasto,25,CHF,Savings,cash,add_expense,1.0,25,,,,,,,,,,
Set aside 1000 Norwegian kroner for Christmas gifts,gasto,1000,NOK,Savings,savings,add_expense,1.0,1000,,,,,,,,,,
Moved 3000 Czech koruna to my travel fund,gasto,3000,CZK,Savings,checking,add_expense,1.0,3000,,,,,,,,,,
Kept 2000 Hungarian forints for the restaurant reservation,gasto,2000,HUF,Savings,cash,add_expense,1.0,2000,,,,,,,,,,
Ahorré 50 dólares del reembolso de impuestos,gasto,50,USD,Savings,checking,add_expense,1.0,50,,,,,,,,,,
Guardé 200 pesos dominicanos para una emergencia,gasto,200,DOP,Savings,cash,add_expense,1.0,200,,,,,,,,,,
Transferí 100 soles a mi cuenta de ahorro del banco,gasto,100,PEN,Savings,savings,add_expense,1.0,100,,,,,,,,,,
Aparté 30 dólares para la cena de aniversario,gasto,30,USD,Savings,cash,add_expense,1.0,30,,,,,,,,,,
Puse 500 pesos mexicanos en mi fondo para la escuela,gasto,500,MXN,Savings,savings,add_expense,1.0,500,,,,,,,,,,
Mandé 80 quetzales a mi alcancía de ahorros,gasto,80,GTQ,Savings,cash,add_expense,1.0,80,,,,,,,,,,
Reservé 120 dólares para el pago del teléfono,gasto,120,USD,Savings,checking,add_expense,1.0,120,,,,,,,,,,
Ahorré 1000 pesos colombianos en mi cartera,gasto,1000,COP,Savings,cash,add_expense,1.0,1000,,,,,,,,,,
Guardé 15 dólares del cambio del lavado de ropa,gasto,15,USD,Savings,cash,add_expense,1.0,15,,,,,,,,,,
Transferí 40 mil lempiras a mi cuenta de ahorros,gasto,40000,HNL,Savings,savings,add_expense,1.0,40000,,,,,,,,,,
Aparté 200 pesos argentinos para el cine,gasto,200,ARS,Savings,cash,add_expense,1.0,200,,,,,,,,,,
Saved 30 dollars from the refund at the store,gasto,30,USD,Savings,cash,add_expense,1.0,30,,,,,,,,,,
Put 75 euros into my emergency fund jar,gasto,75,EUR,Savings,cash,add_expense,1.0,75,,,,,,,,,,
Moved 50 pounds to my savings for a laptop,gasto,50,GBP,Savings,checking,add_expense,1.0,50,,,,,,,,,,
Set aside 100 dollars from my bonus,gasto,100,USD,Savings,savings,add_expense,1.0,100,,,,,,,,,,
Kept 20 dollars from the yard sale earnings,gasto,20,USD,Savings,cash,add_expense,1.0,20,,,,,,,,,,
Added 500 Swedish kronor to my travel fund,gasto,500,SEK,Savings,savings,add_expense,1.0,500,,,,,,,,,,
Saved 80 Canadian dollars for the camping trip,gasto,80,CAD,Savings,cash,add_expense,1.0,80,,,,,,,,,,
Put 1500 yen into my coin collection jar,gasto,1500,JPY,Savings,cash,add_expense,1.0,1500,,,,,,,,,,
Transferred 4000 Philippine pesos to my savings account,gasto,4000,PHP,Savings,checking,add_expense,1.0,4000,,,,,,,,,,
Ahorré 60 dólares del trabajo extra del fin de semana,gasto,60,USD,Savings,checking,add_expense,1.0,60,,,,,,,,,,
Guardé 300 pesos chilenos en mi billetera,gasto,300,CLP,Savings,cash,add_expense,1.0,300,,,,,,,,,,
Aparté 90 soles para el mantenimiento de la bicicleta,gasto,90,PEN,Savings,cash,add_expense,1.0,90,,,,,,,,,,
Transferí 150 bolivianos a mi cuenta de ahorros,gasto,150,BOB,Savings,savings,add_expense,1.0,150,,,,,,,,,,
Puse 40 dólares en mi fondo para libros,gasto,40,USD,Savings,savings,add_expense,1.0,40,,,,,,,,,,
Reservé 25 dólares para la suscripción mensual,gasto,25,USD,Savings,checking,add_expense,1.0,25,,,,,,,,,,
Saved 2000 South African rand for the safari,gasto,2000,ZAR,Savings,savings,add_expense,1.0,2000,,,,,,,,,,
Set aside 1000 Indian rupees for Diwali gifts,gasto,1000,INR,Savings,cash,add_expense,1.0,1000,,,,,,,,,,
Moved 1500 Thai baht to my vacation savings,gasto,1500,THB,Savings,checking,add_expense,1.0,1500,,,,,,,,,,
Kept 35 dollars from the cash gift I received,gasto,35,USD,Savings,cash,add_expense,1.0,35,,,,,,,,,,
Ahorré 20 dólares del cambio de la farmacia,gasto,20,USD,Savings,cash,add_expense,1.0,20,,,,,,,,,,
Guardé 150 pesos mexicanos del reembolso de una devolución,gasto,150,MXN,Savings,cash,add_expense,1.0,150,,,,,,,,,,
Transferí 300 soles a mi cuenta de ahorros para la jubilación,gasto,300,PEN,Savings,savings,add_expense,1.0,300,,,,,,,,,,
Aparté 45 dólares para el mantenimiento del aire acondicionado,gasto,45,USD,Savings,checking,add_expense,1.0,45,,,,,,,,,,
Puse 600 pesos colombianos en mi alcancía de viajes,gasto,600,COP,Savings,cash,add_expense,1.0,600,,,,,,,,,,
Reservé 200 córdobas para imprevistos del mes,gasto,200,NIO,Savings,cash,add_expense,1.0,200,,,,,,,,,,
Saved 100 dollars from the sale of my old books,gasto,100,USD,Savings,checking,add_expense,1.0,100,,,,,,,,,,
Put 30 euros in my piggy bank for a rainy day,gasto,30,EUR,Savings,cash,add_expense,1.0,30,,,,,,,,,,
Moved 8000 Japanese yen to my savings for electronics,gasto,8000,JPY,Savings,savings,add_expense,1.0,8000,,,,,,,,,,
Set aside 60 Australian dollars for the zoo tickets,gasto,60,AUD,Savings,cash,add_expense,1.0,60,,,,,,,,,,
Kept 1200 Argentine pesos from the change at the restaurant,gasto,1200,ARS,Savings,cash,add_expense,1.0,1200,,,,,,,,,,
Added 4000 Chilean pesos to my emergency fund,gasto,4000,CLP,Savings,savings,add_expense,1.0,4000,,,,,,,,,,
Destiné 75 dólares de mi bono al ahorro,gasto,75,USD,Savings,checking,add_expense,1.0,75,,,,,,,,,,
Ahorré 200 pesos mexicanos de la venta de ropa usada,gasto,200,MXN,Savings,cash,add_expense,1.0,200,,,,,,,,,,
Transferí 50 soles a mi fondo de ahorro semanal,gasto,50,PEN,Savings,savings,add_expense,1.0,50,,,,,,,,,,
Guardé 30 dólares del cambio de la compra del mercado,gasto,30,USD,Savings,cash,add_expense,1.0,30,,,,,,,,,,
Aparté 1000 pesos colombianos para el paseo de fin de curso,gasto,1000,COP,Savings,cash,add_expense,1.0,1000,,,,,,,,,,
Puse 80 quetzales en mi cuenta de ahorro del banco,gasto,80,GTQ,Savings,savings,add_expense,1.0,80,,,,,,,,,,
Reservé 1200 pesos argentinos para las vacaciones de invierno,gasto,1200,ARS,Savings,cash,add_expense,1.0,1200,,,,,,,,,,
Mandé 250 córdobas a mi alcancía de ahorro,gasto,250,NIO,Savings,cash,add_expense,1.0,250,,,,,,,,,,
Ahorré 40 dólares del reembolso de una compra en línea,gasto,40,USD,Savings,checking,add_expense,1.0,40,,,,,,,,,,
Guardé 300 pesos chilenos en mi caja fuerte,gasto,300,CLP,Savings,cash,add_expense,1.0,300,,,,,,,,,,
Transfiero 100 mil guaraníes a mi cuenta de ahorros cada mes,gasto,100000,PYG,Savings,savings,add_expense,1.0,100000,,,,,,,,,,
Saved 25 euros from the cashback rewards,gasto,25,EUR,Savings,checking,add_expense,1.0,25,,,,,,,,,,
Set aside 3000 yen for the manga collection,gasto,3000,JPY,Savings,cash,add_expense,1.0,3000,,,,,,,,,,
Put 150 reais into my emergency fund,gasto,150,BRL,Savings,savings,add_expense,1.0,150,,,,,,,,,,
Moved 80 Canadian dollars to my savings for a new TV,gasto,80,CAD,Savings,checking,add_expense,1.0,80,,,,,,,,,,
Kept 40 Australian dollars from the currency exchange leftover,gasto,40,AUD,Savings,cash,add_expense,1.0,40,,,,,,,,,,
Added 5000 Kenyan shillings to my investment portfolio,gasto,5000,KES,Savings,investment,add_expense,1.0,5000,,,,,,,,,,
Saved 2000 Philippine pesos for the family reunion,gasto,2000,PHP,Savings,savings,add_expense,1.0,2000,,,,,,,,,,
Put 15 Swiss francs in my travel piggy bank,gasto,15,CHF,Savings,cash,add_expense,1.0,15,,,,,,,,,,
Transferred 1000 Czech koruna to my retirement fund,gasto,1000,CZK,Savings,savings,add_expense,1.0,1000,,,,,,,,,,
Ahorré 150 pesos dominicanos del cambio del colmado,gasto,150,DOP,Savings,cash,add_expense,1.0,150,,,,,,,,,,
Guardé 70 dólares del reembolso del seguro médico,gasto,70,USD,Savings,checking,add_expense,1.0,70,,,,,,,,,,
Aparté 250 soles para la cuota del gimnasio anual,gasto,250,PEN,Savings,cash,add_expense,1.0,250,,,,,,,,,,
Transferí 400 bolivianos a mi cuenta de ahorros para el negocio,gasto,400,BOB,Savings,savings,add_expense,1.0,400,,,,,,,,,,
Puse 300 pesos uruguayos en mi fondo para ropa nueva,gasto,300,UYU,Savings,cash,add_expense,1.0,300,,,,,,,,,,
Reservé 60 dólares para el taller de pintura,gasto,60,USD,Savings,checking,add_expense,1.0,60,,,,,,,,,,
Saved 500 Swedish kronor for the music festival,gasto,500,SEK,Savings,savings,add_expense,1.0,500,,,,,,,,,,
Set aside 800 Norwegian kroner for the cabin rental,gasto,800,NOK,Savings,checking,add_expense,1.0,800,,,,,,,,,,
Moved 2500 Hungarian forints to my holiday fund,gasto,2500,HUF,Savings,savings,add_expense,1.0,2500,,,,,,,,,,
Kept 1200 Indian rupees from the office cash gift,gasto,1200,INR,Savings,cash,add_expense,1.0,1200,,,,,,,,,,
Ahorré 35 dólares del reembolso del uber,gasto,35,USD,Savings,checking,add_expense,1.0,35,,,,,,,,,,
Guardé 180 pesos mexicanos de la venta de libros,gasto,180,MXN,Savings,cash,add_expense,1.0,180,,,,,,,,,,
Aparté 90 soles para la inscripción del curso de inglés,gasto,90,PEN,Savings,cash,add_expense,1.0,90,,,,,,,,,,
Transferí 700 pesos colombianos a mi cuenta de ahorros,gasto,700,COP,Savings,savings,add_expense,1.0,700,,,,,,,,,,
Puse 45 dólares en mi alcancía de vidrio,gasto,45,USD,Savings,cash,add_expense,1.0,45,,,,,,,,,,
Reservé 300 quetzales para la reparación de la computadora,gasto,300,GTQ,Savings,checking,add_expense,1.0,300,,,,,,,,,,
Saved 1200 Argentine pesos from the market change,gasto,1200,ARS,Savings,cash,add_expense,1.0,1200,,,,,,,,,,
Set aside 50 Chilean pesos coin by coin,gasto,50,CLP,Savings,cash,add_expense,1.0,50,,,,,,,,,,
Put 4000 yen into my savings for a new camera,gasto,4000,JPY,Savings,savings,add_expense,1.0,4000,,,,,,,,,,
Moved 25 pounds to my emergency cash envelope,gasto,25,GBP,Savings,cash,add_expense,1.0,25,,,,,,,,,,
Ahorré 55 dólares del trabajo de cuidado de mascotas,gasto,55,USD,Savings,checking,add_expense,1.0,55,,,,,,,,,,
Guardé 200 soles del vuelto de las compras semanales,gasto,200,PEN,Savings,cash,add_expense,1.0,200,,,,,,,,,,
Aparté 150 pesos argentinos para el día del niño,gasto,150,ARS,Savings,cash,add_expense,1.0,150,,,,,,,,,,
Transferí 80 mil lempiras a mi cuenta de ahorro navideño,gasto,80000,HNL,Savings,savings,add_expense,1.0,80000,,,,,,,,,,
Puse 500 pesos colombianos en mi fondo para el cine,gasto,500,COP,Savings,cash,add_expense,1.0,500,,,,,,,,,,
Reservé 20 dólares para el café de la semana,gasto,20,USD,Savings,cash,add_expense,1.0,20,,,,,,,,,,
Saved 1000 South African rand for the safari trip,gasto,1000,ZAR,Savings,savings,add_expense,1.0,1000,,,,,,,,,,
Set aside 3000 Thai baht for the beach vacation,gasto,3000,THB,Savings,checking,add_expense,1.0,3000,,,,,,,,,,
Kept 15 euros from the bakery change,gasto,15,EUR,Savings,cash,add_expense,1.0,15,,,,,,,,,,
Added 2000 rupees to my mutual fund,gasto,2000,INR,Savings,investment,add_expense,1.0,2000,,,,,,,,,,
Ahorré 65 dólares del cashback de la tarjeta de crédito,gasto,65,USD,Savings,checking,add_expense,1.0,65,,,,,,,,,,
Guardé 400 pesos mexicanos en mi monedero de ahorro,gasto,400,MXN,Savings,cash,add_expense,1.0,400,,,,,,,,,,
Aparté 120 soles para el mantenimiento de la laptop,gasto,120,PEN,Savings,cash,add_expense,1.0,120,,,,,,,,,,
Transferí 500 bolivianos a mi cuenta de ahorros para viajes,gasto,500,BOB,Savings,savings,add_expense,1.0,500,,,,,,,,,,
Puse 50 dólares en mi fondo de ahorro para mascotas,gasto,50,USD,Savings,savings,add_expense,1.0,50,,,,,,,,,,
Reservé 250 pesos uruguayos para el cumpleaños de mi madre,gasto,250,UYU,Savings,cash,add_expense,1.0,250,,,,,,,,,,
Saved 70 Canadian dollars from the garage sale,gasto,70,CAD,Savings,cash,add_expense,1.0,70,,,,,,,,,,
Set aside 2000 Kenyan shillings for the school fees,gasto,2000,KES,Savings,checking,add_expense,1.0,2000,,,,,,,,,,
Moved 150 Australian dollars to my house deposit fund,gasto,150,AUD,Savings,savings,add_expense,1.0,150,,,,,,,,,,
Kept 30 Swiss francs from the mountain trip change,gasto,30,CHF,Savings,cash,add_expense,1.0,30,,,,,,,,,,
Ahorré 1800 pesos chilenos del vuelto de la ferretería,gasto,1800,CLP,Savings,cash,add_expense,1.0,1800,,,,,,,,,,
Guardé 95 dólares del reembolso de la devolución de producto,gasto,95,USD,Savings,checking,add_expense,1.0,95,,,,,,,,,,
Aparté 300 soles para la matrícula de la universidad,gasto,300,PEN,Savings,savings,add_expense,1.0,300,,,,,,,,,,
Transferí 600 pesos colombianos a mi alcancía de ahorros,gasto,600,COP,Savings,cash,add_expense,1.0,600,,,,,,,,,,
Puse 40 quetzales en mi fondo para emergencias médicas,gasto,40,GTQ,Savings,savings,add_expense,1.0,40,,,,,,,,,,
Reservé 100 dólares para la membresía del club,gasto,100,USD,Savings,checking,add_expense,1.0,100,,,,,,,,,,
Saved 50 euros from the recycling money,gasto,50,EUR,Savings,cash,add_expense,1.0,50,,,,,,,,,,
Set aside 1500 yen for the video game pre-order,gasto,1500,JPY,Savings,cash,add_expense,1.0,1500,,,,,,,,,,
Put 800 Philippine pesos into my vacation fund,gasto,800,PHP,Savings,savings,add_expense,1.0,800,,,,,,,,,,
Moved 60 pounds to my savings for a new bicycle,gasto,60,GBP,Savings,checking,add_expense,1.0,60,,,,,,,,,,
Ahorré 85 dólares del dinero que me regalaron en mi cumpleaños,gasto,85,USD,Savings,cash,add_expense,1.0,85,,,,,,,,,,
Guardé 250 pesos mexicanos del premio de la lotería,gasto,250,MXN,Savings,cash,add_expense,1.0,250,,,,,,,,,,
Aparté 75 soles para el curso de fotografía,gasto,75,PEN,Savings,cash,add_expense,1.0,75,,,,,,,,,,
Transferí 200 mil guaraníes a mi cuenta de ahorros,gasto,200000,PYG,Savings,savings,add_expense,1.0,200000,,,,,,,,,,
Puse 35 dólares en mi fondo para conciertos,gasto,35,USD,Savings,savings,add_expense,1.0,35,,,,,,,,,,
Reservé 450 pesos argentinos para la cena de fin de año,gasto,450,ARS,Savings,cash,add_expense,1.0,450,,,,,,,,,,
Saved 900 Norwegian kroner for the winter clothes,gasto,900,NOK,Savings,checking,add_expense,1.0,900,,,,,,,,,,
Set aside 4000 Hungarian forints for the spa day,gasto,4000,HUF,Savings,cash,add_expense,1.0,4000,,,,,,,,,,
Kept 25 Australian dollars from the refund,gasto,25,AUD,Savings,cash,add_expense,1.0,25,,,,,,,,,,
Added 1500 Indian rupees to my emergency fund,gasto,1500,INR,Savings,savings,add_expense,1.0,1500,,,,,,,,,,
Ahorré 110 dólares del trabajo de jardinería,gasto,110,USD,Savings,checking,add_expense,1.0,110,,,,,,,,,,
Guardé 80 pesos dominicanos del cambio del supermercado,gasto,80,DOP,Savings,cash,add_expense,1.0,80,,,,,,,,,,
Aparté 200 soles para el mantenimiento del carro,gasto,200,PEN,Savings,cash,add_expense,1.0,200,,,,,,,,,,
Transferí 150 bolivianos a mi fondo de ahorro universitario,gasto,150,BOB,Savings,savings,add_expense,1.0,150,,,,,,,,,,
Puse 60 córdobas en mi alcancía de ahorro diario,gasto,60,NIO,Savings,cash,add_expense,1.0,60,,,,,,,,,,
Reservé 35 dólares para la suscripción de streaming anual,gasto,35,USD,Savings,checking,add_expense,1.0,35,,,,,,,,,,
Saved 1200 Thai baht from the street market bargain,gasto,1200,THB,Savings,cash,add_expense,1.0,1200,,,,,,,,,,
Set aside 700 Swedish kronor for the furniture upgrade,gasto,700,SEK,Savings,savings,add_expense,1.0,700,,,,,,,,,,
Moved 5000 Czech koruna to my travel savings,gasto,5000,CZK,Savings,checking,add_expense,1.0,5000,,,,,,,,,,
Kept 45 euros from the garage sale earnings,gasto,45,EUR,Savings,cash,add_expense,1.0,45,,,,,,,,,,
Ahorré 25 dólares del dinero que encontré en un cajón,gasto,25,USD,Savings,cash,add_expense,1.0,25,,,,,,,,,,
Guardé 130 pesos mexicanos de la venta de manualidades,gasto,130,MXN,Savings,cash,add_expense,1.0,130,,,,,,,,,,
Aparté 400 pesos colombianos para el día de la madre,gasto,400,COP,Savings,cash,add_expense,1.0,400,,,,,,,,,,
Transferí 70 quetzales a mi cuenta de ahorro navideño,gasto,70,GTQ,Savings,savings,add_expense,1.0,70,,,,,,,,,,
Puse 180 soles en mi fondo para la bicicleta nueva,gasto,180,PEN,Savings,savings,add_expense,1.0,180,,,,,,,,,,
Reservé 55 dólares para el taller de cocina,gasto,55,USD,Savings,checking,add_expense,1.0,55,,,,,,,,,,
Saved 3000 yen from the convenience store change,gasto,3000,JPY,Savings,cash,add_expense,1.0,3000,,,,,,,,,,
Set aside 400 reais for the new smartphone,gasto,400,BRL,Savings,savings,add_expense,1.0,400,,,,,,,,,,
Put 2500 Philippine pesos into my savings jar,gasto,2500,PHP,Savings,cash,add_expense,1.0,2500,,,,,,,,,,
Moved 90 Canadian dollars to my investment account,gasto,90,CAD,Savings,investment,add_expense,1.0,90,,,,,,,,,,
Kept 20 Australian dollars from the vending machine change,gasto,20,AUD,Savings,cash,add_expense,1.0,20,,,,,,,,,,
ahorre 100 cordobas del vuelto,gasto,100,NIO,Savings,cash,add_expense,1.0,100,,,,,,,,,,
transfiri 300 dolares a mi ahorro,gasto,300,USD,Savings,checking,add_expense,1.0,300,,,,,,,,,,
aparte 50 varos pal fondo,gasto,50,USD,Savings,savings,add_expense,1.0,50,,,,,,,,,,
guarde 20 dolaritos en mi chanchito,gasto,20,USD,Savings,cash,add_expense,1.0,20,,,,,,,,,,
mande 150 lucas a la caja de ahorro,gasto,150,USD,Savings,checking,add_expense,1.0,150,,,,,,,,,,
puse 2000 pesos abajo del colchon,gasto,2000,MXN,Savings,cash,add_expense,1.0,2000,,,,,,,,,,
save 50 bucks from my paycheck,gasto,50,USD,Savings,checking,add_expense,1.0,50,,,,,,,,,,
set aside 30 bucks for a new phone,gasto,30,USD,Savings,cash,add_expense,1.0,30,,,,,,,,,,
put 100 dollars in my savings acc,gasto,100,USD,Savings,savings,add_expense,1.0,100,,,,,,,,,,
moved 40 bucks to savings for vacay,gasto,40,USD,Savings,checking,add_expense,1.0,40,,,,,,,,,,
kept 15 dollars from grocery change,gasto,15,USD,Savings,cash,add_expense,1.0,15,,,,,,,,,,
added 200 dollars to my invest fund,gasto,200,USD,Savings,investment,add_expense,1.0,200,,,,,,,,,,
reserve 80 dolares pa los impuestos,gasto,80,USD,Savings,checking,add_expense,1.0,80,,,,,,,,,,
ahorre 50mil pesos colombianos pa navidad,gasto,50000,COP,Savings,cash,add_expense,1.0,50000,,,,,,,,,,
transfiri 1000 pesos arg a la caja,gasto,1000,ARS,Savings,savings,add_expense,1.0,1000,,,,,,,,,,
guarde 300 quetzalitos pa viaje,gasto,300,GTQ,Savings,cash,add_expense,1.0,300,,,,,,,,,,
puse 150 lucas peruanas en mi cuenta,gasto,150,PEN,Savings,savings,add_expense,1.0,150,,,,,,,,,,
aparte 200 bolas pa reparar el auto,gasto,200,BOB,Savings,cash,add_expense,1.0,200,,,,,,,,,,
save 10 euros from the tip,gasto,10,EUR,Savings,cash,add_expense,1.0,10,,,,,,,,,,
set aside 5000 yen for the con,gasto,5000,JPY,Savings,savings,add_expense,1.0,5000,,,,,,,,,,
moved 25 quid to my holliday fund,gasto,25,GBP,Savings,checking,add_expense,1.0,25,,,,,,,,,,
put 1000 rupees in my emerg fund,gasto,1000,INR,Savings,savings,add_expense,1.0,1000,,,,,,,,,,
kept 2000 kwanzas from this month,gasto,2000,AOA,Savings,cash,add_expense,1.0,2000,,,,,,,,,,
save 50 reais for my mom gift,gasto,50,BRL,Savings,cash,add_expense,1.0,50,,,,,,,,,,
transfiero 1000 lempiras cada quincena,gasto,1000,HNL,Savings,checking,add_expense,1.0,1000,,,,,,,,,,
ahorre 200 pesos uruguayos en el frasco,gasto,200,UYU,Savings,cash,add_expense,1.0,200,,,,,,,,,,
added 75 canadian bucks to emerg fund,gasto,75,CAD,Savings,savings,add_expense,1.0,75,,,,,,,,,,
set aside 120 swiss francs for trip,gasto,120,CHF,Savings,savings,add_expense,1.0,120,,,,,,,,,,
guarde 25 dolares que me sobraron,gasto,25,USD,Savings,cash,add_expense,1.0,25,,,,,,,,,,
ahorre 300 pesos chilenos en mi billetera,gasto,300,CLP,Savings,cash,add_expense,1.0,300,,,,,,,,,,
transfiri 50 mil guaranies a mi ahorro,gasto,50000,PYG,Savings,savings,add_expense,1.0,50000,,,,,,,,,,
aparte 40 dolares pa concierto,gasto,40,USD,Savings,cash,add_expense,1.0,40,,,,,,,,,,
mande 200 soles a mi fondo,gasto,200,PEN,Savings,checking,add_expense,1.0,200,,,,,,,,,,
puse 100 cordobas en mi alcancia,gasto,100,NIO,Savings,cash,add_expense,1.0,100,,,,,,,,,,
ahorre 150 varos del cambio del super,gasto,150,MXN,Savings,cash,add_expense,1.0,150,,,,,,,,,,
reserve 75 dolares pa seguro,gasto,75,USD,Savings,checking,add_expense,1.0,75,,,,,,,,,,
guarde 500 pesos colombianos en una lata,gasto,500,COP,Savings,cash,add_expense,1.0,500,,,,,,,,,,
transfiri 60 quetzales al banco,gasto,60,GTQ,Savings,savings,add_expense,1.0,60,,,,,,,,,,
aparte 30 dolares pa regalo,gasto,30,USD,Savings,cash,add_expense,1.0,30,,,,,,,,,,
save 100 bucks from freelance,gasto,100,USD,Savings,checking,add_expense,1.0,100,,,,,,,,,,
put 45 euros aside for bills,gasto,45,EUR,Savings,savings,add_expense,1.0,45,,,,,,,,,,
moved 60 quid to savings for house,gasto,60,GBP,Savings,checking,add_expense,1.0,60,,,,,,,,,,
set aside 2000 yen for train,gasto,2000,JPY,Savings,cash,add_expense,1.0,2000,,,,,,,,,,
kept 15 dollars for emergencies,gasto,15,USD,Savings,cash,add_expense,1.0,15,,,,,,,,,,
added 3000 rupees to fixed dep,gasto,3000,INR,Savings,investment,add_expense,1.0,3000,,,,,,,,,,
save 50 aus dollars for weekend,gasto,50,AUD,Savings,savings,add_expense,1.0,50,,,,,,,,,,
put 120 reais in vaca fund,gasto,120,BRL,Savings,savings,add_expense,1.0,120,,,,,,,,,,
transferred 2000 ksh to savings,gasto,2000,KES,Savings,checking,add_expense,1.0,2000,,,,,,,,,,
ahorre 40 canadienses pa abrigo,gasto,40,CAD,Savings,cash,add_expense,1.0,40,,,,,,,,,,
guarde 1500 pesos arg en el cajon,gasto,1500,ARS,Savings,cash,add_expense,1.0,1500,,,,,,,,,,
aparte 80 soles pa consulta,gasto,80,PEN,Savings,cash,add_expense,1.0,80,,,,,,,,,,
transfiri 300 bolas pa uni,gasto,300,BOB,Savings,savings,add_expense,1.0,300,,,,,,,,,,
puse 200 pesos uruguayos pa mascotas,gasto,200,UYU,Savings,cash,add_expense,1.0,200,,,,,,,,,,
reserve 50 dolares pa auto,gasto,50,USD,Savings,checking,add_expense,1.0,50,,,,,,,,,,
save 25 swiss francs for ski,gasto,25,CHF,Savings,cash,add_expense,1.0,25,,,,,,,,,,
set aside 1000 kroner for xmas,gasto,1000,NOK,Savings,savings,add_expense,1.0,1000,,,,,,,,,,
moved 3000 koruna to travel fund,gasto,3000,CZK,Savings,checking,add_expense,1.0,3000,,,,,,,,,,
kept 2000 forints for restaurant,gasto,2000,HUF,Savings,cash,add_expense,1.0,2000,,,,,,,,,,
destine 75 dolares de mi bono,gasto,75,USD,Savings,checking,add_expense,1.0,75,,,,,,,,,,
ahorre 200 pesos mex de ropa,gasto,200,MXN,Savings,cash,add_expense,1.0,200,,,,,,,,,,
transfiri 50 soles semanal,gasto,50,PEN,Savings,savings,add_expense,1.0,50,,,,,,,,,,
guarde 30 dolares del cambio,gasto,30,USD,Savings,cash,add_expense,1.0,30,,,,,,,,,,
aparte 1000 pesos col pa paseo,gasto,1000,COP,Savings,cash,add_expense,1.0,1000,,,,,,,,,,
puse 80 quetzales en mi cuenta,gasto,80,GTQ,Savings,savings,add_expense,1.0,80,,,,,,,,,,
reserve 1200 pesos arg pa vacas,gasto,1200,ARS,Savings,cash,add_expense,1.0,1200,,,,,,,,,,
mande 250 cordobas a mi alcancia,gasto,250,NIO,Savings,cash,add_expense,1.0,250,,,,,,,,,,
ahorre 40 dolares de reembolso,gasto,40,USD,Savings,checking,add_expense,1.0,40,,,,,,,,,,
guarde 300 pesos chilenos en caja,gasto,300,CLP,Savings,cash,add_expense,1.0,300,,,,,,,,,,
transfiero 100 mil guaranies cada mes,gasto,100000,PYG,Savings,savings,add_expense,1.0,100000,,,,,,,,,,
save 25 euros from cashback,gasto,25,EUR,Savings,checking,add_expense,1.0,25,,,,,,,,,,
set aside 3000 yen for manga,gasto,3000,JPY,Savings,cash,add_expense,1.0,3000,,,,,,,,,,
put 150 reais in emerg fund,gasto,150,BRL,Savings,savings,add_expense,1.0,150,,,,,,,,,,
moved 80 canadian to savings,gasto,80,CAD,Savings,checking,add_expense,1.0,80,,,,,,,,,,
kept 40 aus from exchange,gasto,40,AUD,Savings,cash,add_expense,1.0,40,,,,,,,,,,
added 5000 ksh to invest,gasto,5000,KES,Savings,investment,add_expense,1.0,5000,,,,,,,,,,
save 2000 phil pesos for reunion,gasto,2000,PHP,Savings,savings,add_expense,1.0,2000,,,,,,,,,,
put 15 swiss francs in piggy,gasto,15,CHF,Savings,cash,add_expense,1.0,15,,,,,,,,,,
transferred 1000 koruna to retirement,gasto,1000,CZK,Savings,savings,add_expense,1.0,1000,,,,,,,,,,
ahorre 150 pesos dominicanos del colmao,gasto,150,DOP,Savings,cash,add_expense,1.0,150,,,,,,,,,,
guarde 70 dolares del reembolso,gasto,70,USD,Savings,checking,add_expense,1.0,70,,,,,,,,,,
aparte 250 soles pa gimnasio,gasto,250,PEN,Savings,cash,add_expense,1.0,250,,,,,,,,,,
transfiri 400 bolas pa negocio,gasto,400,BOB,Savings,savings,add_expense,1.0,400,,,,,,,,,,
puse 300 pesos uruguayos pa ropa,gasto,300,UYU,Savings,cash,add_expense,1.0,300,,,,,,,,,,
reserve 60 dolares pa taller,gasto,60,USD,Savings,checking,add_expense,1.0,60,,,,,,,,,,
save 500 kronor for festival,gasto,500,SEK,Savings,savings,add_expense,1.0,500,,,,,,,,,,
set aside 800 kroner for cabin,gasto,800,NOK,Savings,checking,add_expense,1.0,800,,,,,,,,,,
moved 2500 forints to holiday,gasto,2500,HUF,Savings,savings,add_expense,1.0,2500,,,,,,,,,,
kept 1200 rupees from gift,gasto,1200,INR,Savings,cash,add_expense,1.0,1200,,,,,,,,,,
ahorre 35 dolares de uber,gasto,35,USD,Savings,checking,add_expense,1.0,35,,,,,,,,,,
guarde 180 pesos mex de libros,gasto,180,MXN,Savings,cash,add_expense,1.0,180,,,,,,,,,,
aparte 90 soles pa ingles,gasto,90,PEN,Savings,cash,add_expense,1.0,90,,,,,,,,,,
transfiri 700 pesos col a ahorro,gasto,700,COP,Savings,savings,add_expense,1.0,700,,,,,,,,,,
puse 45 dolares en alcancia,gasto,45,USD,Savings,cash,add_expense,1.0,45,,,,,,,,,,
reserve 300 quetzales pa computadora,gasto,300,GTQ,Savings,checking,add_expense,1.0,300,,,,,,,,,,
save 1200 arg pesos from market,gasto,1200,ARS,Savings,cash,add_expense,1.0,1200,,,,,,,,,,
set aside 50 chilean coins,gasto,50,CLP,Savings,cash,add_expense,1.0,50,,,,,,,,,,
put 4000 yen for new camera,gasto,4000,JPY,Savings,savings,add_expense,1.0,4000,,,,,,,,,,
moved 25 quid to emerg envelope,gasto,25,GBP,Savings,cash,add_expense,1.0,25,,,,,,,,,,
Recibi mi sueldo de 3000 en la cuenta General,ingreso,3000.0,USD,salary,General,add_income,1.0,3000.0,,,,,,,,,,
Me cayeron 200 de bonificacion en General,ingreso,200.0,USD,salary,General,add_income,1.0,200.0,,,,,,,,,,
Me entro un transfer de 1000 del banco,ingreso,1000.0,USD,other_income,,add_income,1.0,1000.0,,,,,,,,,,
Registra un ingreso de 500 por consultoria en Savings,ingreso,500.0,USD,other_income,Savings,add_income,1.0,500.0,,,,,,,,,,
Recibi 2500 de salario en mi cuenta de nomina,ingreso,2500.0,USD,salary,General,add_income,1.0,2500.0,,,,,,,,,,
Me pagaron 800 por trabajo freelance en Savings,ingreso,800.0,USD,other_income,Savings,add_income,1.0,800.0,,,,,,,,,,
Registra ingreso de 15000 MXN en General con tipo de cambio 0.05,ingreso,15000.0,USD,salary,General,add_income,0.05,750.0,,,,,,,,,,
Recibi mi quincena de 1500 en la cuenta nomina,ingreso,1500.0,USD,salary,General,add_income,1.0,1500.0,,,,,,,,,,
Cobre 350 por renta de departamento en checking,ingreso,350.0,USD,other_income,checking,add_income,1.0,350.0,,,,,,,,,,
Me depositaron 600 de aguinaldo en Savings,ingreso,600.0,USD,salary,Savings,add_income,1.0,600.0,,,,,,,,,,
Registra 250 de comision por ventas en General,ingreso,250.0,USD,other_income,General,add_income,1.0,250.0,,,,,,,,,,
Recibi 1800 EUR de proyecto europeo con rate 1.1,ingreso,1800.0,USD,other_income,,add_income,1.1,1980.0,,,,,,,,,,
Me cayeron 100 de intereses en Savings,ingreso,100.0,USD,other_income,Savings,add_income,1.0,100.0,,,,,,,,,,
Recibi 4000 de mi sueldo mensual en General,ingreso,4000.0,USD,salary,General,add_income,1.0,4000.0,,,,,,,,,,
Cobre 120 por venta de articulos usados en checking,ingreso,120.0,USD,other_income,checking,add_income,1.0,120.0,,,,,,,,,,
Registra un ingreso de 900 por servicios profesionales,ingreso,900.0,USD,other_income,,add_income,1.0,900.0,,,,,,,,,,
Me entro 3500 de mi trabajo principal en General,ingreso,3500.0,USD,salary,General,add_income,1.0,3500.0,,,,,,,,,,
Recibi 75 de reembolso de empresa en checking,ingreso,75.0,USD,other_income,checking,add_income,1.0,75.0,,,,,,,,,,
Me depositaron bono de 400 en Savings,ingreso,400.0,USD,salary,Savings,add_income,1.0,400.0,,,,,,,,,,
Registra ingreso de 2200 por proyecto en General,ingreso,2200.0,USD,other_income,General,add_income,1.0,2200.0,,,,,,,,,,
Gane 300 haciendo diseño grafico en checking,ingreso,300.0,USD,other_income,checking,add_income,1.0,300.0,,,,,,,,,,
Ingreso de 5000 por venta de vehiculo en General,ingreso,5000.0,USD,other_income,General,add_income,1.0,5000.0,,,,,,,,,,
Me pagaron 180 de royalties en Savings,ingreso,180.0,USD,other_income,Savings,add_income,1.0,180.0,,,,,,,,,,
Recibi 650 de dividendos en General,ingreso,650.0,USD,other_income,General,add_income,1.0,650.0,,,,,,,,,,
Registra 2800 de honorarios en checking,ingreso,2800.0,USD,other_income,checking,add_income,1.0,2800.0,,,,,,,,,,
Me entro 450 por trabajo de fin de semana en General,ingreso,450.0,USD,other_income,General,add_income,1.0,450.0,,,,,,,,,,
Recibi 3200 de sueldo de enero en General,ingreso,3200.0,USD,salary,General,add_income,1.0,3200.0,,,,,,,,,,
Me depositaron 550 de vacaciones pagadas en Savings,ingreso,550.0,USD,salary,Savings,add_income,1.0,550.0,,,,,,,,,,
Cobre 1100 por capacitacion empresarial en checking,ingreso,1100.0,USD,other_income,checking,add_income,1.0,1100.0,,,,,,,,,,
Registra ingreso de 85 por trabajo de mensajeria,ingreso,85.0,USD,other_income,,add_income,1.0,85.0,,,,,,,,,,
Me llegaron 2000 de remesas desde el extranjero en General,ingreso,2000.0,USD,other_income,General,add_income,1.0,2000.0,,,,,,,,,,
Recibi 700 de pension alimenticia en Savings,ingreso,700.0,USD,other_income,Savings,add_income,1.0,700.0,,,,,,,,,,
Registra 9000 MXN de sueldo con cambio 0.052,ingreso,9000.0,USD,salary,General,add_income,0.052,468.0,,,,,,,,,,
Me entro 160 de ingresos por clases de idiomas en General,ingreso,160.0,USD,other_income,General,add_income,1.0,160.0,,,,,,,,,,
Gane 2400 en concurso en checking,ingreso,2400.0,USD,other_income,checking,add_income,1.0,2400.0,,,,,,,,,,
Registra 380 de ingreso por servicios de limpieza en General,ingreso,380.0,USD,other_income,General,add_income,1.0,380.0,,,,,,,,,,
Me cayeron 1700 de pago de seguro en Savings,ingreso,1700.0,USD,other_income,Savings,add_income,1.0,1700.0,,,,,,,,,,
Recibi 220 de comision de afiliados en checking,ingreso,220.0,USD,other_income,checking,add_income,1.0,220.0,,,,,,,,,,
Deposito de 4500 de mi sueldo bimestral en General,ingreso,4500.0,USD,salary,General,add_income,1.0,4500.0,,,,,,,,,,
Registra 95 de ingreso por venta de artesanias,ingreso,95.0,USD,other_income,,add_income,1.0,95.0,,,,,,,,,,
Recibi 1300 EUR de cliente europeo con rate 1.08,ingreso,1300.0,USD,other_income,Savings,add_income,1.08,1404.0,,,,,,,,,,
Me pagaron 500 por consulta medica privada en General,ingreso,500.0,USD,other_income,General,add_income,1.0,500.0,,,,,,,,,,
Registra bono de productividad de 350 en General,ingreso,350.0,USD,salary,General,add_income,1.0,350.0,,,,,,,,,,
Ingrese 2100 por venta de equipo usado en checking,ingreso,2100.0,USD,other_income,checking,add_income,1.0,2100.0,,,,,,,,,,
Recibi 8000 MXN de aguinaldo con cambio 0.055,ingreso,8000.0,USD,salary,Savings,add_income,0.055,440.0,,,,,,,,,,
Me entro pago de 600 por tutoria en General,ingreso,600.0,USD,other_income,General,add_income,1.0,600.0,,,,,,,,,,
Registra 1600 de sueldo de medio tiempo en checking,ingreso,1600.0,USD,salary,checking,add_income,1.0,1600.0,,,,,,,,,,
Me depositaron 90 de cashback de tarjeta en Savings,ingreso,90.0,USD,other_income,Savings,add_income,1.0,90.0,,,,,,,,,,
Gane 3100 en proyecto de construccion en General,ingreso,3100.0,USD,other_income,General,add_income,1.0,3100.0,,,,,,,,,,
Registra 270 de ingresos por podcasting en checking,ingreso,270.0,USD,other_income,checking,add_income,1.0,270.0,,,,,,,,,,
Recibi 1050 de mi sueldo parcial en General,ingreso,1050.0,USD,salary,General,add_income,1.0,1050.0,,,,,,,,,,
Me pagaron 430 por trabajo de fotografia en Savings,ingreso,430.0,USD,other_income,Savings,add_income,1.0,430.0,,,,,,,,,,
Ingreso de 780 por clases de yoga en checking,ingreso,780.0,USD,other_income,checking,add_income,1.0,780.0,,,,,,,,,,
Registra 2700 de contrato por servicios IT en General,ingreso,2700.0,USD,other_income,General,add_income,1.0,2700.0,,,,,,,,,,
Me cayeron 115 de rifas y sorteos en General,ingreso,115.0,USD,other_income,General,add_income,1.0,115.0,,,,,,,,,,
Recibi 3800 de freelance en USD en Savings,ingreso,3800.0,USD,other_income,Savings,add_income,1.0,3800.0,,,,,,,,,,
Registra 140 de alquiler de equipo en checking,ingreso,140.0,USD,other_income,checking,add_income,1.0,140.0,,,,,,,,,,
Me entro 2300 de mis ahorros liquidados en General,ingreso,2300.0,USD,other_income,General,add_income,1.0,2300.0,,,,,,,,,,
Cobre 1900 por proyecto web en Savings,ingreso,1900.0,USD,other_income,Savings,add_income,1.0,1900.0,,,,,,,,,,
Recibi 360 de recuperacion de deuda en checking,ingreso,360.0,USD,other_income,checking,add_income,1.0,360.0,,,,,,,,,,
Gaste 500 MXN en comida desde General,gasto,500.0,USD,food,General,add_expense,0.058,29.0,,,,,,,,,,
Pague 150 de renta en la tarjeta de credito,gasto,150.0,USD,housing,,add_expense,1.0,150.0,,,,,,,,,,
Desembolse 80 en transporte desde tarjeta,gasto,80.0,USD,transport,,add_expense,1.0,80.0,,,,,,,,,,
Gaste 35 en comida rapida ayer,gasto,35.0,USD,food,,add_expense,1.0,35.0,,,,,,,,,,
Registra un gasto de 60 en medicamentos desde General,gasto,60.0,USD,health,General,add_expense,1.0,60.0,,,,,,,,,,
Pague 45 de agua y luz en checking,gasto,45.0,USD,utilities,checking,add_expense,1.0,45.0,,,,,,,,,,
Gaste 120 en ropa en el centro comercial,gasto,120.0,USD,other,,add_expense,1.0,120.0,,,,,,,,,,
Desembolse 30 en gasolina desde tarjeta,gasto,30.0,USD,transport,,add_expense,1.0,30.0,,,,,,,,,,
Pague 20 de suscripcion de streaming desde Savings,gasto,20.0,USD,entertainment,Savings,add_expense,1.0,20.0,,,,,,,,,,
Registra gasto de 200 en seguro de salud en General,gasto,200.0,USD,health,General,add_expense,1.0,200.0,,,,,,,,,,
Gaste 55 en supermercado desde tarjeta de debito,gasto,55.0,USD,food,,add_expense,1.0,55.0,,,,,,,,,,
Pague 90 de internet en checking,gasto,90.0,USD,utilities,checking,add_expense,1.0,90.0,,,,,,,,,,
Desembolse 250 en mantenimiento de auto desde General,gasto,250.0,USD,transport,General,add_expense,1.0,250.0,,,,,,,,,,
Gaste 18 en cafe desde tarjeta,gasto,18.0,USD,food,,add_expense,1.0,18.0,,,,,,,,,,
Pague 700 de hipoteca en checking,gasto,700.0,USD,housing,checking,add_expense,1.0,700.0,,,,,,,,,,
Registra gasto de 40 en cine desde Savings,gasto,40.0,USD,entertainment,Savings,add_expense,1.0,40.0,,,,,,,,,,
Gaste 1200 MXN en farmacia con cambio de 0.05,gasto,1200.0,USD,health,,add_expense,0.05,60.0,,,,,,,,,,
Pague 15 de parquimetro desde tarjeta,gasto,15.0,USD,transport,,add_expense,1.0,15.0,,,,,,,,,,
Desembolse 85 en cena de restaurante desde General,gasto,85.0,USD,food,General,add_expense,1.0,85.0,,,,,,,,,,
Registra gasto de 300 en pasaje aereo desde checking,gasto,300.0,USD,transport,checking,add_expense,1.0,300.0,,,,,,,,,,
Gaste 75 en libros desde Savings,gasto,75.0,USD,other,Savings,add_expense,1.0,75.0,,,,,,,,,,
Pague 500 de seguro de auto en General,gasto,500.0,USD,transport,General,add_expense,1.0,500.0,,,,,,,,,,
Desembolse 110 en telefono desde checking,gasto,110.0,USD,utilities,checking,add_expense,1.0,110.0,,,,,,,,,,
Gaste 22 en papeleria desde tarjeta,gasto,22.0,USD,other,,add_expense,1.0,22.0,,,,,,,,,,
Pague 60 de suscripcion al gimnasio en General,gasto,60.0,USD,health,General,add_expense,1.0,60.0,,,,,,,,,,
Registra 180 de gasto en reparacion de plomeria en checking,gasto,180.0,USD,housing,checking,add_expense,1.0,180.0,,,,,,,,,,
Gaste 33 en snacks para la oficina desde General,gasto,33.0,USD,food,General,add_expense,1.0,33.0,,,,,,,,,,
Pague 95 de seguro de vida en Savings,gasto,95.0,USD,health,Savings,add_expense,1.0,95.0,,,,,,,,,,
Desembolse 400 en electrodomesticos desde checking,gasto,400.0,USD,housing,checking,add_expense,1.0,400.0,,,,,,,,,,
Registra gasto de 27 en aplicaciones moviles desde General,gasto,27.0,USD,entertainment,General,add_expense,1.0,27.0,,,,,,,,,,
Gaste 50 en decoracion del hogar desde tarjeta,gasto,50.0,USD,housing,,add_expense,1.0,50.0,,,,,,,,,,
Pague 130 de deuda de tarjeta en checking,gasto,130.0,USD,other,checking,add_expense,1.0,130.0,,,,,,,,,,
Desembolse 65 en vitaminas desde General,gasto,65.0,USD,health,General,add_expense,1.0,65.0,,,,,,,,,,
Gaste 200 en material de oficina desde checking,gasto,200.0,USD,other,checking,add_expense,1.0,200.0,,,,,,,,,,
Pague 2500 MXN de renta con cambio 0.05,gasto,2500.0,USD,housing,,add_expense,0.05,125.0,,,,,,,,,,
Registra gasto de 48 en transporte publico desde tarjeta,gasto,48.0,USD,transport,,add_expense,1.0,48.0,,,,,,,,,,
Gaste 160 en cena familiar desde General,gasto,160.0,USD,food,General,add_expense,1.0,160.0,,,,,,,,,,
Pague 80 de cuota de condominio en checking,gasto,80.0,USD,housing,checking,add_expense,1.0,80.0,,,,,,,,,,
Desembolse 45 en herramientas de trabajo desde Savings,gasto,45.0,USD,other,Savings,add_expense,1.0,45.0,,,,,,,,,,
Registra 12 de cafe diario desde tarjeta,gasto,12.0,USD,food,,add_expense,1.0,12.0,,,,,,,,,,
Gaste 350 en reparacion de computadora desde General,gasto,350.0,USD,other,General,add_expense,1.0,350.0,,,,,,,,,,
Pague 55 de plan de datos desde checking,gasto,55.0,USD,utilities,checking,add_expense,1.0,55.0,,,,,,,,,,
Desembolse 90 en clases de musica desde Savings,gasto,90.0,USD,entertainment,Savings,add_expense,1.0,90.0,,,,,,,,,,
Gaste 175 en muebles desde checking,gasto,175.0,USD,housing,checking,add_expense,1.0,175.0,,,,,,,,,,
Pague 28 de peaje en auto desde tarjeta,gasto,28.0,USD,transport,,add_expense,1.0,28.0,,,,,,,,,,
Registra gasto de 700 EUR en vacaciones con rate 1.1,gasto,700.0,USD,other,,add_expense,1.1,770.0,,,,,,,,,,
Gaste 38 en productos de limpieza desde General,gasto,38.0,USD,other,General,add_expense,1.0,38.0,,,,,,,,,,
Pague 230 de mensualidad universitaria en checking,gasto,230.0,USD,other,checking,add_expense,1.0,230.0,,,,,,,,,,
Desembolse 70 en jardineria desde Savings,gasto,70.0,USD,housing,Savings,add_expense,1.0,70.0,,,,,,,,,,
Registra 44 de gasto en entretenimiento infantil desde General,gasto,44.0,USD,entertainment,General,add_expense,1.0,44.0,,,,,,,,,,
Gaste 1400 MXN en despensa con cambio 0.058,gasto,1400.0,USD,food,General,add_expense,0.058,81.2,,,,,,,,,,
Pague 500 de impuesto predial en checking,gasto,500.0,USD,housing,checking,add_expense,1.0,500.0,,,,,,,,,,
Desembolse 66 en cosmeticos desde tarjeta,gasto,66.0,USD,other,,add_expense,1.0,66.0,,,,,,,,,,
Gaste 190 en equipo deportivo desde General,gasto,190.0,USD,health,General,add_expense,1.0,190.0,,,,,,,,,,
Pague 32 de estacionamiento en checking,gasto,32.0,USD,transport,checking,add_expense,1.0,32.0,,,,,,,,,,
Registra 85 de gasto en mascotas desde Savings,gasto,85.0,USD,other,Savings,add_expense,1.0,85.0,,,,,,,,,,
Gaste 220 en television por cable en General,gasto,220.0,USD,entertainment,General,add_expense,1.0,220.0,,,,,,,,,,
Pague 15 de recarga de transporte desde tarjeta,gasto,15.0,USD,transport,,add_expense,1.0,15.0,,,,,,,,,,
Desembolse 140 en ropa de temporada desde checking,gasto,140.0,USD,other,checking,add_expense,1.0,140.0,,,,,,,,,,
Registra gasto de 310 en dentista desde General,gasto,310.0,USD,health,General,add_expense,1.0,310.0,,,,,,,,,,
Quiero ver mis gastos de este mes,,,USD,,,report,,,expenses,this_month,,,,,,,,
Dame un balance del 2026-01-01 al 2026-01-31 para la cuenta General,,,USD,,,report,,,balance,custom,2026-01-01,2026-01-31,,General,,,,
Resumen de gastos de comida de los ultimos 3 meses,,,USD,food,,report,,,summary,last_3_months,,,food,,,,,
Cuanto gaste en total este ano,,,USD,,,report,,,expenses,this_year,,,,,,,,
Cual fue mi gasto total en comida este mes,,,USD,food,,report,,,expenses,this_month,,,food,,,,,
Quiero saber el saldo en mi cuenta Savings,,,USD,,Savings,report,,,balance,this_month,,,,Savings,,,,
Muestra mis ingresos del mes pasado,,,USD,,,report,,,incomes,last_month,,,,,,,,
Dame el flujo de efectivo de este ano,,,USD,,,report,,,cashflow,this_year,,,,,,,,
Reporte de gastos de transporte del mes pasado,,,USD,transport,,report,,,expenses,last_month,,,transport,,,,,
Resumen financiero del 2026-02-01 al 2026-02-28,,,USD,,,report,,,summary,custom,2026-02-01,2026-02-28,,,,,,
Cuanto ingrese este mes,,,USD,,,report,,,incomes,this_month,,,,,,,,
Balance general del ultimo mes en General,,,USD,,General,report,,,balance,last_month,,,,General,,,,
Reporte de gastos de salud de los ultimos 3 meses,,,USD,health,,report,,,expenses,last_3_months,,,health,,,,,
Quiero ver mis gastos de vivienda este ano,,,USD,housing,,report,,,expenses,this_year,,,housing,,,,,
Flujo de caja de los ultimos 3 meses,,,USD,,,report,,,cashflow,last_3_months,,,,,,,,
Resumen de todos mis movimientos de este mes,,,USD,,,report,,,summary,this_month,,,,,,,,
Que gastos tuve en entretenimiento el mes pasado,,,USD,entertainment,,report,,,expenses,last_month,,,entertainment,,,,,
Balance de mi cuenta checking del 2026-03-01 al 2026-03-31,,,USD,,checking,report,,,balance,custom,2026-03-01,2026-03-31,,checking,,,,
Ingresos por categoria de este ano,,,USD,,,report,,,incomes,this_year,,,,,,,,
Reporte de gastos de servicios de los ultimos 3 meses,,,USD,utilities,,report,,,expenses,last_3_months,,,utilities,,,,,
Muestra el cashflow de este mes,,,USD,,,report,,,cashflow,this_month,,,,,,,,
Cuales fueron mis gastos de enero del 2026,,,USD,,,report,,,expenses,custom,2026-01-01,2026-01-31,,,,,,
Resumen de ingresos de mi cuenta Savings del ultimo mes,,,USD,,Savings,report,,,incomes,last_month,,,,Savings,,,,
Reporte de balance de este ano,,,USD,,,report,,,balance,this_year,,,,,,,,
Ver gastos de transporte en checking este mes,,,USD,transport,checking,report,,,expenses,this_month,,,transport,checking,,,,
Cuanto gaste en comida de febrero del 2026,,,USD,food,,report,,,expenses,custom,2026-02-01,2026-02-28,food,,,,,
Ingresos totales del ano pasado,,,USD,,,report,,,incomes,this_year,,,,,,,,
Resumen financiero del ultimo trimestre,,,USD,,,report,,,summary,last_3_months,,,,,,,,
Gastos de educacion de los ultimos 3 meses,,,USD,other,,report,,,expenses,last_3_months,,,other,,,,,
Balance de mi cuenta General este ano,,,USD,,General,report,,,balance,this_year,,,,General,,,,
Ver mis ingresos del 2026-01-01 al 2026-06-30,,,USD,,,report,,,incomes,custom,2026-01-01,2026-06-30,,,,,,
Reporte de gastos de salud en Savings este mes,,,USD,health,Savings,report,,,expenses,this_month,,,health,Savings,,,,
Flujo de efectivo de los ultimos tres meses,,,USD,,,report,,,cashflow,last_3_months,,,,,,,,
Cuales son mis mayores gastos del mes pasado,,,USD,,,report,,,expenses,last_month,,,,,,,,
Resumen de movimientos del 2026-03-01 al 2026-03-15,,,USD,,,report,,,summary,custom,2026-03-01,2026-03-15,,,,,,
Ingresos y egresos de este mes,,,USD,,,report,,,cashflow,this_month,,,,,,,,
Reporte de gastos de entretenimiento en General este mes,,,USD,entertainment,General,report,,,expenses,this_month,,,entertainment,General,,,,
Balance de cuentas del mes pasado,,,USD,,,report,,,balance,last_month,,,,,,,,
Gastos de vivienda del 2026-01-01 al 2026-03-31,,,USD,housing,,report,,,expenses,custom,2026-01-01,2026-03-31,housing,,,,,
Reporte de ingresos de los ultimos tres meses,,,USD,,,report,,,incomes,last_3_months,,,,,,,,
Analiza mis datos de este mes,,,USD,,,data_analysis,,,,this_month,,,,,,,,
Analiza mis gastos de salud el mes pasado,,,USD,health,,data_analysis,,,,last_month,,,health,,,,,
Analiza mis datos del 2026-02-01 al 2026-02-28 en Savings,,,USD,,Savings,data_analysis,,,,custom,2026-02-01,2026-02-28,,Savings,,,,
Cual es mi mayor gasto este mes,,,USD,,,data_analysis,,,,this_month,,,,,,,,
Analiza mis gastos de entretenimiento de los ultimos 3 meses,,,USD,entertainment,,data_analysis,,,,last_3_months,,,entertainment,,,,,
Cual es la tendencia de mis gastos de transporte este ano,,,USD,transport,,data_analysis,,,,this_year,,,transport,,,,,
Analiza mis patrones de gasto en food del mes pasado,,,USD,food,,data_analysis,,,,last_month,,,food,,,,,
Muestra el analisis de mis ingresos de este ano,,,USD,,,data_analysis,,,,this_year,,,,,,,,
Analiza mis gastos de utilities en checking este mes,,,USD,utilities,checking,data_analysis,,,,this_month,,,utilities,checking,,,,
Revision de gastos del 2026-01-01 al 2026-01-31,,,USD,,,data_analysis,,,,custom,2026-01-01,2026-01-31,,,,,,
Analiza en que gasto mas en los ultimos 3 meses,,,USD,,,data_analysis,,,,last_3_months,,,,,,,,
Cuales son mis categorias mas costosas este mes,,,USD,,,data_analysis,,,,this_month,,,,,,,,
Analiza mi comportamiento de gastos de salud este ano,,,USD,health,,data_analysis,,,,this_year,,,health,,,,,
Revision de mis movimientos en General el mes pasado,,,USD,,General,data_analysis,,,,last_month,,,,General,,,,
Analiza mis gastos de housing del trimestre,,,USD,housing,,data_analysis,,,,last_3_months,,,housing,,,,,
Con que frecuencia gasto en restaurantes este mes,,,USD,food,,data_analysis,,,,this_month,,,food,,,,,
Analiza mis gastos del 2026-02-01 al 2026-03-31,,,USD,,,data_analysis,,,,custom,2026-02-01,2026-03-31,,,,,,
Como han evolucionado mis ingresos este ano,,,USD,,,data_analysis,,,,this_year,,,,,,,,
Analiza mis gastos en Savings los ultimos 3 meses,,,USD,,Savings,data_analysis,,,,last_3_months,,,,Savings,,,,
Cual fue mi gasto mas alto el mes pasado,,,USD,,,data_analysis,,,,last_month,,,,,,,,
Cuentame un chiste,,,USD,,,none,,,,,,,,,,,,"Disculpa, solo puedo ayudarte a registrar ingresos, gastos y analizar tus finanzas personales."
Dame recomendaciones de ahorro,,,USD,,,none,,,,,,,,,,,,Para eso necesitarias ayuda de un asesor financiero. Yo solo puedo registrar transacciones y analizar tus datos.
Que clima hace hoy,,,USD,,,none,,,,,,,,,,,,"Disculpa, esa consulta esta fuera de mi alcance. Solo puedo ayudarte con tus finanzas personales."
Quien gano el partido ayer,,,USD,,,none,,,,,,,,,,,,"No tengo informacion sobre eventos deportivos. Puedo ayudarte a registrar gastos, ingresos y analizar tus finanzas."
Puedes hacer una lista de compras,,,USD,,,none,,,,,,,,,,,,Eso esta fuera de mis capacidades. Me especializo en registro y analisis de finanzas personales.
Que es blockchain,,,USD,,,none,,,,,,,,,,,,No estoy capacitado para responder preguntas generales de tecnologia. Solo puedo ayudarte con tus finanzas personales.
Como aprendo a invertir en bolsa,,,USD,,,none,,,,,,,,,,,,"Eso requiere un asesor de inversiones. Yo me limito a registrar tus ingresos, gastos y generar reportes financieros."
Cual es la capital de Francia,,,USD,,,none,,,,,,,,,,,,No tengo informacion geografica. Mi funcion es ayudarte a gestionar tus finanzas personales.
Dame una receta de cocina,,,USD,,,none,,,,,,,,,,,,"No puedo darte recetas. Puedo ayudarte a registrar tus gastos de comida, ingresos y analizar tus finanzas."
Hablame de la historia de Roma,,,USD,,,none,,,,,,,,,,,,"Estoy aqui para ayudarte con tus finanzas, no con historia. Puedo registrar tus gastos e ingresos."
Que pelicula me recomiendas ver,,,USD,,,none,,,,,,,,,,,,No tengo recomendaciones de entretenimiento. Puedo ayudarte a rastrear tus gastos de entretenimiento.
Puedes traducir un texto al ingles,,,USD,,,none,,,,,,,,,,,,No tengo capacidad de traduccion. Soy un asistente financiero enfocado en registrar y analizar tus finanzas.
Cual es el precio del dolar hoy,,,USD,,,none,,,,,,,,,,,,No tengo acceso a precios en tiempo real. Pero puedo registrar tus transacciones con el tipo de cambio que me indiques.
Ayudame a redactar un correo,,,USD,,,none,,,,,,,,,,,,No puedo redactar correos. Mi funcion es ayudarte a gestionar tus finanzas personales.
Que es la inflacion,,,USD,,,none,,,,,,,,,,,,"Puedo darte una breve idea: la inflacion es el aumento general de precios. Para mas detalle, te recomiendo un asesor economico. Yo me enfoco en tus finanzas personales."
Cuantos dias tiene un ano bisiesto,,,USD,,,none,,,,,,,,,,,,"Esa consulta esta fuera de mi area. Soy MIRA, tu asistente financiero personal."
Sabes programar en Python,,,USD,,,none,,,,,,,,,,,,No estoy disenado para tareas de programacion. Puedo ayudarte a registrar y analizar tus finanzas.
Cuentame sobre los planetas,,,USD,,,none,,,,,,,,,,,,"Eso va mas alla de mi alcance. Puedo ayudarte con tus ingresos, gastos y analisis financiero."
Que es el PIB de Mexico,,,USD,,,none,,,,,,,,,,,,No tengo datos macroeconómicos actualizados. Mi funcion es ayudarte a gestionar tus finanzas personales.
Ayudame a hacer un presupuesto familiar,,,USD,,,none,,,,,,,,,,,,Eso esta fuera de mis funciones actuales. Puedo registrar tus transacciones y mostrarte reportes de gastos e ingresos.
Register income of 1200 EUR in Savings with base USD and exchange rate 1.08,ingreso,1200.0,USD,salary,Savings,add_income,1.08,1296.0,,,,,,,,,,
I earned 500 from freelancing in my savings,ingreso,500.0,USD,other_income,savings,add_income,1.0,500.0,,,,,,,,,,
Add income of 3000 for monthly salary in General,ingreso,3000.0,USD,salary,General,add_income,1.0,3000.0,,,,,,,,,,
Record a bonus of 400 in Savings account,ingreso,400.0,USD,salary,Savings,add_income,1.0,400.0,,,,,,,,,,
I received 750 from a client payment in checking,ingreso,750.0,USD,other_income,checking,add_income,1.0,750.0,,,,,,,,,,
Add 2800 salary to my General account,ingreso,2800.0,USD,salary,General,add_income,1.0,2800.0,,,,,,,,,,
Got 150 interest from savings account,ingreso,150.0,USD,other_income,Savings,add_income,1.0,150.0,,,,,,,,,,
Register 600 from rental income in General,ingreso,600.0,USD,other_income,General,add_income,1.0,600.0,,,,,,,,,,
Add income of 200 for side project in checking,ingreso,200.0,USD,other_income,checking,add_income,1.0,200.0,,,,,,,,,,
I received my paycheck of 3500 in General,ingreso,3500.0,USD,salary,General,add_income,1.0,3500.0,,,,,,,,,,
Record 1000 EUR freelance payment with rate 1.1 in Savings,ingreso,1000.0,USD,other_income,Savings,add_income,1.1,1100.0,,,,,,,,,,
Add 90 for sold items online in checking,ingreso,90.0,USD,other_income,checking,add_income,1.0,90.0,,,,,,,,,,
Register 4500 annual bonus in Savings,ingreso,4500.0,USD,salary,Savings,add_income,1.0,4500.0,,,,,,,,,,
I got paid 180 for tutoring in General,ingreso,180.0,USD,other_income,General,add_income,1.0,180.0,,,,,,,,,,
Add income 2000 from consulting project in checking,ingreso,2000.0,USD,other_income,checking,add_income,1.0,2000.0,,,,,,,,,,
Record salary of 2600 in General account,ingreso,2600.0,USD,salary,General,add_income,1.0,2600.0,,,,,,,,,,
I received a 300 refund from insurance in Savings,ingreso,300.0,USD,other_income,Savings,add_income,1.0,300.0,,,,,,,,,,
Add 1400 from part-time job in General,ingreso,1400.0,USD,salary,General,add_income,1.0,1400.0,,,,,,,,,,
Got 50 dividend payment to my savings account,ingreso,50.0,USD,other_income,savings,add_income,1.0,50.0,,,,,,,,,,
Register income 800 for photography gig in General,ingreso,800.0,USD,other_income,General,add_income,1.0,800.0,,,,,,,,,,
I earned 220 from affiliate commissions in checking,ingreso,220.0,USD,other_income,checking,add_income,1.0,220.0,,,,,,,,,,
Add 5000 from vehicle sale to General account,ingreso,5000.0,USD,other_income,General,add_income,1.0,5000.0,,,,,,,,,,
Record 180 royalties payment in Savings,ingreso,180.0,USD,other_income,Savings,add_income,1.0,180.0,,,,,,,,,,
Received 650 in dividends in General,ingreso,650.0,USD,other_income,General,add_income,1.0,650.0,,,,,,,,,,
Add 2800 professional fees to checking account,ingreso,2800.0,USD,other_income,checking,add_income,1.0,2800.0,,,,,,,,,,
Got paid 450 for weekend work in General,ingreso,450.0,USD,other_income,General,add_income,1.0,450.0,,,,,,,,,,
Register January salary of 3200 in General,ingreso,3200.0,USD,salary,General,add_income,1.0,3200.0,,,,,,,,,,
Received 550 paid vacation in Savings,ingreso,550.0,USD,salary,Savings,add_income,1.0,550.0,,,,,,,,,,
Add 1100 corporate training income in checking,ingreso,1100.0,USD,other_income,checking,add_income,1.0,1100.0,,,,,,,,,,
Record 85 delivery job income,ingreso,85.0,USD,other_income,,add_income,1.0,85.0,,,,,,,,,,
Got 2000 remittance from abroad in General,ingreso,2000.0,USD,other_income,General,add_income,1.0,2000.0,,,,,,,,,,
Add 700 alimony income to Savings,ingreso,700.0,USD,other_income,Savings,add_income,1.0,700.0,,,,,,,,,,
Record 9000 MXN salary with rate 0.052 in General,ingreso,9000.0,USD,salary,General,add_income,0.052,468.0,,,,,,,,,,
Received 160 from language classes in General,ingreso,160.0,USD,other_income,General,add_income,1.0,160.0,,,,,,,,,,
Won 2400 in contest prize in checking,ingreso,2400.0,USD,other_income,checking,add_income,1.0,2400.0,,,,,,,,,,
Add 380 cleaning services income in General,ingreso,380.0,USD,other_income,General,add_income,1.0,380.0,,,,,,,,,,
Received 1700 insurance payout in Savings,ingreso,1700.0,USD,other_income,Savings,add_income,1.0,1700.0,,,,,,,,,,
Register 220 from affiliate program in checking,ingreso,220.0,USD,other_income,checking,add_income,1.0,220.0,,,,,,,,,,
Add bimonthly salary of 4500 in General,ingreso,4500.0,USD,salary,General,add_income,1.0,4500.0,,,,,,,,,,
Record 95 handcraft sale income,ingreso,95.0,USD,other_income,,add_income,1.0,95.0,,,,,,,,,,
Received 1300 EUR from European client with rate 1.08,ingreso,1300.0,USD,other_income,Savings,add_income,1.08,1404.0,,,,,,,,,,
Got paid 500 for private medical consultation in General,ingreso,500.0,USD,other_income,General,add_income,1.0,500.0,,,,,,,,,,
Add productivity bonus of 350 in General,ingreso,350.0,USD,salary,General,add_income,1.0,350.0,,,,,,,,,,
Record 2100 from equipment sale in checking,ingreso,2100.0,USD,other_income,checking,add_income,1.0,2100.0,,,,,,,,,,
Received 8000 MXN bonus with rate 0.055 in Savings,ingreso,8000.0,USD,salary,Savings,add_income,0.055,440.0,,,,,,,,,,
Got 600 tutoring payment in General,ingreso,600.0,USD,other_income,General,add_income,1.0,600.0,,,,,,,,,,
Add 1600 part-time salary in checking,ingreso,1600.0,USD,salary,checking,add_income,1.0,1600.0,,,,,,,,,,
Received 90 credit card cashback in Savings,ingreso,90.0,USD,other_income,Savings,add_income,1.0,90.0,,,,,,,,,,
Earned 3100 from construction project in General,ingreso,3100.0,USD,other_income,General,add_income,1.0,3100.0,,,,,,,,,,
Record 270 podcast income in checking,ingreso,270.0,USD,other_income,checking,add_income,1.0,270.0,,,,,,,,,,
I received partial salary of 1050 in General,ingreso,1050.0,USD,salary,General,add_income,1.0,1050.0,,,,,,,,,,
Got paid 430 for photography in Savings,ingreso,430.0,USD,other_income,Savings,add_income,1.0,430.0,,,,,,,,,,
Add 780 yoga class income in checking,ingreso,780.0,USD,other_income,checking,add_income,1.0,780.0,,,,,,,,,,
Record 2700 IT services contract in General,ingreso,2700.0,USD,other_income,General,add_income,1.0,2700.0,,,,,,,,,,
Won 115 in a raffle in General,ingreso,115.0,USD,other_income,General,add_income,1.0,115.0,,,,,,,,,,
Received 3800 USD freelance payment in Savings,ingreso,3800.0,USD,other_income,Savings,add_income,1.0,3800.0,,,,,,,,,,
Add 140 equipment rental income in checking,ingreso,140.0,USD,other_income,checking,add_income,1.0,140.0,,,,,,,,,,
Received 2300 from closed savings account to General,ingreso,2300.0,USD,other_income,General,add_income,1.0,2300.0,,,,,,,,,,
Collected 1900 for web project in Savings,ingreso,1900.0,USD,other_income,Savings,add_income,1.0,1900.0,,,,,,,,,,
Recovered 360 debt in checking,ingreso,360.0,USD,other_income,checking,add_income,1.0,360.0,,,,,,,,,,
I spent 50 on groceries from my card,gasto,50.0,USD,food,,add_expense,1.0,50.0,,,,,,,,,,
Add 25 dollars for electricity bill in checking account,gasto,25.0,USD,utilities,checking,add_expense,1.0,25.0,,,,,,,,,,
Paid 200 for gym membership,gasto,200.0,USD,health,,add_expense,1.0,200.0,,,,,,,,,,
I spent 80 on transport this week from General,gasto,80.0,USD,transport,General,add_expense,1.0,80.0,,,,,,,,,,
Add expense 45 for phone bill in checking,gasto,45.0,USD,utilities,checking,add_expense,1.0,45.0,,,,,,,,,,
Paid 600 for monthly rent from General,gasto,600.0,USD,housing,General,add_expense,1.0,600.0,,,,,,,,,,
I spent 35 on a restaurant dinner from Savings,gasto,35.0,USD,food,Savings,add_expense,1.0,35.0,,,,,,,,,,
Add 15 for streaming subscription in General,gasto,15.0,USD,entertainment,General,add_expense,1.0,15.0,,,,,,,,,,
Paid 120 for car insurance from checking,gasto,120.0,USD,transport,checking,add_expense,1.0,120.0,,,,,,,,,,
I spent 90 on clothing from my card,gasto,90.0,USD,other,,add_expense,1.0,90.0,,,,,,,,,,
Add 55 for doctor visit copay in Savings,gasto,55.0,USD,health,Savings,add_expense,1.0,55.0,,,,,,,,,,
Paid 18 for coffee and snacks from General,gasto,18.0,USD,food,General,add_expense,1.0,18.0,,,,,,,,,,
Record 300 for flight tickets from checking,gasto,300.0,USD,transport,checking,add_expense,1.0,300.0,,,,,,,,,,
I paid 40 for internet this month in General,gasto,40.0,USD,utilities,General,add_expense,1.0,40.0,,,,,,,,,,
Add expense 70 for concert tickets in Savings,gasto,70.0,USD,entertainment,Savings,add_expense,1.0,70.0,,,,,,,,,,
Paid 150 EUR for hotel stay with exchange rate 1.1,gasto,150.0,USD,other,,add_expense,1.1,165.0,,,,,,,,,,
I spent 22 on parking from my card,gasto,22.0,USD,transport,,add_expense,1.0,22.0,,,,,,,,,,
Add 500 for home repair in General,gasto,500.0,USD,housing,General,add_expense,1.0,500.0,,,,,,,,,,
Paid 30 for prescription medication from checking,gasto,30.0,USD,health,checking,add_expense,1.0,30.0,,,,,,,,,,
Spent 60 on books from my savings,gasto,60.0,USD,other,savings,add_expense,1.0,60.0,,,,,,,,,,
Add 75 for online course subscription in Savings,gasto,75.0,USD,other,Savings,add_expense,1.0,75.0,,,,,,,,,,
Paid 500 for car insurance annual premium in General,gasto,500.0,USD,transport,General,add_expense,1.0,500.0,,,,,,,,,,
I spent 110 on a new phone case from my card,gasto,110.0,USD,other,,add_expense,1.0,110.0,,,,,,,,,,
Add 22 for stationery supplies in checking,gasto,22.0,USD,other,checking,add_expense,1.0,22.0,,,,,,,,,,
Paid 60 for monthly gym subscription in General,gasto,60.0,USD,health,General,add_expense,1.0,60.0,,,,,,,,,,
Record 180 for plumbing repair in checking,gasto,180.0,USD,housing,checking,add_expense,1.0,180.0,,,,,,,,,,
I spent 33 on office snacks from General,gasto,33.0,USD,food,General,add_expense,1.0,33.0,,,,,,,,,,
Add 95 for life insurance monthly premium in Savings,gasto,95.0,USD,health,Savings,add_expense,1.0,95.0,,,,,,,,,,
Paid 400 for household appliances from checking,gasto,400.0,USD,housing,checking,add_expense,1.0,400.0,,,,,,,,,,
I spent 27 on mobile apps from General,gasto,27.0,USD,entertainment,General,add_expense,1.0,27.0,,,,,,,,,,
Add 50 for home decor from my card,gasto,50.0,USD,housing,,add_expense,1.0,50.0,,,,,,,,,,
Paid 130 for credit card balance from checking,gasto,130.0,USD,other,checking,add_expense,1.0,130.0,,,,,,,,,,
I spent 65 on vitamins from General,gasto,65.0,USD,health,General,add_expense,1.0,65.0,,,,,,,,,,
Add 200 for office supplies from checking,gasto,200.0,USD,other,checking,add_expense,1.0,200.0,,,,,,,,,,
Paid 2500 MXN for rent with rate 0.05,gasto,2500.0,USD,housing,,add_expense,0.05,125.0,,,,,,,,,,
I spent 48 on public transport from my card,gasto,48.0,USD,transport,,add_expense,1.0,48.0,,,,,,,,,,
Paid 160 for family dinner from General,gasto,160.0,USD,food,General,add_expense,1.0,160.0,,,,,,,,,,
Add 80 for homeowner association fee in checking,gasto,80.0,USD,housing,checking,add_expense,1.0,80.0,,,,,,,,,,
I spent 45 on work tools from Savings,gasto,45.0,USD,other,Savings,add_expense,1.0,45.0,,,,,,,,,,
Add 12 for daily coffee from my card,gasto,12.0,USD,food,,add_expense,1.0,12.0,,,,,,,,,,
Paid 350 for computer repair from General,gasto,350.0,USD,other,General,add_expense,1.0,350.0,,,,,,,,,,
Add 55 for mobile data plan in checking,gasto,55.0,USD,utilities,checking,add_expense,1.0,55.0,,,,,,,,,,
Paid 90 for music lessons from Savings,gasto,90.0,USD,entertainment,Savings,add_expense,1.0,90.0,,,,,,,,,,
I spent 175 on new furniture from checking,gasto,175.0,USD,housing,checking,add_expense,1.0,175.0,,,,,,,,,,
Add 28 for highway toll from my card,gasto,28.0,USD,transport,,add_expense,1.0,28.0,,,,,,,,,,
Paid 700 EUR for vacation with rate 1.1,gasto,700.0,USD,other,,add_expense,1.1,770.0,,,,,,,,,,
I spent 38 on cleaning products from General,gasto,38.0,USD,other,General,add_expense,1.0,38.0,,,,,,,,,,
Paid 230 for university tuition from checking,gasto,230.0,USD,other,checking,add_expense,1.0,230.0,,,,,,,,,,
Add 70 for gardening service in Savings,gasto,70.0,USD,housing,Savings,add_expense,1.0,70.0,,,,,,,,,,
I spent 44 on children entertainment from General,gasto,44.0,USD,entertainment,General,add_expense,1.0,44.0,,,,,,,,,,
Paid 1400 MXN for groceries with rate 0.058,gasto,1400.0,USD,food,General,add_expense,0.058,81.2,,,,,,,,,,
Add 500 for property tax in checking,gasto,500.0,USD,housing,checking,add_expense,1.0,500.0,,,,,,,,,,
I spent 66 on cosmetics from my card,gasto,66.0,USD,other,,add_expense,1.0,66.0,,,,,,,,,,
Paid 190 for sports equipment from General,gasto,190.0,USD,health,General,add_expense,1.0,190.0,,,,,,,,,,
Add 32 for parking fee in checking,gasto,32.0,USD,transport,checking,add_expense,1.0,32.0,,,,,,,,,,
I spent 85 on pet supplies from Savings,gasto,85.0,USD,other,Savings,add_expense,1.0,85.0,,,,,,,,,,
Paid 220 for cable TV subscription in General,gasto,220.0,USD,entertainment,General,add_expense,1.0,220.0,,,,,,,,,,
Add 15 for transport card top-up from my card,gasto,15.0,USD,transport,,add_expense,1.0,15.0,,,,,,,,,,
I spent 140 on seasonal clothing from checking,gasto,140.0,USD,other,checking,add_expense,1.0,140.0,,,,,,,,,,
Paid 310 for dentist appointment from General,gasto,310.0,USD,health,General,add_expense,1.0,310.0,,,,,,,,,,
Show my incomes for last month,,,USD,,,report,,,incomes,last_month,,,,,,,,
Give me my cashflow for this year,,,USD,,,report,,,cashflow,this_year,,,,,,,,
Show expenses by category this month,,,USD,,,report,,,expenses,this_month,,,,,,,,
Compare my expenses and incomes for the last 3 months,,,USD,,,report,,,cashflow,last_3_months,,,,,,,,
Give me a balance report for my Savings account this month,,,USD,,Savings,report,,,balance,this_month,,,,Savings,,,,
Show total transport expenses from 2026-01-01 to 2026-03-31,,,USD,transport,,report,,,expenses,custom,2026-01-01,2026-03-31,transport,,,,,
What were my total expenses this year,,,USD,,,report,,,expenses,this_year,,,,,,,,
Give me a summary for last 3 months,,,USD,,,report,,,summary,last_3_months,,,,,,,,
Show income report for this year,,,USD,,,report,,,incomes,this_year,,,,,,,,
Balance report for checking account last month,,,USD,,checking,report,,,balance,last_month,,,,checking,,,,
How much did I earn this month,,,USD,,,report,,,incomes,this_month,,,,,,,,
Balance report for General account last month,,,USD,,General,report,,,balance,last_month,,,,General,,,,
Health expenses report for last 3 months,,,USD,health,,report,,,expenses,last_3_months,,,health,,,,,
Show housing expenses for this year,,,USD,housing,,report,,,expenses,this_year,,,housing,,,,,
Cashflow for last 3 months,,,USD,,,report,,,cashflow,last_3_months,,,,,,,,
Summary of all transactions this month,,,USD,,,report,,,summary,this_month,,,,,,,,
Entertainment expenses last month,,,USD,entertainment,,report,,,expenses,last_month,,,entertainment,,,,,
Balance for checking account from 2026-03-01 to 2026-03-31,,,USD,,checking,report,,,balance,custom,2026-03-01,2026-03-31,,checking,,,,
Incomes by category this year,,,USD,,,report,,,incomes,this_year,,,,,,,,
Utilities expenses report for last 3 months,,,USD,utilities,,report,,,expenses,last_3_months,,,utilities,,,,,
Show cashflow for this month,,,USD,,,report,,,cashflow,this_month,,,,,,,,
What were my expenses in January 2026,,,USD,,,report,,,expenses,custom,2026-01-01,2026-01-31,,,,,,
Income summary for Savings account last month,,,USD,,Savings,report,,,incomes,last_month,,,,Savings,,,,
Balance report for this year,,,USD,,,report,,,balance,this_year,,,,,,,,
Transport expenses in checking this month,,,USD,transport,checking,report,,,expenses,this_month,,,transport,checking,,,,
Food expenses in February 2026,,,USD,food,,report,,,expenses,custom,2026-02-01,2026-02-28,food,,,,,
Total income this year,,,USD,,,report,,,incomes,this_year,,,,,,,,
Financial summary for last quarter,,,USD,,,report,,,summary,last_3_months,,,,,,,,
Education expenses for last 3 months,,,USD,other,,report,,,expenses,last_3_months,,,other,,,,,
Balance for General account this year,,,USD,,General,report,,,balance,this_year,,,,General,,,,
Show my incomes from 2026-01-01 to 2026-06-30,,,USD,,,report,,,incomes,custom,2026-01-01,2026-06-30,,,,,,
Health expenses in Savings this month,,,USD,health,Savings,report,,,expenses,this_month,,,health,Savings,,,,
Cashflow for the last three months,,,USD,,,report,,,cashflow,last_3_months,,,,,,,,
What are my biggest expenses last month,,,USD,,,report,,,expenses,last_month,,,,,,,,
Transaction summary from 2026-03-01 to 2026-03-15,,,USD,,,report,,,summary,custom,2026-03-01,2026-03-15,,,,,,
Incomes and expenses this month,,,USD,,,report,,,cashflow,this_month,,,,,,,,
Entertainment expenses in General this month,,,USD,entertainment,General,report,,,expenses,this_month,,,entertainment,General,,,,
Balance for all accounts last month,,,USD,,,report,,,balance,last_month,,,,,,,,
Housing expenses from 2026-01-01 to 2026-03-31,,,USD,housing,,report,,,expenses,custom,2026-01-01,2026-03-31,housing,,,,,
Income report for last 3 months,,,USD,,,report,,,incomes,last_3_months,,,,,,,,
Analyze my transport spending for last month,,,USD,transport,,data_analysis,,,,last_month,,,transport,,,,,
How much did I spend on entertainment this month,,,USD,entertainment,,data_analysis,,,,this_month,,,entertainment,,,,,
Can you show me my highest expenses,,,USD,,,data_analysis,,,,this_month,,,,,,,,
Analyze my spending from 2026-01-01 to 2026-01-31 in Savings,,,USD,,Savings,data_analysis,,,,custom,2026-01-01,2026-01-31,,Savings,,,,
What are my food expenses trend for the last 3 months,,,USD,food,,data_analysis,,,,last_3_months,,,food,,,,,
What is my transport spending trend this year,,,USD,transport,,data_analysis,,,,this_year,,,transport,,,,,
Analyze my food spending patterns last month,,,USD,food,,data_analysis,,,,last_month,,,food,,,,,
Show me income analysis for this year,,,USD,,,data_analysis,,,,this_year,,,,,,,,
Analyze utilities spending in checking this month,,,USD,utilities,checking,data_analysis,,,,this_month,,,utilities,checking,,,,
Review my spending from 2026-01-01 to 2026-01-31,,,USD,,,data_analysis,,,,custom,2026-01-01,2026-01-31,,,,,,
Analyze where I spend the most in the last 3 months,,,USD,,,data_analysis,,,,last_3_months,,,,,,,,
What are my most costly categories this month,,,USD,,,data_analysis,,,,this_month,,,,,,,,
Analyze my health spending behavior this year,,,USD,health,,data_analysis,,,,this_year,,,health,,,,,
Review my General account activity last month,,,USD,,General,data_analysis,,,,last_month,,,,General,,,,
Analyze housing expenses for last quarter,,,USD,housing,,data_analysis,,,,last_3_months,,,housing,,,,,
How often do I spend on restaurants this month,,,USD,food,,data_analysis,,,,this_month,,,food,,,,,
Analyze my spending from 2026-02-01 to 2026-03-31,,,USD,,,data_analysis,,,,custom,2026-02-01,2026-03-31,,,,,,
How have my incomes evolved this year,,,USD,,,data_analysis,,,,this_year,,,,,,,,
Analyze my Savings account spending for last 3 months,,,USD,,Savings,data_analysis,,,,last_3_months,,,,Savings,,,,
What was my highest expense last month,,,USD,,,data_analysis,,,,last_month,,,,,,,,
What is the weather today?,,,USD,,,none,,,,,,,,,,,,"Sorry, I can help with recording income, expenses, reports, and financial analysis only."
Who are you and what can you do,,,USD,,,none,,,,,,,,,,,,"I am MIRA, your financial assistant. I can help you record income and expenses, generate financial reports, and analyze your spending patterns."
Give me a pizza recipe,,,USD,,,none,,,,,,,,,,,,I'm only able to help with personal finance tasks like recording transactions and analyzing your spending.
What is the best investment strategy,,,USD,,,none,,,,,,,,,,,,"For investment advice, please consult a financial advisor. I can only help you record transactions and analyze your spending."
Tell me a fun fact,,,USD,,,none,,,,,,,,,,,,"That's outside my scope. I specialize in personal finance: recording income, expenses, and generating financial reports."
What is blockchain technology,,,USD,,,none,,,,,,,,,,,,I'm not designed to explain general technology topics. I can help you record and analyze your personal finances.
How do I learn to invest in the stock market,,,USD,,,none,,,,,,,,,,,,"That requires an investment advisor. I focus on recording your income, expenses, and generating financial reports."
What is the capital of France,,,USD,,,none,,,,,,,,,,,,I don't have geographic information. My function is to help you manage your personal finances.
Can you recommend a good book to read,,,USD,,,none,,,,,,,,,,,,Book recommendations are outside my capabilities. I specialize in personal finance management.
Tell me about ancient history,,,USD,,,none,,,,,,,,,,,,That's beyond my scope. I'm here to help you record and analyze your personal finances.
What movie should I watch tonight,,,USD,,,none,,,,,,,,,,,,I don't have entertainment recommendations. I can help you track your entertainment expenses though!
Can you translate a document for me,,,USD,,,none,,,,,,,,,,,,I don't have translation capabilities. I am a personal finance assistant focused on transactions and analysis.
What is today's exchange rate for EUR,,,USD,,,none,,,,,,,,,,,,I don't have real-time market data. You can provide the exchange rate and I'll record your transaction with it.
Help me write a professional email,,,USD,,,none,,,,,,,,,,,,Writing emails is outside my scope. I focus on helping you record and analyze your personal finances.
What is inflation,,,USD,,,none,,,,,,,,,,,,"Inflation is a general increase in prices over time. For more detail, consult an economist. I focus on your personal finances."
How many days in a leap year,,,USD,,,none,,,,,,,,,,,,"That's outside my area. I am MIRA, your personal finance assistant."
Can you help me code in JavaScript,,,USD,,,none,,,,,,,,,,,,I'm not designed for programming tasks. I can help you record and analyze your finances.
Tell me about the solar system,,,USD,,,none,,,,,,,,,,,,"That's beyond my scope. I can help you with income, expenses, and financial analysis."
What is the GDP of the United States,,,USD,,,none,,,,,,,,,,,,I don't have macroeconomic data. My function is to help you manage your personal finances.
Help me plan my weekly diet,,,USD,,,none,,,,,,,,,,,,Diet planning is outside my capabilities. I specialize in recording transactions and analyzing your financial data.
Me cayeron 300 de comision en la cuenta corriente,ingreso,300.0,USD,other_income,checking,add_income,1.0,300.0,,,,,,,,,,
Le pague a mis cuentas: recibi 2700 de nomina en General,ingreso,2700.0,USD,salary,General,add_income,1.0,2700.0,,,,,,,,,,
Registra que me llegaron 450 de propinas en Savings,ingreso,450.0,USD,other_income,Savings,add_income,1.0,450.0,,,,,,,,,,
Recibi 5000 BRL de mi trabajo con cambio de 0.19,ingreso,5000.0,USD,salary,General,add_income,0.19,950.0,,,,,,,,,,
Me entro 800 de royalties por musica en checking,ingreso,800.0,USD,other_income,checking,add_income,1.0,800.0,,,,,,,,,,
Ingresaron 1250 a mi cuenta General por venta de cursos,ingreso,1250.0,USD,other_income,General,add_income,1.0,1250.0,,,,,,,,,,
Recibi 3200 CAD de proyecto canadiense con rate 0.74,ingreso,3200.0,USD,other_income,Savings,add_income,0.74,2368.0,,,,,,,,,,
Me depositaron 2000 de bono anual en General,ingreso,2000.0,USD,salary,General,add_income,1.0,2000.0,,,,,,,,,,
Registra ingreso de 95 por venta de libros en checking,ingreso,95.0,USD,other_income,checking,add_income,1.0,95.0,,,,,,,,,,
"Gane 600 COP en concurso, cambio 0.00025",ingreso,600.0,USD,other_income,General,add_income,0.00025,0.15,,,,,,,,,,
Me cayeron 4200 de anticipo de proyecto en Savings,ingreso,4200.0,USD,other_income,Savings,add_income,1.0,4200.0,,,,,,,,,,
Cobré un cheque de 1800 en General,ingreso,1800.0,USD,other_income,General,add_income,1.0,1800.0,,,,,,,,,,
Me pagaron 250 por servicio de fotografia en checking,ingreso,250.0,USD,other_income,checking,add_income,1.0,250.0,,,,,,,,,,
Recibi 10000 ARS de venta de auto con cambio 0.001,ingreso,10000.0,USD,other_income,General,add_income,0.001,10.0,,,,,,,,,,
Ingrese 580 de reembolso de gastos medicos en Savings,ingreso,580.0,USD,other_income,Savings,add_income,1.0,580.0,,,,,,,,,,
Me llegaron 3400 de honorarios legales en General,ingreso,3400.0,USD,other_income,General,add_income,1.0,3400.0,,,,,,,,,,
Registra 75 de recarga de saldo a mi cuenta checking,ingreso,75.0,USD,other_income,checking,add_income,1.0,75.0,,,,,,,,,,
Me entraron 1100 GBP con cambio 1.27 en Savings,ingreso,1100.0,USD,other_income,Savings,add_income,1.27,1397.0,,,,,,,,,,
Cobre mi sueldo de 2900 esta quincena en General,ingreso,2900.0,USD,salary,General,add_income,1.0,2900.0,,,,,,,,,,
Me depositaron 320 de devolucion de impuestos en checking,ingreso,320.0,USD,other_income,checking,add_income,1.0,320.0,,,,,,,,,,
Registra ingreso de 170 por trabajo de plomeria en General,ingreso,170.0,USD,other_income,General,add_income,1.0,170.0,,,,,,,,,,
Recibi 900 de venta de contenido digital en Savings,ingreso,900.0,USD,other_income,Savings,add_income,1.0,900.0,,,,,,,,,,
Ingresaron 5800 de herencia familiar en General,ingreso,5800.0,USD,other_income,General,add_income,1.0,5800.0,,,,,,,,,,
Me pagaron 420 por trabajos de jardineria en checking,ingreso,420.0,USD,other_income,checking,add_income,1.0,420.0,,,,,,,,,,
Me entraron 1600 de contrato estacional en Savings,ingreso,1600.0,USD,salary,Savings,add_income,1.0,1600.0,,,,,,,,,,
Registra 230 de ingresos por streaming en General,ingreso,230.0,USD,other_income,General,add_income,1.0,230.0,,,,,,,,,,
Recibi 7500 MXN de venta de muebles con cambio 0.05,ingreso,7500.0,USD,other_income,checking,add_income,0.05,375.0,,,,,,,,,,
Me cayeron 110 de apuesta deportiva ganada en General,ingreso,110.0,USD,other_income,General,add_income,1.0,110.0,,,,,,,,,,
Cobré 1950 de proyecto de traducciones en Savings,ingreso,1950.0,USD,other_income,Savings,add_income,1.0,1950.0,,,,,,,,,,
Ingrese 340 de mantenimiento de servidores en checking,ingreso,340.0,USD,other_income,checking,add_income,1.0,340.0,,,,,,,,,,
Recibi mi sueldo de 4100 en General este mes,ingreso,4100.0,USD,salary,General,add_income,1.0,4100.0,,,,,,,,,,
Me depositaron 780 por asesoria financiera en Savings,ingreso,780.0,USD,other_income,Savings,add_income,1.0,780.0,,,,,,,,,,
Me entro 2600 de venta de acciones en General,ingreso,2600.0,USD,other_income,General,add_income,1.0,2600.0,,,,,,,,,,
Registra 490 de ingreso por clases de cocina en checking,ingreso,490.0,USD,other_income,checking,add_income,1.0,490.0,,,,,,,,,,
Recibi 1250 EUR de cliente frances con rate 1.08,ingreso,1250.0,USD,other_income,General,add_income,1.08,1350.0,,,,,,,,,,
Me llegaron 850 de pago de seguros de vida en Savings,ingreso,850.0,USD,other_income,Savings,add_income,1.0,850.0,,,,,,,,,,
Cobre 3700 de proyecto de construccion en General,ingreso,3700.0,USD,other_income,General,add_income,1.0,3700.0,,,,,,,,,,
Me depositaron 210 de ingresos por blog en checking,ingreso,210.0,USD,other_income,checking,add_income,1.0,210.0,,,,,,,,,,
Recibi 1400 BRL de trabajo remoto con cambio 0.19,ingreso,1400.0,USD,other_income,Savings,add_income,0.19,266.0,,,,,,,,,,
Ingrese 560 de cobro de deuda antigua en General,ingreso,560.0,USD,other_income,General,add_income,1.0,560.0,,,,,,,,,,
Me pagaron 2100 de honorarios de consultoria en checking,ingreso,2100.0,USD,other_income,checking,add_income,1.0,2100.0,,,,,,,,,,
Registra ingreso de 380 por venta de artesanias en General,ingreso,380.0,USD,other_income,General,add_income,1.0,380.0,,,,,,,,,,
Recibi 900 de dividendos de inversiones en Savings,ingreso,900.0,USD,other_income,Savings,add_income,1.0,900.0,,,,,,,,,,
Me entro pago de 4800 de proyecto IT en General,ingreso,4800.0,USD,other_income,General,add_income,1.0,4800.0,,,,,,,,,,
Cobre 155 de referidos en aplicacion en checking,ingreso,155.0,USD,other_income,checking,add_income,1.0,155.0,,,,,,,,,,
Me depositaron 3000 CAD de cliente extranjero con rate 0.74,ingreso,3000.0,USD,other_income,Savings,add_income,0.74,2220.0,,,,,,,,,,
Registra 670 de ingresos por capacitaciones en General,ingreso,670.0,USD,other_income,General,add_income,1.0,670.0,,,,,,,,,,
Recibi 420 de reintegro de gastos de viaje en checking,ingreso,420.0,USD,other_income,checking,add_income,1.0,420.0,,,,,,,,,,
Me llegaron 2200 de comision por ventas del mes en Savings,ingreso,2200.0,USD,other_income,Savings,add_income,1.0,2200.0,,,,,,,,,,
Ingrese 3100 de sueldo con deposito en General,ingreso,3100.0,USD,salary,General,add_income,1.0,3100.0,,,,,,,,,,
Gaste 2200 ARS en supermercado con cambio 0.001,gasto,2200.0,USD,food,General,add_expense,0.001,2.2,,,,,,,,,,
Pague 180 de pension escolar en checking,gasto,180.0,USD,other,checking,add_expense,1.0,180.0,,,,,,,,,,
Desembolse 55 en veterinaria desde Savings,gasto,55.0,USD,other,Savings,add_expense,1.0,55.0,,,,,,,,,,
Registra gasto de 430 en vuelos internos desde General,gasto,430.0,USD,transport,General,add_expense,1.0,430.0,,,,,,,,,,
Gaste 25 en helados con la familia desde tarjeta,gasto,25.0,USD,food,,add_expense,1.0,25.0,,,,,,,,,,
Pague 340 de seguro de hogar en checking,gasto,340.0,USD,housing,checking,add_expense,1.0,340.0,,,,,,,,,,
Desembolse 88 en suplementos deportivos desde General,gasto,88.0,USD,health,General,add_expense,1.0,88.0,,,,,,,,,,
Registra 120 de gasto en material escolar desde Savings,gasto,120.0,USD,other,Savings,add_expense,1.0,120.0,,,,,,,,,,
Gaste 3200 BRL en reparacion de auto con cambio 0.19,gasto,3200.0,USD,transport,,add_expense,0.19,608.0,,,,,,,,,,
Pague 60 de cuota de club deportivo en checking,gasto,60.0,USD,entertainment,checking,add_expense,1.0,60.0,,,,,,,,,,
Desembolse 95 en herramientas de construccion desde General,gasto,95.0,USD,other,General,add_expense,1.0,95.0,,,,,,,,,,
Gaste 14 en transporte en metro desde tarjeta,gasto,14.0,USD,transport,,add_expense,1.0,14.0,,,,,,,,,,
Pague 450 de deducible medico en Savings,gasto,450.0,USD,health,Savings,add_expense,1.0,450.0,,,,,,,,,,
Registra 680 de gasto en electronica desde checking,gasto,680.0,USD,other,checking,add_expense,1.0,680.0,,,,,,,,,,
Gaste 1500 COP en tinto con cambio 0.00025,gasto,1500.0,USD,food,General,add_expense,0.00025,0.38,,,,,,,,,,
Pague 30 de suscripcion a diario en linea desde General,gasto,30.0,USD,entertainment,General,add_expense,1.0,30.0,,,,,,,,,,
Desembolse 200 en calzado deportivo desde Savings,gasto,200.0,USD,health,Savings,add_expense,1.0,200.0,,,,,,,,,,
Registra gasto de 75 en peluqueria desde tarjeta,gasto,75.0,USD,other,,add_expense,1.0,75.0,,,,,,,,,,
Gaste 900 GBP en curso de ingles con rate 1.27,gasto,900.0,USD,other,,add_expense,1.27,1143.0,,,,,,,,,,
Pague 55 de recarga de gas en checking,gasto,55.0,USD,utilities,checking,add_expense,1.0,55.0,,,,,,,,,,
Desembolse 1800 en laptop desde General,gasto,1800.0,USD,other,General,add_expense,1.0,1800.0,,,,,,,,,,
Gaste 22 en desayuno desde tarjeta,gasto,22.0,USD,food,,add_expense,1.0,22.0,,,,,,,,,,
Pague 260 de deuda personal en Savings,gasto,260.0,USD,other,Savings,add_expense,1.0,260.0,,,,,,,,,,
Registra 44 de gasto en transporte nocturno desde checking,gasto,44.0,USD,transport,checking,add_expense,1.0,44.0,,,,,,,,,,
Gaste 380 en impresora para casa desde General,gasto,380.0,USD,other,General,add_expense,1.0,380.0,,,,,,,,,,
Pague 130 de mantenimiento de bicicleta en Savings,gasto,130.0,USD,transport,Savings,add_expense,1.0,130.0,,,,,,,,,,
Desembolse 280 en juegos de video desde checking,gasto,280.0,USD,entertainment,checking,add_expense,1.0,280.0,,,,,,,,,,
Gaste 48 en flores para regalo desde tarjeta,gasto,48.0,USD,other,,add_expense,1.0,48.0,,,,,,,,,,
Pague 500 CAD de deposito de apartamento con rate 0.74,gasto,500.0,USD,housing,General,add_expense,0.74,370.0,,,,,,,,,,
Registra 65 de gasto en vitaminas desde Savings,gasto,65.0,USD,health,Savings,add_expense,1.0,65.0,,,,,,,,,,
Gaste 320 en reparacion de techo en checking,gasto,320.0,USD,housing,checking,add_expense,1.0,320.0,,,,,,,,,,
Pague 17 de lavado de auto desde tarjeta,gasto,17.0,USD,transport,,add_expense,1.0,17.0,,,,,,,,,,
Desembolse 450 en consulta con especialista desde General,gasto,450.0,USD,health,General,add_expense,1.0,450.0,,,,,,,,,,
Gaste 75 en bebidas para fiesta desde Savings,gasto,75.0,USD,food,Savings,add_expense,1.0,75.0,,,,,,,,,,
Pague 190 de impuesto vehicular en checking,gasto,190.0,USD,transport,checking,add_expense,1.0,190.0,,,,,,,,,,
Registra gasto de 55 en libreta y pluma desde tarjeta,gasto,55.0,USD,other,,add_expense,1.0,55.0,,,,,,,,,,
Gaste 700 BRL en vacaciones locales con cambio 0.19,gasto,700.0,USD,other,,add_expense,0.19,133.0,,,,,,,,,,
Pague 35 de parquimetro en General,gasto,35.0,USD,transport,General,add_expense,1.0,35.0,,,,,,,,,,
Desembolse 160 en suscripcion anual de software desde checking,gasto,160.0,USD,other,checking,add_expense,1.0,160.0,,,,,,,,,,
Gaste 90 en comida para eventos desde Savings,gasto,90.0,USD,food,Savings,add_expense,1.0,90.0,,,,,,,,,,
Pague 240 de reparacion de electrodomesticos en General,gasto,240.0,USD,housing,General,add_expense,1.0,240.0,,,,,,,,,,
Registra 50 de gasto en articulos de aseo desde tarjeta,gasto,50.0,USD,other,,add_expense,1.0,50.0,,,,,,,,,,
Gaste 1100 en muebles de oficina desde checking,gasto,1100.0,USD,other,checking,add_expense,1.0,1100.0,,,,,,,,,,
Pague 78 de cita dental en Savings,gasto,78.0,USD,health,Savings,add_expense,1.0,78.0,,,,,,,,,,
Desembolse 320 en ropa formal desde General,gasto,320.0,USD,other,General,add_expense,1.0,320.0,,,,,,,,,,
Gaste 42 en estacionamiento mensual desde tarjeta,gasto,42.0,USD,transport,,add_expense,1.0,42.0,,,,,,,,,,
Pague 550 ARS de telefonia con cambio 0.001,gasto,550.0,USD,utilities,checking,add_expense,0.001,0.55,,,,,,,,,,
Registra 88 de gasto en snacks saludables desde General,gasto,88.0,USD,food,General,add_expense,1.0,88.0,,,,,,,,,,
Gaste 230 en curso de cocina desde Savings,gasto,230.0,USD,entertainment,Savings,add_expense,1.0,230.0,,,,,,,,,,
Pague 410 de refacciones de auto en checking,gasto,410.0,USD,transport,checking,add_expense,1.0,410.0,,,,,,,,,,
Gastos mayores a 100 en transporte este mes,,,USD,transport,,report,,,expenses,this_month,,,transport,,100.0,,,
Ver transacciones de comida entre 20 y 80 el mes pasado,,,USD,food,,report,,,expenses,last_month,,,food,,20.0,80.0,,
Reporte de ingresos con texto salario este ano,,,USD,,,report,,,incomes,this_year,,,,,,,salario,
Balance de Savings del 2026-01-01 al 2026-03-31,,,USD,,Savings,report,,,balance,custom,2026-01-01,2026-03-31,,Savings,,,,
Gastos de salud menores a 200 este mes,,,USD,health,,report,,,expenses,this_month,,,health,,,200.0,,
Ver ingresos de salary en General los ultimos 3 meses,,,USD,salary,General,report,,,incomes,last_3_months,,,salary,General,,,,
Resumen de gastos de utilities en checking este mes,,,USD,utilities,checking,report,,,summary,this_month,,,utilities,checking,,,,
Reporte de gastos mayores a 500 este ano,,,USD,,,report,,,expenses,this_year,,,,,500.0,,,
Cashflow del 2026-01-01 al 2026-06-30,,,USD,,,report,,,cashflow,custom,2026-01-01,2026-06-30,,,,,,
Ingresos con texto bono el mes pasado,,,USD,,,report,,,incomes,last_month,,,,,,,bono,
Gastos de housing entre 100 y 1000 este mes,,,USD,housing,,report,,,expenses,this_month,,,housing,,100.0,1000.0,,
Balance de checking el 2026-02-01 al 2026-02-28,,,USD,,checking,report,,,balance,custom,2026-02-01,2026-02-28,,checking,,,,
Ver todos mis gastos del ano pasado por categoria,,,USD,,,report,,,expenses,this_year,,,,,,,,
Ingresos en Savings los ultimos 3 meses,,,USD,,Savings,report,,,incomes,last_3_months,,,,Savings,,,,
Gastos de entertainment menores a 100 el mes pasado,,,USD,entertainment,,report,,,expenses,last_month,,,entertainment,,,100.0,,
Resumen del 2026-03-01 al 2026-03-31,,,USD,,,report,,,summary,custom,2026-03-01,2026-03-31,,,,,,
Cuanto ingrese en General este ano,,,USD,,General,report,,,incomes,this_year,,,,General,,,,
Gastos con texto taxi este mes,,,USD,,,report,,,expenses,this_month,,,,,,,taxi,
Balance de todas las cuentas de los ultimos 3 meses,,,USD,,,report,,,balance,last_3_months,,,,,,,,
Ver gastos de food mayores a 50 este mes,,,USD,food,,report,,,expenses,this_month,,,food,,50.0,,,
Reporte de cashflow del 2026-01-01 al 2026-12-31,,,USD,,,report,,,cashflow,custom,2026-01-01,2026-12-31,,,,,,
Ingresos por salary de este ano en General,,,USD,salary,General,report,,,incomes,this_year,,,salary,General,,,,
Ver gastos de health en Savings el mes pasado,,,USD,health,Savings,report,,,expenses,last_month,,,health,Savings,,,,
Gastos entre 200 y 600 en los ultimos 3 meses,,,USD,,,report,,,expenses,last_3_months,,,,,200.0,600.0,,
Resumen de ingresos y gastos de este mes,,,USD,,,report,,,summary,this_month,,,,,,,,
Reporte de gastos con texto renta este mes,,,USD,,,report,,,expenses,this_month,,,,,,,renta,
Ingresos del 2026-01-15 al 2026-02-15,,,USD,,,report,,,incomes,custom,2026-01-15,2026-02-15,,,,,,
Balance de General el mes pasado,,,USD,,General,report,,,balance,last_month,,,,General,,,,
Gastos de transport mayores a 30 en checking este mes,,,USD,transport,checking,report,,,expenses,this_month,,,transport,checking,30.0,,,
Ver el cashflow de los ultimos 3 meses en Savings,,,USD,,Savings,report,,,cashflow,last_3_months,,,,Savings,,,,
Analiza mis gastos mayores a 100 en transport este mes,,,USD,transport,,data_analysis,,,,this_month,,,transport,,100.0,,,
Que tan seguido gasto en food en checking el mes pasado,,,USD,food,checking,data_analysis,,,,last_month,,,food,checking,,,,
Detecta patrones en mis gastos de health este ano,,,USD,health,,data_analysis,,,,this_year,,,health,,,,,
Analisis de gastos entre 50 y 200 este mes,,,USD,,,data_analysis,,,,this_month,,,,,50.0,200.0,,
Como se distribuyen mis ingresos este ano,,,USD,,,data_analysis,,,,this_year,,,,,,,,
Analiza mis gastos con texto gym el mes pasado,,,USD,,,data_analysis,,,,last_month,,,,,,,gym,
Evolucion de gastos de housing los ultimos 3 meses,,,USD,housing,,data_analysis,,,,last_3_months,,,housing,,,,,
Analiza mis finanzas del 2026-01-01 al 2026-03-31,,,USD,,,data_analysis,,,,custom,2026-01-01,2026-03-31,,,,,,
Cuales son mis categorias con mayor gasto este mes,,,USD,,,data_analysis,,,,this_month,,,,,,,,
Analiza los gastos de entertainment menores a 80 el mes pasado,,,USD,entertainment,,data_analysis,,,,last_month,,,entertainment,,,80.0,,
Revision de mis movimientos en checking este ano,,,USD,,checking,data_analysis,,,,this_year,,,,checking,,,,
Analiza mis gastos de food del 2026-02-01 al 2026-02-28,,,USD,food,,data_analysis,,,,custom,2026-02-01,2026-02-28,food,,,,,
Tendencia de ingresos en Savings los ultimos 3 meses,,,USD,,Savings,data_analysis,,,,last_3_months,,,,Savings,,,,
Muestra en que gasto mas este ano en General,,,USD,,General,data_analysis,,,,this_year,,,,General,,,,
Analiza mis gastos de utilities del ultimo mes,,,USD,utilities,,data_analysis,,,,last_month,,,utilities,,,,,
Revision de gastos mayores a 500 este ano,,,USD,,,data_analysis,,,,this_year,,,,,500.0,,,
Analiza mis gastos de health entre 50 y 300 este mes,,,USD,health,,data_analysis,,,,this_month,,,health,,50.0,300.0,,
Que patrones hay en mis gastos de transport en checking,,,USD,transport,checking,data_analysis,,,,this_month,,,transport,checking,,,,
Analisis de gastos del 2026-03-01 al 2026-03-15,,,USD,,,data_analysis,,,,custom,2026-03-01,2026-03-15,,,,,,
Muestra la evolucion de mis finanzas este ano,,,USD,,,data_analysis,,,,this_year,,,,,,,,
Cual es la mejor dieta para bajar de peso,,,USD,,,none,,,,,,,,,,,,"Eso esta fuera de mi alcance. Soy MIRA, tu asistente de finanzas personales."
Enviame un correo de recordatorio,,,USD,,,none,,,,,,,,,,,,No tengo la capacidad de enviar correos. Puedo ayudarte a gestionar tus finanzas.
Cuales son los mejores restaurantes cerca,,,USD,,,none,,,,,,,,,,,,No tengo acceso a directorios de restaurantes. Pero puedo registrar tus gastos de comida.
Puedes jugar ajedrez conmigo,,,USD,,,none,,,,,,,,,,,,No estoy disenado para juegos. Soy un asistente financiero personal.
Translate this to English for me,,,USD,,,none,,,,,,,,,,,,No tengo capacidad de traduccion. Estoy aqui para ayudarte con tus finanzas personales.
Que acciones debo comprar,,,USD,,,none,,,,,,,,,,,,Para recomendaciones de inversiones necesitas un asesor. Yo me enfoco en registrar y analizar tus finanzas.
Hazme un horoscopo,,,USD,,,none,,,,,,,,,,,,Eso va mas alla de mis capacidades. Soy tu asistente de finanzas personales.
Que pelicula gano el oscar este ano,,,USD,,,none,,,,,,,,,,,,No tengo informacion de premiaciones. Puedo ayudarte a registrar gastos de entretenimiento.
Dame la formula quimica del agua,,,USD,,,none,,,,,,,,,,,,"Eso esta fuera de mi dominio. Soy MIRA, asistente de finanzas personales."
Ayudame a escribir mi CV,,,USD,,,none,,,,,,,,,,,,No puedo ayudarte con tu CV. Me especializo en registro y analisis de finanzas personales.
Got 300 commission payment to my checking account,ingreso,300.0,USD,other_income,checking,add_income,1.0,300.0,,,,,,,,,,
Add 2700 payroll deposit to General,ingreso,2700.0,USD,salary,General,add_income,1.0,2700.0,,,,,,,,,,
Record 450 in tips received to Savings,ingreso,450.0,USD,other_income,Savings,add_income,1.0,450.0,,,,,,,,,,
Received 5000 BRL from work with rate 0.19,ingreso,5000.0,USD,salary,General,add_income,0.19,950.0,,,,,,,,,,
Add 800 music royalties income to checking,ingreso,800.0,USD,other_income,checking,add_income,1.0,800.0,,,,,,,,,,
Register 1250 course sales income in General,ingreso,1250.0,USD,other_income,General,add_income,1.0,1250.0,,,,,,,,,,
Got 3200 CAD from Canadian project with rate 0.74,ingreso,3200.0,USD,other_income,Savings,add_income,0.74,2368.0,,,,,,,,,,
Add 2000 annual bonus deposit to General,ingreso,2000.0,USD,salary,General,add_income,1.0,2000.0,,,,,,,,,,
Record 95 book sales income in checking,ingreso,95.0,USD,other_income,checking,add_income,1.0,95.0,,,,,,,,,,
Won 600 COP in a contest with rate 0.00025,ingreso,600.0,USD,other_income,General,add_income,0.00025,0.15,,,,,,,,,,
Received 4200 project advance in Savings,ingreso,4200.0,USD,other_income,Savings,add_income,1.0,4200.0,,,,,,,,,,
Cashed a check for 1800 in General,ingreso,1800.0,USD,other_income,General,add_income,1.0,1800.0,,,,,,,,,,
Got paid 250 for photography services in checking,ingreso,250.0,USD,other_income,checking,add_income,1.0,250.0,,,,,,,,,,
Received 10000 ARS from car sale with rate 0.001,ingreso,10000.0,USD,other_income,General,add_income,0.001,10.0,,,,,,,,,,
Add 580 medical expense reimbursement in Savings,ingreso,580.0,USD,other_income,Savings,add_income,1.0,580.0,,,,,,,,,,
Register 3400 legal fees income in General,ingreso,3400.0,USD,other_income,General,add_income,1.0,3400.0,,,,,,,,,,
Add 75 balance top-up to checking,ingreso,75.0,USD,other_income,checking,add_income,1.0,75.0,,,,,,,,,,
Received 1100 GBP with rate 1.27 into Savings,ingreso,1100.0,USD,other_income,Savings,add_income,1.27,1397.0,,,,,,,,,,
Got my biweekly salary of 2900 in General,ingreso,2900.0,USD,salary,General,add_income,1.0,2900.0,,,,,,,,,,
Add 320 tax refund to checking,ingreso,320.0,USD,other_income,checking,add_income,1.0,320.0,,,,,,,,,,
Register 170 plumbing services income in General,ingreso,170.0,USD,other_income,General,add_income,1.0,170.0,,,,,,,,,,
Received 900 from digital content sales in Savings,ingreso,900.0,USD,other_income,Savings,add_income,1.0,900.0,,,,,,,,,,
Got 5800 family inheritance deposit in General,ingreso,5800.0,USD,other_income,General,add_income,1.0,5800.0,,,,,,,,,,
Received 420 for gardening services in checking,ingreso,420.0,USD,other_income,checking,add_income,1.0,420.0,,,,,,,,,,
Add 1600 seasonal contract income to Savings,ingreso,1600.0,USD,salary,Savings,add_income,1.0,1600.0,,,,,,,,,,
Register 230 streaming income in General,ingreso,230.0,USD,other_income,General,add_income,1.0,230.0,,,,,,,,,,
Received 7500 MXN from furniture sale with rate 0.05,ingreso,7500.0,USD,other_income,checking,add_income,0.05,375.0,,,,,,,,,,
Got 110 from sports betting winnings in General,ingreso,110.0,USD,other_income,General,add_income,1.0,110.0,,,,,,,,,,
Collected 1950 for translation project in Savings,ingreso,1950.0,USD,other_income,Savings,add_income,1.0,1950.0,,,,,,,,,,
Add 340 server maintenance income to checking,ingreso,340.0,USD,other_income,checking,add_income,1.0,340.0,,,,,,,,,,
Received monthly salary of 4100 in General,ingreso,4100.0,USD,salary,General,add_income,1.0,4100.0,,,,,,,,,,
Got paid 780 for financial consulting in Savings,ingreso,780.0,USD,other_income,Savings,add_income,1.0,780.0,,,,,,,,,,
Received 2600 from stock sale in General,ingreso,2600.0,USD,other_income,General,add_income,1.0,2600.0,,,,,,,,,,
Add 490 cooking class income to checking,ingreso,490.0,USD,other_income,checking,add_income,1.0,490.0,,,,,,,,,,
Received 1250 EUR from French client with rate 1.08,ingreso,1250.0,USD,other_income,General,add_income,1.08,1350.0,,,,,,,,,,
Got 850 life insurance payment in Savings,ingreso,850.0,USD,other_income,Savings,add_income,1.0,850.0,,,,,,,,,,
Collected 3700 for construction project in General,ingreso,3700.0,USD,other_income,General,add_income,1.0,3700.0,,,,,,,,,,
Add 210 blog income to checking,ingreso,210.0,USD,other_income,checking,add_income,1.0,210.0,,,,,,,,,,
Received 1400 BRL remote work income with rate 0.19,ingreso,1400.0,USD,other_income,Savings,add_income,0.19,266.0,,,,,,,,,,
Add 560 old debt collection to General,ingreso,560.0,USD,other_income,General,add_income,1.0,560.0,,,,,,,,,,
Got paid 2100 consulting fees in checking,ingreso,2100.0,USD,other_income,checking,add_income,1.0,2100.0,,,,,,,,,,
Register 380 handcraft sales income in General,ingreso,380.0,USD,other_income,General,add_income,1.0,380.0,,,,,,,,,,
Received 900 investment dividends in Savings,ingreso,900.0,USD,other_income,Savings,add_income,1.0,900.0,,,,,,,,,,
Got 4800 IT project payment in General,ingreso,4800.0,USD,other_income,General,add_income,1.0,4800.0,,,,,,,,,,
Add 155 app referral income to checking,ingreso,155.0,USD,other_income,checking,add_income,1.0,155.0,,,,,,,,,,
Received 3000 CAD from foreign client with rate 0.74,ingreso,3000.0,USD,other_income,Savings,add_income,0.74,2220.0,,,,,,,,,,
Register 670 training income in General,ingreso,670.0,USD,other_income,General,add_income,1.0,670.0,,,,,,,,,,
Got 420 travel expense reimbursement in checking,ingreso,420.0,USD,other_income,checking,add_income,1.0,420.0,,,,,,,,,,
Received 2200 monthly sales commission in Savings,ingreso,2200.0,USD,other_income,Savings,add_income,1.0,2200.0,,,,,,,,,,
Add payroll of 3100 to General,ingreso,3100.0,USD,salary,General,add_income,1.0,3100.0,,,,,,,,,,
Spent 2200 ARS on groceries with rate 0.001,gasto,2200.0,USD,food,General,add_expense,0.001,2.2,,,,,,,,,,
Paid 180 for school tuition in checking,gasto,180.0,USD,other,checking,add_expense,1.0,180.0,,,,,,,,,,
Spent 55 at the vet from Savings,gasto,55.0,USD,other,Savings,add_expense,1.0,55.0,,,,,,,,,,
Record 430 domestic flight expense from General,gasto,430.0,USD,transport,General,add_expense,1.0,430.0,,,,,,,,,,
Spent 25 on ice cream with family from card,gasto,25.0,USD,food,,add_expense,1.0,25.0,,,,,,,,,,
Paid 340 for home insurance in checking,gasto,340.0,USD,housing,checking,add_expense,1.0,340.0,,,,,,,,,,
Spent 88 on sports supplements from General,gasto,88.0,USD,health,General,add_expense,1.0,88.0,,,,,,,,,,
Add 120 school supply expense from Savings,gasto,120.0,USD,other,Savings,add_expense,1.0,120.0,,,,,,,,,,
Paid 3200 BRL for car repair with rate 0.19,gasto,3200.0,USD,transport,,add_expense,0.19,608.0,,,,,,,,,,
Paid 60 sports club membership in checking,gasto,60.0,USD,entertainment,checking,add_expense,1.0,60.0,,,,,,,,,,
Spent 95 on construction tools from General,gasto,95.0,USD,other,General,add_expense,1.0,95.0,,,,,,,,,,
Paid 14 for subway fare from my card,gasto,14.0,USD,transport,,add_expense,1.0,14.0,,,,,,,,,,
Add 450 medical deductible expense in Savings,gasto,450.0,USD,health,Savings,add_expense,1.0,450.0,,,,,,,,,,
Spent 680 on electronics from checking,gasto,680.0,USD,other,checking,add_expense,1.0,680.0,,,,,,,,,,
Paid 1500 COP for coffee with rate 0.00025,gasto,1500.0,USD,food,General,add_expense,0.00025,0.38,,,,,,,,,,
Add 30 digital newspaper subscription in General,gasto,30.0,USD,entertainment,General,add_expense,1.0,30.0,,,,,,,,,,
Spent 200 on sports shoes from Savings,gasto,200.0,USD,health,Savings,add_expense,1.0,200.0,,,,,,,,,,
Paid 75 for haircut from card,gasto,75.0,USD,other,,add_expense,1.0,75.0,,,,,,,,,,
Paid 900 GBP for English course with rate 1.27,gasto,900.0,USD,other,,add_expense,1.27,1143.0,,,,,,,,,,
Add 55 gas cylinder expense in checking,gasto,55.0,USD,utilities,checking,add_expense,1.0,55.0,,,,,,,,,,
Spent 1800 on laptop from General,gasto,1800.0,USD,other,General,add_expense,1.0,1800.0,,,,,,,,,,
Paid 22 for breakfast from card,gasto,22.0,USD,food,,add_expense,1.0,22.0,,,,,,,,,,
Add 260 personal loan payment from Savings,gasto,260.0,USD,other,Savings,add_expense,1.0,260.0,,,,,,,,,,
Spent 44 on late-night taxi from checking,gasto,44.0,USD,transport,checking,add_expense,1.0,44.0,,,,,,,,,,
Paid 380 for home printer from General,gasto,380.0,USD,other,General,add_expense,1.0,380.0,,,,,,,,,,
Add 130 bicycle maintenance expense in Savings,gasto,130.0,USD,transport,Savings,add_expense,1.0,130.0,,,,,,,,,,
Spent 280 on video games from checking,gasto,280.0,USD,entertainment,checking,add_expense,1.0,280.0,,,,,,,,,,
Paid 48 for flowers as a gift from card,gasto,48.0,USD,other,,add_expense,1.0,48.0,,,,,,,,,,
Paid 500 CAD apartment deposit with rate 0.74,gasto,500.0,USD,housing,General,add_expense,0.74,370.0,,,,,,,,,,
Add 65 vitamin supplement expense from Savings,gasto,65.0,USD,health,Savings,add_expense,1.0,65.0,,,,,,,,,,
Spent 320 on roof repair from checking,gasto,320.0,USD,housing,checking,add_expense,1.0,320.0,,,,,,,,,,
Paid 17 for car wash from card,gasto,17.0,USD,transport,,add_expense,1.0,17.0,,,,,,,,,,
Add 450 specialist doctor visit in General,gasto,450.0,USD,health,General,add_expense,1.0,450.0,,,,,,,,,,
Spent 75 on party drinks from Savings,gasto,75.0,USD,food,Savings,add_expense,1.0,75.0,,,,,,,,,,
Paid 190 vehicle registration tax in checking,gasto,190.0,USD,transport,checking,add_expense,1.0,190.0,,,,,,,,,,
Add 55 quality notebook and pen from card,gasto,55.0,USD,other,,add_expense,1.0,55.0,,,,,,,,,,
Spent 700 BRL on local vacation with rate 0.19,gasto,700.0,USD,other,,add_expense,0.19,133.0,,,,,,,,,,
Paid 35 parking meter from General,gasto,35.0,USD,transport,General,add_expense,1.0,35.0,,,,,,,,,,
Add 160 annual software subscription in checking,gasto,160.0,USD,other,checking,add_expense,1.0,160.0,,,,,,,,,,
Spent 90 on event catering from Savings,gasto,90.0,USD,food,Savings,add_expense,1.0,90.0,,,,,,,,,,
Paid 240 for appliance repair from General,gasto,240.0,USD,housing,General,add_expense,1.0,240.0,,,,,,,,,,
Add 50 personal hygiene products from card,gasto,50.0,USD,other,,add_expense,1.0,50.0,,,,,,,,,,
Spent 1100 on office furniture from checking,gasto,1100.0,USD,other,checking,add_expense,1.0,1100.0,,,,,,,,,,
Paid 78 dental appointment from Savings,gasto,78.0,USD,health,Savings,add_expense,1.0,78.0,,,,,,,,,,
Spent 320 on formal clothing from General,gasto,320.0,USD,other,General,add_expense,1.0,320.0,,,,,,,,,,
Paid 42 monthly parking from card,gasto,42.0,USD,transport,,add_expense,1.0,42.0,,,,,,,,,,
Paid 550 ARS for phone with rate 0.001,gasto,550.0,USD,utilities,checking,add_expense,0.001,0.55,,,,,,,,,,
Add 88 healthy snacks expense from General,gasto,88.0,USD,food,General,add_expense,1.0,88.0,,,,,,,,,,
Spent 230 on cooking class from Savings,gasto,230.0,USD,entertainment,Savings,add_expense,1.0,230.0,,,,,,,,,,
Paid 410 auto parts from checking,gasto,410.0,USD,transport,checking,add_expense,1.0,410.0,,,,,,,,,,
Transport expenses over 100 this month,,,USD,transport,,report,,,expenses,this_month,,,transport,,100.0,,,
Show food transactions between 20 and 80 last month,,,USD,food,,report,,,expenses,last_month,,,food,,20.0,80.0,,
Income report with text salary this year,,,USD,,,report,,,incomes,this_year,,,,,,,salary,
Balance of Savings from 2026-01-01 to 2026-03-31,,,USD,,Savings,report,,,balance,custom,2026-01-01,2026-03-31,,Savings,,,,
Health expenses under 200 this month,,,USD,health,,report,,,expenses,this_month,,,health,,,200.0,,
Salary incomes in General for last 3 months,,,USD,salary,General,report,,,incomes,last_3_months,,,salary,General,,,,
Summary of utilities expenses in checking this month,,,USD,utilities,checking,report,,,summary,this_month,,,utilities,checking,,,,
Expenses over 500 this year,,,USD,,,report,,,expenses,this_year,,,,,500.0,,,
Cashflow from 2026-01-01 to 2026-06-30,,,USD,,,report,,,cashflow,custom,2026-01-01,2026-06-30,,,,,,
Income with text bonus last month,,,USD,,,report,,,incomes,last_month,,,,,,,bonus,
Housing expenses between 100 and 1000 this month,,,USD,housing,,report,,,expenses,this_month,,,housing,,100.0,1000.0,,
Balance for checking from 2026-02-01 to 2026-02-28,,,USD,,checking,report,,,balance,custom,2026-02-01,2026-02-28,,checking,,,,
Show all this year expenses by category,,,USD,,,report,,,expenses,this_year,,,,,,,,
Incomes in Savings last 3 months,,,USD,,Savings,report,,,incomes,last_3_months,,,,Savings,,,,
Entertainment expenses under 100 last month,,,USD,entertainment,,report,,,expenses,last_month,,,entertainment,,,100.0,,
Summary from 2026-03-01 to 2026-03-31,,,USD,,,report,,,summary,custom,2026-03-01,2026-03-31,,,,,,
How much did I earn in General this year,,,USD,,General,report,,,incomes,this_year,,,,General,,,,
Expenses with text taxi this month,,,USD,,,report,,,expenses,this_month,,,,,,,taxi,
Balance for all accounts last 3 months,,,USD,,,report,,,balance,last_3_months,,,,,,,,
Food expenses over 50 this month,,,USD,food,,report,,,expenses,this_month,,,food,,50.0,,,
Cashflow report from 2026-01-01 to 2026-12-31,,,USD,,,report,,,cashflow,custom,2026-01-01,2026-12-31,,,,,,
Salary incomes this year in General,,,USD,salary,General,report,,,incomes,this_year,,,salary,General,,,,
Health expenses in Savings last month,,,USD,health,Savings,report,,,expenses,last_month,,,health,Savings,,,,
Expenses between 200 and 600 last 3 months,,,USD,,,report,,,expenses,last_3_months,,,,,200.0,600.0,,
Income and expense summary this month,,,USD,,,report,,,summary,this_month,,,,,,,,
Expenses with text rent this month,,,USD,,,report,,,expenses,this_month,,,,,,,rent,
Incomes from 2026-01-15 to 2026-02-15,,,USD,,,report,,,incomes,custom,2026-01-15,2026-02-15,,,,,,
Balance for General last month,,,USD,,General,report,,,balance,last_month,,,,General,,,,
Transport expenses over 30 in checking this month,,,USD,transport,checking,report,,,expenses,this_month,,,transport,checking,30.0,,,
Cashflow for last 3 months in Savings,,,USD,,Savings,report,,,cashflow,last_3_months,,,,Savings,,,,
Analyze transport expenses over 100 this month,,,USD,transport,,data_analysis,,,,this_month,,,transport,,100.0,,,
How often do I spend on food in checking last month,,,USD,food,checking,data_analysis,,,,last_month,,,food,checking,,,,
Detect patterns in health spending this year,,,USD,health,,data_analysis,,,,this_year,,,health,,,,,
Analyze expenses between 50 and 200 this month,,,USD,,,data_analysis,,,,this_month,,,,,50.0,200.0,,
How are my incomes distributed this year,,,USD,,,data_analysis,,,,this_year,,,,,,,,
Analyze spending with text gym last month,,,USD,,,data_analysis,,,,last_month,,,,,,,gym,
Evolution of housing expenses last 3 months,,,USD,housing,,data_analysis,,,,last_3_months,,,housing,,,,,
Analyze my finances from 2026-01-01 to 2026-03-31,,,USD,,,data_analysis,,,,custom,2026-01-01,2026-03-31,,,,,,
Which categories do I spend the most on this month,,,USD,,,data_analysis,,,,this_month,,,,,,,,
Analyze entertainment expenses under 80 last month,,,USD,entertainment,,data_analysis,,,,last_month,,,entertainment,,,80.0,,
Review my checking account activity this year,,,USD,,checking,data_analysis,,,,this_year,,,,checking,,,,
Analyze food expenses from 2026-02-01 to 2026-02-28,,,USD,food,,data_analysis,,,,custom,2026-02-01,2026-02-28,food,,,,,
Income trend in Savings last 3 months,,,USD,,Savings,data_analysis,,,,last_3_months,,,,Savings,,,,
Show where I spend the most this year in General,,,USD,,General,data_analysis,,,,this_year,,,,General,,,,
Analyze utilities expenses last month,,,USD,utilities,,data_analysis,,,,last_month,,,utilities,,,,,
Review expenses over 500 this year,,,USD,,,data_analysis,,,,this_year,,,,,500.0,,,
Analyze health expenses between 50 and 300 this month,,,USD,health,,data_analysis,,,,this_month,,,health,,50.0,300.0,,
Patterns in transport spending in checking,,,USD,transport,checking,data_analysis,,,,this_month,,,transport,checking,,,,
Spending analysis from 2026-03-01 to 2026-03-15,,,USD,,,data_analysis,,,,custom,2026-03-01,2026-03-15,,,,,,
Show the evolution of my finances this year,,,USD,,,data_analysis,,,,this_year,,,,,,,,
What is the best diet to lose weight,,,USD,,,none,,,,,,,,,,,,"That's outside my scope. I am MIRA, your personal finance assistant."
Send me a reminder email,,,USD,,,none,,,,,,,,,,,,I cannot send emails. I can help you manage your personal finances.
What are the best restaurants nearby,,,USD,,,none,,,,,,,,,,,,I don't have access to restaurant directories. I can record your food expenses though.
Can you play chess with me,,,USD,,,none,,,,,,,,,,,,I'm not designed for games. I am a personal finance assistant.
Traduceme esto al espanol,,,USD,,,none,,,,,,,,,,,,I don't have translation capabilities. I'm here to help with your personal finances.
What stocks should I buy,,,USD,,,none,,,,,,,,,,,,For investment recommendations you need a financial advisor. I focus on recording and analyzing your finances.
Give me my horoscope,,,USD,,,none,,,,,,,,,,,,That's beyond my capabilities. I am your personal finance assistant.
Which movie won the Oscar this year,,,USD,,,none,,,,,,,,,,,,I don't have entertainment industry information. I can help you track your entertainment expenses.
What is the chemical formula of water,,,USD,,,none,,,,,,,,,,,,"That's outside my domain. I am MIRA, your personal finance assistant."
Help me write my resume,,,USD,,,none,,,,,,,,,,,,I cannot help with resumes. I specialize in recording and analyzing personal finances.
"Cobre mis honorarios de arquitecto, 4500, en General",ingreso,4500.0,USD,other_income,General,add_income,1.0,4500.0,,,,,,,,,,
Me transfirieron 1300 por alquiler de cochera en Savings,ingreso,1300.0,USD,other_income,Savings,add_income,1.0,1300.0,,,,,,,,,,
Registra que entre 620 por venta de plantas en checking,ingreso,620.0,USD,other_income,checking,add_income,1.0,620.0,,,,,,,,,,
Me pagaron 85 de rifas ganadas en General,ingreso,85.0,USD,other_income,General,add_income,1.0,85.0,,,,,,,,,,
Recibi pago de 2400 por servicio de limpieza en Savings,ingreso,2400.0,USD,other_income,Savings,add_income,1.0,2400.0,,,,,,,,,,
Me acreditaron 7200 MXN de comision con cambio 0.052,ingreso,7200.0,USD,other_income,checking,add_income,0.052,374.4,,,,,,,,,,
Ingrese 330 de recompensa por encuestas en General,ingreso,330.0,USD,other_income,General,add_income,1.0,330.0,,,,,,,,,,
Me depositaron aguinaldo de 3600 en Savings,ingreso,3600.0,USD,salary,Savings,add_income,1.0,3600.0,,,,,,,,,,
Cobre 1750 de proyecto de animacion en checking,ingreso,1750.0,USD,other_income,checking,add_income,1.0,1750.0,,,,,,,,,,
Recibi 480 EUR de cliente aleman con rate 1.1,ingreso,480.0,USD,other_income,General,add_income,1.1,528.0,,,,,,,,,,
Me llegaron 200 de cashback de tarjeta en Savings,ingreso,200.0,USD,other_income,Savings,add_income,1.0,200.0,,,,,,,,,,
Registra ingreso de 5100 por venta de propiedad en General,ingreso,5100.0,USD,other_income,General,add_income,1.0,5100.0,,,,,,,,,,
Me pagaron 135 de moderacion de contenido en checking,ingreso,135.0,USD,other_income,checking,add_income,1.0,135.0,,,,,,,,,,
Recibi 9000 COP de honorarios con cambio 0.00025,ingreso,9000.0,USD,other_income,General,add_income,0.00025,2.25,,,,,,,,,,
Me entraron 2800 de arrendamiento mensual en Savings,ingreso,2800.0,USD,other_income,Savings,add_income,1.0,2800.0,,,,,,,,,,
Cobre sueldo quincenal de 3350 en checking,ingreso,3350.0,USD,salary,checking,add_income,1.0,3350.0,,,,,,,,,,
Ingrese 760 de premio de concurso de diseno en General,ingreso,760.0,USD,other_income,General,add_income,1.0,760.0,,,,,,,,,,
Me depositaron 1100 BRL de trabajo de traduccion con rate 0.19,ingreso,1100.0,USD,other_income,Savings,add_income,0.19,209.0,,,,,,,,,,
Recibi 490 de remesa familiar en checking,ingreso,490.0,USD,other_income,checking,add_income,1.0,490.0,,,,,,,,,,
Me acreditaron 3800 de venta de vehiculo en General,ingreso,3800.0,USD,other_income,General,add_income,1.0,3800.0,,,,,,,,,,
Cobre 215 de ingresos por podcasting en Savings,ingreso,215.0,USD,other_income,Savings,add_income,1.0,215.0,,,,,,,,,,
Me llegaron 1680 de proyecto de consultoria en checking,ingreso,1680.0,USD,other_income,checking,add_income,1.0,1680.0,,,,,,,,,,
Registra 95 de ingreso por reciclaje en General,ingreso,95.0,USD,other_income,General,add_income,1.0,95.0,,,,,,,,,,
Me pagaron 4400 CAD de contrato anual con rate 0.74,ingreso,4400.0,USD,other_income,Savings,add_income,0.74,3256.0,,,,,,,,,,
Recibi 275 de reembolso de empleado en checking,ingreso,275.0,USD,other_income,checking,add_income,1.0,275.0,,,,,,,,,,
Me depositaron 1900 de bono por productividad en General,ingreso,1900.0,USD,salary,General,add_income,1.0,1900.0,,,,,,,,,,
Cobre 340 por servicios de mensajeria en Savings,ingreso,340.0,USD,other_income,Savings,add_income,1.0,340.0,,,,,,,,,,
Me entro 6500 MXN de venta de negocio con cambio 0.055,ingreso,6500.0,USD,other_income,checking,add_income,0.055,357.5,,,,,,,,,,
Registra 180 de ingreso de sorteo en General,ingreso,180.0,USD,other_income,General,add_income,1.0,180.0,,,,,,,,,,
Me acreditaron 2200 de dividendos de fondo de inversion en Savings,ingreso,2200.0,USD,other_income,Savings,add_income,1.0,2200.0,,,,,,,,,,
Recibi 415 GBP de royalties literarios con rate 1.27,ingreso,415.0,USD,other_income,checking,add_income,1.27,527.05,,,,,,,,,,
Me llegaron 720 de honorarios de coaching en General,ingreso,720.0,USD,other_income,General,add_income,1.0,720.0,,,,,,,,,,
Ingrese 1550 de venta de arte digital en Savings,ingreso,1550.0,USD,other_income,Savings,add_income,1.0,1550.0,,,,,,,,,,
Me pagaron 3000 por instalacion de paneles solares en checking,ingreso,3000.0,USD,other_income,checking,add_income,1.0,3000.0,,,,,,,,,,
Recibi 88 de intereses bancarios en General,ingreso,88.0,USD,other_income,General,add_income,1.0,88.0,,,,,,,,,,
Me depositaron 2700 ARS de arriendo con cambio 0.001,ingreso,2700.0,USD,other_income,Savings,add_income,0.001,2.7,,,,,,,,,,
Cobre 1200 de asesoria juridica en checking,ingreso,1200.0,USD,other_income,checking,add_income,1.0,1200.0,,,,,,,,,,
Me entro 490 de venta de equipos usados en General,ingreso,490.0,USD,other_income,General,add_income,1.0,490.0,,,,,,,,,,
Registra ingreso de 350 por clases de yoga en Savings,ingreso,350.0,USD,other_income,Savings,add_income,1.0,350.0,,,,,,,,,,
Me acreditaron 4700 de pago de proyecto de arquitectura en checking,ingreso,4700.0,USD,other_income,checking,add_income,1.0,4700.0,,,,,,,,,,
Recibi mi salario mensual de 5200 en General,ingreso,5200.0,USD,salary,General,add_income,1.0,5200.0,,,,,,,,,,
Me cayeron 165 de recompensa de app de fidelidad en Savings,ingreso,165.0,USD,other_income,Savings,add_income,1.0,165.0,,,,,,,,,,
Cobre 2900 de contrato de mantenimiento anual en checking,ingreso,2900.0,USD,other_income,checking,add_income,1.0,2900.0,,,,,,,,,,
Me llegaron 520 de ingreso por ensenar idiomas en General,ingreso,520.0,USD,other_income,General,add_income,1.0,520.0,,,,,,,,,,
Ingrese 1400 BRL de venta de maquinaria con rate 0.19,ingreso,1400.0,USD,other_income,Savings,add_income,0.19,266.0,,,,,,,,,,
Me pagaron 3500 de honorarios de notario en checking,ingreso,3500.0,USD,other_income,checking,add_income,1.0,3500.0,,,,,,,,,,
Recibi 225 de devolucion de garantia en General,ingreso,225.0,USD,other_income,General,add_income,1.0,225.0,,,,,,,,,,
Me depositaron 1800 de comision de bienes raices en Savings,ingreso,1800.0,USD,other_income,Savings,add_income,1.0,1800.0,,,,,,,,,,
Cobre 670 de servicios de reparacion de celulares en checking,ingreso,670.0,USD,other_income,checking,add_income,1.0,670.0,,,,,,,,,,
Me entro sueldo de 4000 en General por trabajo de planta,ingreso,4000.0,USD,salary,General,add_income,1.0,4000.0,,,,,,,,,,
Pague 390 de suscripcion a gimnasio premium en Savings,gasto,390.0,USD,health,Savings,add_expense,1.0,390.0,,,,,,,,,,
Gaste 145 en libros de texto universitarios desde General,gasto,145.0,USD,other,General,add_expense,1.0,145.0,,,,,,,,,,
Desembolse 820 en reparacion de lavadora desde checking,gasto,820.0,USD,housing,checking,add_expense,1.0,820.0,,,,,,,,,,
Registra 26 de gasto en bebidas en oficina desde tarjeta,gasto,26.0,USD,food,,add_expense,1.0,26.0,,,,,,,,,,
Pague 1250 de prima de seguro de vida en General,gasto,1250.0,USD,other,General,add_expense,1.0,1250.0,,,,,,,,,,
Gaste 3500 ARS en viaje de fin de semana con cambio 0.001,gasto,3500.0,USD,other,Savings,add_expense,0.001,3.5,,,,,,,,,,
Desembolse 76 en material de arte desde checking,gasto,76.0,USD,other,checking,add_expense,1.0,76.0,,,,,,,,,,
Registra 195 de gasto en flete de mudanza desde General,gasto,195.0,USD,other,General,add_expense,1.0,195.0,,,,,,,,,,
Pague 33 de servicio de lavanderia en Savings,gasto,33.0,USD,other,Savings,add_expense,1.0,33.0,,,,,,,,,,
Gaste 2400 BRL en muebles nuevos con cambio 0.19,gasto,2400.0,USD,housing,,add_expense,0.19,456.0,,,,,,,,,,
Desembolse 580 en curso de programacion desde checking,gasto,580.0,USD,other,checking,add_expense,1.0,580.0,,,,,,,,,,
Registra 45 de gasto en taxi aeropuerto desde tarjeta,gasto,45.0,USD,transport,,add_expense,1.0,45.0,,,,,,,,,,
Pague 310 de factura de agua en General,gasto,310.0,USD,utilities,General,add_expense,1.0,310.0,,,,,,,,,,
Gaste 68 en cremas y cosmeticos desde Savings,gasto,68.0,USD,other,Savings,add_expense,1.0,68.0,,,,,,,,,,
Desembolse 1400 en reparacion de refrigerador desde checking,gasto,1400.0,USD,housing,checking,add_expense,1.0,1400.0,,,,,,,,,,
Registra 28 de propina en restaurante desde tarjeta,gasto,28.0,USD,food,,add_expense,1.0,28.0,,,,,,,,,,
Pague 760 CAD de arrendamiento con rate 0.74,gasto,760.0,USD,housing,General,add_expense,0.74,562.4,,,,,,,,,,
Gaste 110 en accesorios para computadora desde General,gasto,110.0,USD,other,General,add_expense,1.0,110.0,,,,,,,,,,
Desembolse 39 en recarga de transporte publico desde Savings,gasto,39.0,USD,transport,Savings,add_expense,1.0,39.0,,,,,,,,,,
Registra 265 de gasto en regalo de cumpleanos desde checking,gasto,265.0,USD,other,checking,add_expense,1.0,265.0,,,,,,,,,,
Pague 480 de matricula de curso de idiomas en General,gasto,480.0,USD,other,General,add_expense,1.0,480.0,,,,,,,,,,
Gaste 52 en cargadores y cables desde tarjeta,gasto,52.0,USD,other,,add_expense,1.0,52.0,,,,,,,,,,
Desembolse 1700 GBP en viaje a Londres con rate 1.27,gasto,1700.0,USD,other,,add_expense,1.27,2159.0,,,,,,,,,,
Registra 88 de gasto en barberia desde Savings,gasto,88.0,USD,other,Savings,add_expense,1.0,88.0,,,,,,,,,,
Pague 330 de factura de telefono fijo en checking,gasto,330.0,USD,utilities,checking,add_expense,1.0,330.0,,,,,,,,,,
Gaste 195 en compras de navidad desde General,gasto,195.0,USD,other,General,add_expense,1.0,195.0,,,,,,,,,,
Desembolse 45 en sellos y envios postales desde tarjeta,gasto,45.0,USD,other,,add_expense,1.0,45.0,,,,,,,,,,
Registra 960 de gasto en curso de diseno desde Savings,gasto,960.0,USD,other,Savings,add_expense,1.0,960.0,,,,,,,,,,
Pague 71 de peaje mensual en checking,gasto,71.0,USD,transport,checking,add_expense,1.0,71.0,,,,,,,,,,
Gaste 500 MXN en comida rapida con cambio 0.05,gasto,500.0,USD,food,General,add_expense,0.05,25.0,,,,,,,,,,
Desembolse 290 en reparacion de colchon desde General,gasto,290.0,USD,housing,General,add_expense,1.0,290.0,,,,,,,,,,
Registra 18 de gasto en estampillas desde tarjeta,gasto,18.0,USD,other,,add_expense,1.0,18.0,,,,,,,,,,
Pague 420 de deductible dental en Savings,gasto,420.0,USD,health,Savings,add_expense,1.0,420.0,,,,,,,,,,
Gaste 135 en insumos de oficina desde checking,gasto,135.0,USD,other,checking,add_expense,1.0,135.0,,,,,,,,,,
Desembolse 3300 COP en tiquete de bus con cambio 0.00025,gasto,3300.0,USD,transport,General,add_expense,0.00025,0.83,,,,,,,,,,
Registra 55 de gasto en aceite de cocina desde tarjeta,gasto,55.0,USD,food,,add_expense,1.0,55.0,,,,,,,,,,
Pague 180 de examen medico anual en General,gasto,180.0,USD,health,General,add_expense,1.0,180.0,,,,,,,,,,
Gaste 290 en herramientas de jardin desde Savings,gasto,290.0,USD,other,Savings,add_expense,1.0,290.0,,,,,,,,,,
Desembolse 850 en servicio de mecanico desde checking,gasto,850.0,USD,transport,checking,add_expense,1.0,850.0,,,,,,,,,,
Registra 66 de gasto en barritas proteicas desde tarjeta,gasto,66.0,USD,health,,add_expense,1.0,66.0,,,,,,,,,,
Pague 1100 de seguro medico privado en General,gasto,1100.0,USD,health,General,add_expense,1.0,1100.0,,,,,,,,,,
Gaste 375 en sistema de alarma para casa desde Savings,gasto,375.0,USD,housing,Savings,add_expense,1.0,375.0,,,,,,,,,,
Desembolse 48 en materiales de limpieza desde checking,gasto,48.0,USD,other,checking,add_expense,1.0,48.0,,,,,,,,,,
Registra 220 de gasto en repuestos de electrodomesticos desde General,gasto,220.0,USD,housing,General,add_expense,1.0,220.0,,,,,,,,,,
Pague 95 de cuota mensual de prestamo personal en Savings,gasto,95.0,USD,other,Savings,add_expense,1.0,95.0,,,,,,,,,,
Gaste 1600 ARS en ropa de invierno con cambio 0.001,gasto,1600.0,USD,other,checking,add_expense,0.001,1.6,,,,,,,,,,
Desembolse 135 en suministros medicos desde General,gasto,135.0,USD,health,General,add_expense,1.0,135.0,,,,,,,,,,
Registra 240 de gasto en fiesta de cumpleanos desde Savings,gasto,240.0,USD,entertainment,Savings,add_expense,1.0,240.0,,,,,,,,,,
Pague 410 de revision vehicular en checking,gasto,410.0,USD,transport,checking,add_expense,1.0,410.0,,,,,,,,,,
Gaste 78 en tapas y snacks para invitados desde tarjeta,gasto,78.0,USD,food,,add_expense,1.0,78.0,,,,,,,,,,
Mis gastos de salud entre 100 y 500 el mes pasado,,,USD,health,,report,,,expenses,last_month,,,health,,100.0,500.0,,
Ver ingresos con texto freelance este ano,,,USD,,,report,,,incomes,this_year,,,,,,,freelance,
Cashflow de Savings del 2026-01-01 al 2026-06-30,,,USD,,Savings,report,,,cashflow,custom,2026-01-01,2026-06-30,,Savings,,,,
Reporte de gastos de utilities mayores a 80 este mes,,,USD,utilities,,report,,,expenses,this_month,,,utilities,,80.0,,,
Balance del 2026-04-01 al 2026-04-30,,,USD,,,report,,,balance,custom,2026-04-01,2026-04-30,,,,,,
Gastos de entertainment en checking los ultimos 3 meses,,,USD,entertainment,checking,report,,,expenses,last_3_months,,,entertainment,checking,,,,
Ver ingresos en Savings entre el 2026-02-01 y el 2026-03-31,,,USD,,Savings,report,,,incomes,custom,2026-02-01,2026-03-31,,Savings,,,,
Resumen de gastos de food menores a 30 este mes,,,USD,food,,report,,,expenses,this_month,,,food,,,30.0,,
Cashflow de este ano en General,,,USD,,General,report,,,cashflow,this_year,,,,General,,,,
Gastos con texto electricidad el mes pasado,,,USD,,,report,,,expenses,last_month,,,,,,,electricidad,
Ver ingresos de other_income de los ultimos 3 meses,,,USD,other_income,,report,,,incomes,last_3_months,,,other_income,,,,,
Balance de checking de este mes,,,USD,,checking,report,,,balance,this_month,,,,checking,,,,
Resumen de todos los movimientos del 2026-01-01 al 2026-12-31,,,USD,,,report,,,summary,custom,2026-01-01,2026-12-31,,,,,,
Gastos de other en General menores a 500 este ano,,,USD,other,General,report,,,expenses,this_year,,,other,General,,500.0,,
Ver mis ingresos del mes pasado en Savings,,,USD,,Savings,report,,,incomes,last_month,,,,Savings,,,,
Gastos entre 100 y 400 de housing el mes pasado,,,USD,housing,,report,,,expenses,last_month,,,housing,,100.0,400.0,,
Cashflow del 2026-03-01 al 2026-05-31,,,USD,,,report,,,cashflow,custom,2026-03-01,2026-05-31,,,,,,
Reporte de gastos de transport en checking este ano,,,USD,transport,checking,report,,,expenses,this_year,,,transport,checking,,,,
Ingresos mayores a 1000 en Savings los ultimos 3 meses,,,USD,,Savings,report,,,incomes,last_3_months,,,,Savings,1000.0,,,
Ver balance de General del 2026-01-01 al 2026-03-31,,,USD,,General,report,,,balance,custom,2026-01-01,2026-03-31,,General,,,,
Resumen de este mes para todas las cuentas,,,USD,,,report,,,summary,this_month,,,,,,,,
Gastos de food con texto mercado los ultimos 3 meses,,,USD,food,,report,,,expenses,last_3_months,,,food,,,,mercado,
Ingresos por salary en General este mes,,,USD,salary,General,report,,,incomes,this_month,,,salary,General,,,,
Ver gastos de health en Savings de este ano,,,USD,health,Savings,report,,,expenses,this_year,,,health,Savings,,,,
Reporte de cashflow del mes pasado,,,USD,,,report,,,cashflow,last_month,,,,,,,,
Analiza en que categorias gasto mas el mes pasado,,,USD,,,data_analysis,,,,last_month,,,,,,,,
Muestra mi tendencia de ahorro de los ultimos 3 meses,,,USD,,Savings,data_analysis,,,,last_3_months,,,,Savings,,,,
Analiza mis gastos de housing del 2026-01-01 al 2026-03-31,,,USD,housing,,data_analysis,,,,custom,2026-01-01,2026-03-31,housing,,,,,
Cuantos ingresos tuve en General este mes,,,USD,,General,data_analysis,,,,this_month,,,,General,,,,
Analiza mis movimientos de checking los ultimos 3 meses,,,USD,,checking,data_analysis,,,,last_3_months,,,,checking,,,,
Cual fue mi mayor gasto de utilities este ano,,,USD,utilities,,data_analysis,,,,this_year,,,utilities,,,,,
Analiza mis gastos de entertainment con texto streaming este mes,,,USD,entertainment,,data_analysis,,,,this_month,,,entertainment,,,,streaming,
Revision de gastos entre 200 y 800 en Savings el mes pasado,,,USD,,Savings,data_analysis,,,,last_month,,,,Savings,200.0,800.0,,
Como evoluciono mi gasto en food este ano,,,USD,food,,data_analysis,,,,this_year,,,food,,,,,
Analiza todos mis ingresos del 2026-02-01 al 2026-03-31,,,USD,,,data_analysis,,,,custom,2026-02-01,2026-03-31,,,,,,
Cuanto sume en gastos de transport en checking este mes,,,USD,transport,checking,data_analysis,,,,this_month,,,transport,checking,,,,
Muestra los mayores ingresos en General los ultimos 3 meses,,,USD,salary,General,data_analysis,,,,last_3_months,,,salary,,1000.0,,,
Analiza mis gastos de health de este ano en Savings,,,USD,health,Savings,data_analysis,,,,this_year,,,health,Savings,,,,
Revision de mis finanzas del 2026-01-01 al 2026-06-30,,,USD,,,data_analysis,,,,custom,2026-01-01,2026-06-30,,,,,,
Donde se fue mi dinero este mes,,,USD,,,data_analysis,,,,this_month,,,,,,,,
Puedes llamar a mi banco por mi,,,USD,,,none,,,,,,,,,,,,"No tengo la capacidad de realizar llamadas. Soy MIRA, tu asistente de finanzas personales."
Dime quien gano el campeonato de futbol,,,USD,,,none,,,,,,,,,,,,No tengo informacion de deportes. Puedo ayudarte con tus finanzas personales.
Escribe un poema sobre el dinero,,,USD,,,none,,,,,,,,,,,,"No genero poemas, pero puedo ayudarte a gestionar tu dinero."
Cual es la diferencia entre blockchain y bitcoin,,,USD,,,none,,,,,,,,,,,,"Eso esta fuera de mi alcance. Soy MIRA, asistente de finanzas personales."
Hazme un plan de dieta,,,USD,,,none,,,,,,,,,,,,No puedo crear planes de dieta. Mi especialidad son las finanzas personales.
Cuales son las mejores criptomonedas para invertir,,,USD,,,none,,,,,,,,,,,,Para consejos de inversion en cripto necesitas un experto. Yo registro y analizo tus finanzas.
Ayudame a redactar un contrato de trabajo,,,USD,,,none,,,,,,,,,,,,No puedo redactar contratos. Me especializo en registro y analisis de finanzas personales.
Que aplicacion me recomiendas para conocer gente,,,USD,,,none,,,,,,,,,,,,"Eso esta fuera de mi alcance. Soy MIRA, tu asistente financiero personal."
Cuales son los mejores libros de autoayuda,,,USD,,,none,,,,,,,,,,,,No tengo recomendaciones de libros. Puedo ayudarte con el registro de tus gastos e ingresos.
Collected 4500 architect fees in General,ingreso,4500.0,USD,other_income,General,add_income,1.0,4500.0,,,,,,,,,,
Got 1300 garage rental transfer to Savings,ingreso,1300.0,USD,other_income,Savings,add_income,1.0,1300.0,,,,,,,,,,
Record 620 plant sales income in checking,ingreso,620.0,USD,other_income,checking,add_income,1.0,620.0,,,,,,,,,,
Add 85 lottery winnings to General,ingreso,85.0,USD,other_income,General,add_income,1.0,85.0,,,,,,,,,,
Received 2400 for cleaning service income in Savings,ingreso,2400.0,USD,other_income,Savings,add_income,1.0,2400.0,,,,,,,,,,
Got 7200 MXN commission with rate 0.052,ingreso,7200.0,USD,other_income,checking,add_income,0.052,374.4,,,,,,,,,,
Add 330 survey reward income to General,ingreso,330.0,USD,other_income,General,add_income,1.0,330.0,,,,,,,,,,
Received year-end bonus of 3600 in Savings,ingreso,3600.0,USD,salary,Savings,add_income,1.0,3600.0,,,,,,,,,,
Collected 1750 animation project payment in checking,ingreso,1750.0,USD,other_income,checking,add_income,1.0,1750.0,,,,,,,,,,
Received 480 EUR from German client with rate 1.1,ingreso,480.0,USD,other_income,General,add_income,1.1,528.0,,,,,,,,,,
Got 200 credit card cashback in Savings,ingreso,200.0,USD,other_income,Savings,add_income,1.0,200.0,,,,,,,,,,
Register 5100 property sale income in General,ingreso,5100.0,USD,other_income,General,add_income,1.0,5100.0,,,,,,,,,,
Got paid 135 for content moderation in checking,ingreso,135.0,USD,other_income,checking,add_income,1.0,135.0,,,,,,,,,,
Received 9000 COP consulting fees with rate 0.00025,ingreso,9000.0,USD,other_income,General,add_income,0.00025,2.25,,,,,,,,,,
Add 2800 monthly rental income to Savings,ingreso,2800.0,USD,other_income,Savings,add_income,1.0,2800.0,,,,,,,,,,
Got biweekly salary of 3350 in checking,ingreso,3350.0,USD,salary,checking,add_income,1.0,3350.0,,,,,,,,,,
Received 760 design contest prize in General,ingreso,760.0,USD,other_income,General,add_income,1.0,760.0,,,,,,,,,,
Got 1100 BRL translation payment with rate 0.19,ingreso,1100.0,USD,other_income,Savings,add_income,0.19,209.0,,,,,,,,,,
Add 490 family remittance to checking,ingreso,490.0,USD,other_income,checking,add_income,1.0,490.0,,,,,,,,,,
Received 3800 vehicle sale income in General,ingreso,3800.0,USD,other_income,General,add_income,1.0,3800.0,,,,,,,,,,
Got 215 podcasting income in Savings,ingreso,215.0,USD,other_income,Savings,add_income,1.0,215.0,,,,,,,,,,
Received 1680 consulting project payment in checking,ingreso,1680.0,USD,other_income,checking,add_income,1.0,1680.0,,,,,,,,,,
Register 95 recycling income in General,ingreso,95.0,USD,other_income,General,add_income,1.0,95.0,,,,,,,,,,
Got 4400 CAD annual contract income with rate 0.74,ingreso,4400.0,USD,other_income,Savings,add_income,0.74,3256.0,,,,,,,,,,
Received 275 employee reimbursement in checking,ingreso,275.0,USD,other_income,checking,add_income,1.0,275.0,,,,,,,,,,
Add 1900 productivity bonus to General,ingreso,1900.0,USD,salary,General,add_income,1.0,1900.0,,,,,,,,,,
Got paid 340 for courier services in Savings,ingreso,340.0,USD,other_income,Savings,add_income,1.0,340.0,,,,,,,,,,
Received 6500 MXN business sale with rate 0.055,ingreso,6500.0,USD,other_income,checking,add_income,0.055,357.5,,,,,,,,,,
Register 180 raffle prize income in General,ingreso,180.0,USD,other_income,General,add_income,1.0,180.0,,,,,,,,,,
Received 2200 investment fund dividends in Savings,ingreso,2200.0,USD,other_income,Savings,add_income,1.0,2200.0,,,,,,,,,,
Got 415 GBP literary royalties with rate 1.27,ingreso,415.0,USD,other_income,checking,add_income,1.27,527.05,,,,,,,,,,
Received 720 coaching fees in General,ingreso,720.0,USD,other_income,General,add_income,1.0,720.0,,,,,,,,,,
Got 1550 digital art sales in Savings,ingreso,1550.0,USD,other_income,Savings,add_income,1.0,1550.0,,,,,,,,,,
Received 3000 solar panel installation payment in checking,ingreso,3000.0,USD,other_income,checking,add_income,1.0,3000.0,,,,,,,,,,
Add 88 bank interest income to General,ingreso,88.0,USD,other_income,General,add_income,1.0,88.0,,,,,,,,,,
Got 2700 ARS rent payment with rate 0.001,ingreso,2700.0,USD,other_income,Savings,add_income,0.001,2.7,,,,,,,,,,
Collected 1200 legal consulting fees in checking,ingreso,1200.0,USD,other_income,checking,add_income,1.0,1200.0,,,,,,,,,,
Received 490 used equipment sale income in General,ingreso,490.0,USD,other_income,General,add_income,1.0,490.0,,,,,,,,,,
Register 350 yoga classes income in Savings,ingreso,350.0,USD,other_income,Savings,add_income,1.0,350.0,,,,,,,,,,
Got 4700 architecture project payment in checking,ingreso,4700.0,USD,other_income,checking,add_income,1.0,4700.0,,,,,,,,,,
Received my monthly salary of 5200 in General,ingreso,5200.0,USD,salary,General,add_income,1.0,5200.0,,,,,,,,,,
Got 165 loyalty app reward in Savings,ingreso,165.0,USD,other_income,Savings,add_income,1.0,165.0,,,,,,,,,,
Collected 2900 annual maintenance contract in checking,ingreso,2900.0,USD,other_income,checking,add_income,1.0,2900.0,,,,,,,,,,
Received 520 language teaching income in General,ingreso,520.0,USD,other_income,General,add_income,1.0,520.0,,,,,,,,,,
Got 1400 BRL machinery sale with rate 0.19,ingreso,1400.0,USD,other_income,Savings,add_income,0.19,266.0,,,,,,,,,,
Received 3500 notary fees in checking,ingreso,3500.0,USD,other_income,checking,add_income,1.0,3500.0,,,,,,,,,,
Add 225 warranty refund income to General,ingreso,225.0,USD,other_income,General,add_income,1.0,225.0,,,,,,,,,,
Got 1800 real estate commission in Savings,ingreso,1800.0,USD,other_income,Savings,add_income,1.0,1800.0,,,,,,,,,,
Collected 670 phone repair service income in checking,ingreso,670.0,USD,other_income,checking,add_income,1.0,670.0,,,,,,,,,,
Received staff salary of 4000 in General,ingreso,4000.0,USD,salary,General,add_income,1.0,4000.0,,,,,,,,,,
Paid 390 premium gym subscription in Savings,gasto,390.0,USD,health,Savings,add_expense,1.0,390.0,,,,,,,,,,
Spent 145 on university textbooks from General,gasto,145.0,USD,other,General,add_expense,1.0,145.0,,,,,,,,,,
Paid 820 for washing machine repair in checking,gasto,820.0,USD,housing,checking,add_expense,1.0,820.0,,,,,,,,,,
Add 26 office beverages expense from card,gasto,26.0,USD,food,,add_expense,1.0,26.0,,,,,,,,,,
Paid 1250 life insurance premium in General,gasto,1250.0,USD,other,General,add_expense,1.0,1250.0,,,,,,,,,,
Spent 3500 ARS on weekend trip with rate 0.001,gasto,3500.0,USD,other,Savings,add_expense,0.001,3.5,,,,,,,,,,
Spent 76 on art supplies from checking,gasto,76.0,USD,other,checking,add_expense,1.0,76.0,,,,,,,,,,
Paid 195 moving truck fee from General,gasto,195.0,USD,other,General,add_expense,1.0,195.0,,,,,,,,,,
Paid 33 laundry service from Savings,gasto,33.0,USD,other,Savings,add_expense,1.0,33.0,,,,,,,,,,
Spent 2400 BRL on new furniture with rate 0.19,gasto,2400.0,USD,housing,,add_expense,0.19,456.0,,,,,,,,,,
Paid 580 programming course fee from checking,gasto,580.0,USD,other,checking,add_expense,1.0,580.0,,,,,,,,,,
Add 45 airport taxi expense from card,gasto,45.0,USD,transport,,add_expense,1.0,45.0,,,,,,,,,,
Paid 310 water bill from General,gasto,310.0,USD,utilities,General,add_expense,1.0,310.0,,,,,,,,,,
Spent 68 on creams and cosmetics from Savings,gasto,68.0,USD,other,Savings,add_expense,1.0,68.0,,,,,,,,,,
Paid 1400 fridge repair from checking,gasto,1400.0,USD,housing,checking,add_expense,1.0,1400.0,,,,,,,,,,
Add 28 restaurant tip from card,gasto,28.0,USD,food,,add_expense,1.0,28.0,,,,,,,,,,
Paid 760 CAD rent with rate 0.74,gasto,760.0,USD,housing,General,add_expense,0.74,562.4,,,,,,,,,,
Spent 110 on computer accessories from General,gasto,110.0,USD,other,General,add_expense,1.0,110.0,,,,,,,,,,
Paid 39 transit card top-up from Savings,gasto,39.0,USD,transport,Savings,add_expense,1.0,39.0,,,,,,,,,,
Add 265 birthday gift expense from checking,gasto,265.0,USD,other,checking,add_expense,1.0,265.0,,,,,,,,,,
Paid 480 language course enrollment from General,gasto,480.0,USD,other,General,add_expense,1.0,480.0,,,,,,,,,,
Spent 52 on chargers and cables from card,gasto,52.0,USD,other,,add_expense,1.0,52.0,,,,,,,,,,
Paid 1700 GBP London trip with rate 1.27,gasto,1700.0,USD,other,,add_expense,1.27,2159.0,,,,,,,,,,
Add 88 barber shop expense from Savings,gasto,88.0,USD,other,Savings,add_expense,1.0,88.0,,,,,,,,,,
Paid 330 landline phone bill in checking,gasto,330.0,USD,utilities,checking,add_expense,1.0,330.0,,,,,,,,,,
Spent 195 on Christmas shopping from General,gasto,195.0,USD,other,General,add_expense,1.0,195.0,,,,,,,,,,
Add 45 postage and shipping expense from card,gasto,45.0,USD,other,,add_expense,1.0,45.0,,,,,,,,,,
Paid 960 design course fee from Savings,gasto,960.0,USD,other,Savings,add_expense,1.0,960.0,,,,,,,,,,
Paid 71 monthly toll fee in checking,gasto,71.0,USD,transport,checking,add_expense,1.0,71.0,,,,,,,,,,
Spent 500 MXN on fast food with rate 0.05,gasto,500.0,USD,food,General,add_expense,0.05,25.0,,,,,,,,,,
Paid 290 mattress repair from General,gasto,290.0,USD,housing,General,add_expense,1.0,290.0,,,,,,,,,,
Add 18 stamp expense from card,gasto,18.0,USD,other,,add_expense,1.0,18.0,,,,,,,,,,
Paid 420 dental deductible from Savings,gasto,420.0,USD,health,Savings,add_expense,1.0,420.0,,,,,,,,,,
Spent 135 on office supplies from checking,gasto,135.0,USD,other,checking,add_expense,1.0,135.0,,,,,,,,,,
Paid 3300 COP bus ticket with rate 0.00025,gasto,3300.0,USD,transport,General,add_expense,0.00025,0.83,,,,,,,,,,
Add 55 cooking oil expense from card,gasto,55.0,USD,food,,add_expense,1.0,55.0,,,,,,,,,,
Paid 180 annual medical exam from General,gasto,180.0,USD,health,General,add_expense,1.0,180.0,,,,,,,,,,
Spent 290 on garden tools from Savings,gasto,290.0,USD,other,Savings,add_expense,1.0,290.0,,,,,,,,,,
Paid 850 mechanic service from checking,gasto,850.0,USD,transport,checking,add_expense,1.0,850.0,,,,,,,,,,
Add 66 protein bar expense from card,gasto,66.0,USD,health,,add_expense,1.0,66.0,,,,,,,,,,
Paid 1100 private health insurance from General,gasto,1100.0,USD,health,General,add_expense,1.0,1100.0,,,,,,,,,,
Spent 375 on home alarm system from Savings,gasto,375.0,USD,housing,Savings,add_expense,1.0,375.0,,,,,,,,,,
Add 48 cleaning supplies expense from checking,gasto,48.0,USD,other,checking,add_expense,1.0,48.0,,,,,,,,,,
Paid 220 for appliance parts from General,gasto,220.0,USD,housing,General,add_expense,1.0,220.0,,,,,,,,,,
Paid 95 monthly personal loan installment from Savings,gasto,95.0,USD,other,Savings,add_expense,1.0,95.0,,,,,,,,,,
Spent 1600 ARS on winter clothes with rate 0.001,gasto,1600.0,USD,other,checking,add_expense,0.001,1.6,,,,,,,,,,
Add 135 medical supplies expense from General,gasto,135.0,USD,health,General,add_expense,1.0,135.0,,,,,,,,,,
Paid 240 for birthday party from Savings,gasto,240.0,USD,entertainment,Savings,add_expense,1.0,240.0,,,,,,,,,,
Paid 410 vehicle inspection from checking,gasto,410.0,USD,transport,checking,add_expense,1.0,410.0,,,,,,,,,,
Spent 78 on appetizers for guests from card,gasto,78.0,USD,food,,add_expense,1.0,78.0,,,,,,,,,,
Health expenses between 100 and 500 last month,,,USD,health,,report,,,expenses,last_month,,,health,,100.0,500.0,,
Show incomes with text freelance this year,,,USD,,,report,,,incomes,this_year,,,,,,,freelance,
Cashflow for Savings from 2026-01-01 to 2026-06-30,,,USD,,Savings,report,,,cashflow,custom,2026-01-01,2026-06-30,,Savings,,,,
Utilities expenses over 80 this month,,,USD,utilities,,report,,,expenses,this_month,,,utilities,,80.0,,,
Balance from 2026-04-01 to 2026-04-30,,,USD,,,report,,,balance,custom,2026-04-01,2026-04-30,,,,,,
Entertainment expenses in checking last 3 months,,,USD,entertainment,checking,report,,,expenses,last_3_months,,,entertainment,checking,,,,
Incomes in Savings from 2026-02-01 to 2026-03-31,,,USD,,Savings,report,,,incomes,custom,2026-02-01,2026-03-31,,Savings,,,,
Food expenses under 30 this month,,,USD,food,,report,,,expenses,this_month,,,food,,,30.0,,
This year cashflow in General,,,USD,,General,report,,,cashflow,this_year,,,,General,,,,
Expenses with text electricity last month,,,USD,,,report,,,expenses,last_month,,,,,,,electricity,
Other income report for last 3 months,,,USD,other_income,,report,,,incomes,last_3_months,,,other_income,,,,,
Balance for checking this month,,,USD,,checking,report,,,balance,this_month,,,,checking,,,,
Summary of all transactions from 2026-01-01 to 2026-12-31,,,USD,,,report,,,summary,custom,2026-01-01,2026-12-31,,,,,,
Other expenses in General under 500 this year,,,USD,other,General,report,,,expenses,this_year,,,other,General,,500.0,,
Show my last month incomes in Savings,,,USD,,Savings,report,,,incomes,last_month,,,,Savings,,,,
Housing expenses between 100 and 400 last month,,,USD,housing,,report,,,expenses,last_month,,,housing,,100.0,400.0,,
Cashflow from 2026-03-01 to 2026-05-31,,,USD,,,report,,,cashflow,custom,2026-03-01,2026-05-31,,,,,,
Transport expenses in checking this year,,,USD,transport,checking,report,,,expenses,this_year,,,transport,checking,,,,
Incomes over 1000 in Savings last 3 months,,,USD,,Savings,report,,,incomes,last_3_months,,,,Savings,1000.0,,,
Balance for General from 2026-01-01 to 2026-03-31,,,USD,,General,report,,,balance,custom,2026-01-01,2026-03-31,,General,,,,
Summary this month for all accounts,,,USD,,,report,,,summary,this_month,,,,,,,,
Food expenses with text market last 3 months,,,USD,food,,report,,,expenses,last_3_months,,,food,,,,market,
Salary incomes in General this month,,,USD,salary,General,report,,,incomes,this_month,,,salary,General,,,,
Health expenses in Savings this year,,,USD,health,Savings,report,,,expenses,this_year,,,health,Savings,,,,
Cashflow report for last month,,,USD,,,report,,,cashflow,last_month,,,,,,,,
Analyze which categories I spend most on last month,,,USD,,,data_analysis,,,,last_month,,,,,,,,
Show my savings trend over last 3 months,,,USD,,Savings,data_analysis,,,,last_3_months,,,,Savings,,,,
Analyze housing expenses from 2026-01-01 to 2026-03-31,,,USD,housing,,data_analysis,,,,custom,2026-01-01,2026-03-31,housing,,,,,
How many incomes did I have in General this month,,,USD,,General,data_analysis,,,,this_month,,,,General,,,,
Analyze my checking account movements last 3 months,,,USD,,checking,data_analysis,,,,last_3_months,,,,checking,,,,
What was my biggest utilities expense this year,,,USD,utilities,,data_analysis,,,,this_year,,,utilities,,,,,
Analyze my entertainment expenses with text streaming this month,,,USD,entertainment,,data_analysis,,,,this_month,,,entertainment,,,,streaming,
Review expenses between 200 and 800 in Savings last month,,,USD,,Savings,data_analysis,,,,last_month,,,,Savings,200.0,800.0,,
How did my food spending evolve this year,,,USD,food,,data_analysis,,,,this_year,,,food,,,,,
Analyze all my incomes from 2026-02-01 to 2026-03-31,,,USD,,,data_analysis,,,,custom,2026-02-01,2026-03-31,,,,,,
How much did I total in transport expenses in checking this month,,,USD,transport,checking,data_analysis,,,,this_month,,,transport,checking,,,,
Show highest incomes in General last 3 months,,,USD,,General,data_analysis,,,,last_3_months,,,,General,1000.0,,,
Analyze health expenses in Savings this year,,,USD,health,Savings,data_analysis,,,,this_year,,,health,Savings,,,,
Full financial review from 2026-01-01 to 2026-06-30,,,USD,,,data_analysis,,,,custom,2026-01-01,2026-06-30,,,,,,
Where did my money go this month,,,USD,,,data_analysis,,,,this_month,,,,,,,,
Can you call my bank for me,,,USD,,,none,,,,,,,,,,,,"I cannot make phone calls. I am MIRA, your personal finance assistant."
Tell me who won the soccer championship,,,USD,,,none,,,,,,,,,,,,I don't have sports information. I can help you manage your personal finances.
Write a poem about money,,,USD,,,none,,,,,,,,,,,,"I don't generate poems, but I can help you manage your money better."
What is the difference between blockchain and bitcoin,,,USD,,,none,,,,,,,,,,,,"That's outside my scope. I am MIRA, your personal finance assistant."
Create a meal plan for me,,,USD,,,none,,,,,,,,,,,,I cannot create meal plans. My specialty is personal finance management.
Which cryptocurrencies should I invest in,,,USD,,,none,,,,,,,,,,,,For crypto investment advice you need an expert. I record and analyze your personal finances.
Help me draft an employment contract,,,USD,,,none,,,,,,,,,,,,I cannot draft contracts. I specialize in recording and analyzing personal finances.
Which dating apps do you recommend,,,USD,,,none,,,,,,,,,,,,"That's outside my scope. I am MIRA, your personal finance assistant."
What are the best self-help books,,,USD,,,none,,,,,,,,,,,,I don't have book recommendations. I can help you track your income and expenses.
Ingrese 2100 por venta de joyas artesanales en General,ingreso,2100.0,USD,other_income,General,add_income,1.0,2100.0,,,,,,,,,,
Me pagaron 980 por clases de musica en Savings,ingreso,980.0,USD,other_income,Savings,add_income,1.0,980.0,,,,,,,,,,
Recibi 1450 de retiro parcial de pensión en checking,ingreso,1450.0,USD,salary,checking,add_income,1.0,1450.0,,,,,,,,,,
Me entro 360 por reparacion de electrodomesticos en General,ingreso,360.0,USD,other_income,General,add_income,1.0,360.0,,,,,,,,,,
Me acreditaron 5800 MXN de contrato de mantenimiento con cambio 0.053,ingreso,5800.0,USD,other_income,Savings,add_income,0.053,307.4,,,,,,,,,,
Registra 250 de ingreso por servicios de fotografia en checking,ingreso,250.0,USD,other_income,checking,add_income,1.0,250.0,,,,,,,,,,
Cobre 3200 de honorarios de contador en General,ingreso,3200.0,USD,other_income,General,add_income,1.0,3200.0,,,,,,,,,,
Me llegaron 175 de comisiones de ventas online en Savings,ingreso,175.0,USD,other_income,Savings,add_income,1.0,175.0,,,,,,,,,,
Ingrese 4400 CAD de proyecto de ingenieria con rate 0.74,ingreso,4400.0,USD,other_income,checking,add_income,0.74,3256.0,,,,,,,,,,
Me transfirieron 620 por tutoria de matematicas en General,ingreso,620.0,USD,other_income,General,add_income,1.0,620.0,,,,,,,,,,
Me cayo sueldo de 4800 en Savings de mi trabajo de planta,ingreso,4800.0,USD,salary,Savings,add_income,1.0,4800.0,,,,,,,,,,
Recibi 310 GBP de exportacion de artesanias con rate 1.27,ingreso,310.0,USD,other_income,checking,add_income,1.27,393.7,,,,,,,,,,
Me depositaron 1650 de comision de seguros en General,ingreso,1650.0,USD,other_income,General,add_income,1.0,1650.0,,,,,,,,,,
Cobre 88 de reembolso de viaje de negocios en Savings,ingreso,88.0,USD,other_income,Savings,add_income,1.0,88.0,,,,,,,,,,
Me entraron 2600 ARS de anticipo de novela con cambio 0.001,ingreso,2600.0,USD,other_income,checking,add_income,0.001,2.6,,,,,,,,,,
Registra ingreso de 420 por workshops de costura en General,ingreso,420.0,USD,other_income,General,add_income,1.0,420.0,,,,,,,,,,
Me acreditaron 1300 BRL de servicios de plomeria con rate 0.19,ingreso,1300.0,USD,other_income,Savings,add_income,0.19,247.0,,,,,,,,,,
Ingrese 550 de ingreso por gig de musica en vivo en checking,ingreso,550.0,USD,other_income,checking,add_income,1.0,550.0,,,,,,,,,,
Me pagaron 2800 por diseno de logotipo corporativo en General,ingreso,2800.0,USD,other_income,General,add_income,1.0,2800.0,,,,,,,,,,
Recibi 3400 de royalties de patente en Savings,ingreso,3400.0,USD,other_income,Savings,add_income,1.0,3400.0,,,,,,,,,,
Me cayo bono de fin de ano de 2200 en checking,ingreso,2200.0,USD,salary,checking,add_income,1.0,2200.0,,,,,,,,,,
Registra 110 de ingreso por reventa de boletos en General,ingreso,110.0,USD,other_income,General,add_income,1.0,110.0,,,,,,,,,,
Me entro 9000 COP de clases de danza con cambio 0.00025,ingreso,9000.0,USD,other_income,Savings,add_income,0.00025,2.25,,,,,,,,,,
Cobre 760 de servicios de traduccion tecnica en checking,ingreso,760.0,USD,other_income,checking,add_income,1.0,760.0,,,,,,,,,,
Me depositaron 1900 de ingresos de Airbnb en General,ingreso,1900.0,USD,other_income,General,add_income,1.0,1900.0,,,,,,,,,,
Me llegaron 435 de venta de fotografias de stock en Savings,ingreso,435.0,USD,other_income,Savings,add_income,1.0,435.0,,,,,,,,,,
Ingrese 6500 de liquidacion laboral en checking,ingreso,6500.0,USD,salary,checking,add_income,1.0,6500.0,,,,,,,,,,
Me transfirieron 295 por servicios de electricidad en General,ingreso,295.0,USD,other_income,General,add_income,1.0,295.0,,,,,,,,,,
Me acreditaron 1100 EUR de conferencia internacional con rate 1.1,ingreso,1100.0,USD,other_income,Savings,add_income,1.1,1210.0,,,,,,,,,,
Recibi 3600 de venta de criptomonedas en checking,ingreso,3600.0,USD,other_income,checking,add_income,1.0,3600.0,,,,,,,,,,
Me cayo pago de 680 por edicion de video en General,ingreso,680.0,USD,other_income,General,add_income,1.0,680.0,,,,,,,,,,
Cobre 2500 de proyecto de automatizacion en Savings,ingreso,2500.0,USD,other_income,Savings,add_income,1.0,2500.0,,,,,,,,,,
Me depositaron 420 de ingreso por app movil en checking,ingreso,420.0,USD,other_income,checking,add_income,1.0,420.0,,,,,,,,,,
Registra 4200 MXN de contrato freelance con cambio 0.052,ingreso,4200.0,USD,other_income,General,add_income,0.052,218.4,,,,,,,,,,
Me llegaron 1750 de beca de investigacion en Savings,ingreso,1750.0,USD,salary,Savings,add_income,1.0,1750.0,,,,,,,,,,
Ingrese 290 de venta de plantas medicinales en checking,ingreso,290.0,USD,other_income,checking,add_income,1.0,290.0,,,,,,,,,,
Me entro 5100 de honorarios de perito judicial en General,ingreso,5100.0,USD,other_income,General,add_income,1.0,5100.0,,,,,,,,,,
Me acreditaron 640 BRL de trabajo de carpinteria con rate 0.19,ingreso,640.0,USD,other_income,Savings,add_income,0.19,121.6,,,,,,,,,,
Recibi 390 de ingresos de cursos online en checking,ingreso,390.0,USD,other_income,checking,add_income,1.0,390.0,,,,,,,,,,
Me cayo beca mensual de 1200 en General de la universidad,ingreso,1200.0,USD,salary,General,add_income,1.0,1200.0,,,,,,,,,,
Pague 2600 de cuota de carro desde General,gasto,2600.0,USD,transport,General,add_expense,1.0,2600.0,,,,,,,,,,
Gaste 95 en vitaminas y suplementos desde Savings,gasto,95.0,USD,health,Savings,add_expense,1.0,95.0,,,,,,,,,,
Desembolse 430 en clases de ingles desde checking,gasto,430.0,USD,other,checking,add_expense,1.0,430.0,,,,,,,,,,
Registra 560 de gasto en mantenimiento de AC desde tarjeta,gasto,560.0,USD,housing,,add_expense,1.0,560.0,,,,,,,,,,
Pague 180 de cuota de asociacion profesional en General,gasto,180.0,USD,other,General,add_expense,1.0,180.0,,,,,,,,,,
Gaste 3200 COP en pasajes aereos con cambio 0.00025,gasto,3200.0,USD,transport,Savings,add_expense,0.00025,0.8,,,,,,,,,,
Desembolse 75 en papel y toner de impresora desde checking,gasto,75.0,USD,other,checking,add_expense,1.0,75.0,,,,,,,,,,
Registra 345 de gasto en veterinario desde General,gasto,345.0,USD,health,General,add_expense,1.0,345.0,,,,,,,,,,
Pague 1200 de deducible de seguro de carro en Savings,gasto,1200.0,USD,transport,Savings,add_expense,1.0,1200.0,,,,,,,,,,
Gaste 2900 BRL en salon de bodas con cambio 0.19,gasto,2900.0,USD,entertainment,,add_expense,0.19,551.0,,,,,,,,,,
Desembolse 48 en parking mensual desde checking,gasto,48.0,USD,transport,checking,add_expense,1.0,48.0,,,,,,,,,,
Registra 290 de gasto en alimentos para mascotas desde tarjeta,gasto,290.0,USD,food,,add_expense,1.0,290.0,,,,,,,,,,
Pague 720 de factura de gas bimestral en General,gasto,720.0,USD,utilities,General,add_expense,1.0,720.0,,,,,,,,,,
Gaste 150 en auriculares bluetooth desde Savings,gasto,150.0,USD,other,Savings,add_expense,1.0,150.0,,,,,,,,,,
Desembolse 1100 en renovacion de pasaporte desde checking,gasto,1100.0,USD,other,checking,add_expense,1.0,1100.0,,,,,,,,,,
Registra 22 de gasto en periodico mensual desde tarjeta,gasto,22.0,USD,other,,add_expense,1.0,22.0,,,,,,,,,,
Pague 950 CAD de matricula de postgrado con rate 0.74,gasto,950.0,USD,other,General,add_expense,0.74,703.0,,,,,,,,,,
Gaste 175 en herramientas de plomeria desde General,gasto,175.0,USD,housing,General,add_expense,1.0,175.0,,,,,,,,,,
Desembolse 55 en cargos bancarios desde Savings,gasto,55.0,USD,other,Savings,add_expense,1.0,55.0,,,,,,,,,,
Registra 385 de gasto en guarderia para nino desde checking,gasto,385.0,USD,other,checking,add_expense,1.0,385.0,,,,,,,,,,
Pague 620 de pintura de fachada en General,gasto,620.0,USD,housing,General,add_expense,1.0,620.0,,,,,,,,,,
Gaste 44 en boletos de cine desde tarjeta,gasto,44.0,USD,entertainment,,add_expense,1.0,44.0,,,,,,,,,,
Desembolse 1800 ARS en tour de naturaleza con cambio 0.001,gasto,1800.0,USD,entertainment,Savings,add_expense,0.001,1.8,,,,,,,,,,
Registra 138 de gasto en libros de cocina desde General,gasto,138.0,USD,other,General,add_expense,1.0,138.0,,,,,,,,,,
Pague 490 de servicio de streaming de musica en Savings,gasto,490.0,USD,entertainment,Savings,add_expense,1.0,490.0,,,,,,,,,,
Gaste 2300 en colchon ortopedico desde checking,gasto,2300.0,USD,housing,checking,add_expense,1.0,2300.0,,,,,,,,,,
Desembolse 67 en flores para regalo desde tarjeta,gasto,67.0,USD,other,,add_expense,1.0,67.0,,,,,,,,,,
Registra 980 de gasto en lentes graduados desde General,gasto,980.0,USD,health,General,add_expense,1.0,980.0,,,,,,,,,,
Pague 290 de curso de cocina gourmet en Savings,gasto,290.0,USD,other,Savings,add_expense,1.0,290.0,,,,,,,,,,
Gaste 5500 MXN en tour Cancun con cambio 0.05,gasto,5500.0,USD,entertainment,checking,add_expense,0.05,275.0,,,,,,,,,,
Desembolse 430 en camara de seguridad desde General,gasto,430.0,USD,housing,General,add_expense,1.0,430.0,,,,,,,,,,
Registra 112 de gasto en regalo de aniversario desde Savings,gasto,112.0,USD,other,Savings,add_expense,1.0,112.0,,,,,,,,,,
Pague 1500 de servicio de catering para evento en checking,gasto,1500.0,USD,entertainment,checking,add_expense,1.0,1500.0,,,,,,,,,,
Gaste 38 en bateria para control remoto desde tarjeta,gasto,38.0,USD,other,,add_expense,1.0,38.0,,,,,,,,,,
Desembolse 860 en equipo de camping desde General,gasto,860.0,USD,other,General,add_expense,1.0,860.0,,,,,,,,,,
Registra 230 de gasto en seminario de negocios desde Savings,gasto,230.0,USD,other,Savings,add_expense,1.0,230.0,,,,,,,,,,
Pague 2100 GBP de pasaje aereo internacional con rate 1.27,gasto,2100.0,USD,transport,,add_expense,1.27,2667.0,,,,,,,,,,
Gaste 185 en material de manualidades desde checking,gasto,185.0,USD,other,checking,add_expense,1.0,185.0,,,,,,,,,,
Desembolse 450 en servicio de fumigacion desde General,gasto,450.0,USD,housing,General,add_expense,1.0,450.0,,,,,,,,,,
Registra 95 de gasto en suscripcion de revistas desde tarjeta,gasto,95.0,USD,other,,add_expense,1.0,95.0,,,,,,,,,,
Mis gastos de transporte en Savings del 2026-01-01 al 2026-03-31,,,USD,transport,Savings,report,,,expenses,custom,2026-01-01,2026-03-31,transport,Savings,,,,
Ingresos de salary mayores a 3000 este mes,,,USD,salary,,report,,,incomes,this_month,,,salary,,3000.0,,,
Resumen de todos los movimientos el mes pasado,,,USD,,,report,,,summary,last_month,,,,,,,,
Balance de General del 2026-05-01 al 2026-07-31,,,USD,,General,report,,,balance,custom,2026-05-01,2026-07-31,,General,,,,
Gastos de food en checking menores a 100 los ultimos 3 meses,,,USD,food,checking,report,,,expenses,last_3_months,,,food,checking,,100.0,,
Ver ingresos con texto comision de los ultimos 3 meses,,,USD,,,report,,,incomes,last_3_months,,,,,,,comision,
Cashflow de Savings de este ano,,,USD,,Savings,report,,,cashflow,this_year,,,,Savings,,,,
Gastos de entertainment mayores a 50 el mes pasado,,,USD,entertainment,,report,,,expenses,last_month,,,entertainment,,50.0,,,
Balance del 2026-07-01 al 2026-09-30,,,USD,,,report,,,balance,custom,2026-07-01,2026-09-30,,,,,,
Ver ingresos en checking de este ano,,,USD,,checking,report,,,incomes,this_year,,,,checking,,,,
Resumen del 2026-01-01 al 2026-06-30 para General,,,USD,,General,report,,,summary,custom,2026-01-01,2026-06-30,,General,,,,
Gastos de housing entre 200 y 1000 este ano,,,USD,housing,,report,,,expenses,this_year,,,housing,,200.0,1000.0,,
Cashflow del mes pasado para checking,,,USD,,checking,report,,,cashflow,last_month,,,,checking,,,,
Ingresos de other_income en Savings del 2026-01-01 al 2026-12-31,,,USD,other_income,Savings,report,,,incomes,custom,2026-01-01,2026-12-31,other_income,Savings,,,,
Gastos con texto supermercado de este mes,,,USD,,,report,,,expenses,this_month,,,,,,,supermercado,
Reporte de balance de checking los ultimos 3 meses,,,USD,,checking,report,,,balance,last_3_months,,,,checking,,,,
Ingresos mayores a 500 en General este mes,,,USD,,General,report,,,incomes,this_month,,,,General,500.0,,,
Gastos de health en Savings entre el 2026-02-01 y 2026-04-30,,,USD,health,Savings,report,,,expenses,custom,2026-02-01,2026-04-30,health,Savings,,,,
Cashflow de este mes,,,USD,,,report,,,cashflow,this_month,,,,,,,,
Ver todos los gastos de utilities este ano,,,USD,utilities,,report,,,expenses,this_year,,,utilities,,,,,
Analiza mis gastos de entertainment del 2026-01-01 al 2026-06-30,,,USD,entertainment,,data_analysis,,,,custom,2026-01-01,2026-06-30,entertainment,,,,,
Muestra mi mayor ingreso este mes en General,,,USD,,General,data_analysis,,,,this_month,,,,General,,,,
Como evolucionaron mis gastos de housing el mes pasado,,,USD,housing,,data_analysis,,,,last_month,,,housing,,,,,
Analiza gastos de health mayores a 100 los ultimos 3 meses,,,USD,health,,data_analysis,,,,last_3_months,,,health,,100.0,,,
En que gastei mas entre el 2026-01-01 y 2026-03-31,,,USD,,,data_analysis,,,,custom,2026-01-01,2026-03-31,,,,,,
Analiza ingresos con texto bono de este ano,,,USD,,,data_analysis,,,,this_year,,,,,,,bono,
Comparacion de gastos de checking vs Savings este mes,,,USD,,,data_analysis,,,,this_month,,,,,,,,
Cuanto acumule en ingresos de salary este ano en General,,,USD,salary,General,data_analysis,,,,this_year,,,salary,General,,,,
Analiza gastos de food entre 20 y 150 el mes pasado,,,USD,food,,data_analysis,,,,last_month,,,food,,20.0,150.0,,
Revisa si mis gastos de utilities aumentaron este ano,,,USD,utilities,,data_analysis,,,,this_year,,,utilities,,,,,
Analiza toda mi actividad financiera de los ultimos 3 meses,,,USD,,,data_analysis,,,,last_3_months,,,,,,,,
Cuales son mis 5 mayores gastos de este ano,,,USD,,,data_analysis,,,,this_year,,,,,,,,
Que receta de pasta me recomendas,,,USD,,,none,,,,,,,,,,,,"No tengo recetas de cocina. Soy MIRA, tu asistente de finanzas personales."
Conectame con el soporte tecnico de mi banco,,,USD,,,none,,,,,,,,,,,,"No puedo conectarte con terceros. Soy MIRA, asistente de finanzas personales."
Cuantos dias faltan para navidad,,,USD,,,none,,,,,,,,,,,,No tengo esa informacion. Puedo ayudarte a registrar y analizar tus finanzas.
Cual es la mejor universidad de latinoamerica,,,USD,,,none,,,,,,,,,,,,"Eso esta fuera de mi dominio. Soy MIRA, tu asistente financiero personal."
Puedes traducir este texto al ingles,,,USD,,,none,,,,,,,,,,,,No traduzco textos. Mi especialidad es el registro de ingresos y gastos.
Quien gano las elecciones,,,USD,,,none,,,,,,,,,,,,"No tengo acceso a noticias. Soy MIRA, un asistente de finanzas personales."
Dame una lista de reproduccion de musica,,,USD,,,none,,,,,,,,,,,,"No tengo esa funcion. Soy MIRA, tu asistente de finanzas personales."
Muéstrame el horoscopo de hoy,,,USD,,,none,,,,,,,,,,,,No tengo esa informacion. Puedo ayudarte con el seguimiento de tus finanzas.
Add 2100 handmade jewelry sale income to General,ingreso,2100.0,USD,other_income,General,add_income,1.0,2100.0,,,,,,,,,,
Received 980 for music lessons in Savings,ingreso,980.0,USD,other_income,Savings,add_income,1.0,980.0,,,,,,,,,,
Register 1450 partial pension withdrawal in checking,ingreso,1450.0,USD,salary,checking,add_income,1.0,1450.0,,,,,,,,,,
Got 360 for appliance repair services in General,ingreso,360.0,USD,other_income,General,add_income,1.0,360.0,,,,,,,,,,
Add 5800 MXN maintenance contract income with rate 0.053,ingreso,5800.0,USD,other_income,Savings,add_income,0.053,307.4,,,,,,,,,,
Record 250 photography services income in checking,ingreso,250.0,USD,other_income,checking,add_income,1.0,250.0,,,,,,,,,,
Collected 3200 accounting fees in General,ingreso,3200.0,USD,other_income,General,add_income,1.0,3200.0,,,,,,,,,,
Got 175 online sales commissions in Savings,ingreso,175.0,USD,other_income,Savings,add_income,1.0,175.0,,,,,,,,,,
Add 4400 CAD engineering project with rate 0.74,ingreso,4400.0,USD,other_income,checking,add_income,0.74,3256.0,,,,,,,,,,
Received 620 math tutoring income to General,ingreso,620.0,USD,other_income,General,add_income,1.0,620.0,,,,,,,,,,
Got monthly salary of 4800 in Savings from my employer,ingreso,4800.0,USD,salary,Savings,add_income,1.0,4800.0,,,,,,,,,,
Received 310 GBP craft export income with rate 1.27,ingreso,310.0,USD,other_income,checking,add_income,1.27,393.7,,,,,,,,,,
Got 1650 insurance commission in General,ingreso,1650.0,USD,other_income,General,add_income,1.0,1650.0,,,,,,,,,,
Received 88 business travel reimbursement in Savings,ingreso,88.0,USD,other_income,Savings,add_income,1.0,88.0,,,,,,,,,,
Add 2600 ARS novel advance with rate 0.001,ingreso,2600.0,USD,other_income,checking,add_income,0.001,2.6,,,,,,,,,,
Register 420 sewing workshop income in General,ingreso,420.0,USD,other_income,General,add_income,1.0,420.0,,,,,,,,,,
Got 1300 BRL plumbing services with rate 0.19,ingreso,1300.0,USD,other_income,Savings,add_income,0.19,247.0,,,,,,,,,,
Add 550 live music gig income in checking,ingreso,550.0,USD,other_income,checking,add_income,1.0,550.0,,,,,,,,,,
Received 2800 for corporate logo design in General,ingreso,2800.0,USD,other_income,General,add_income,1.0,2800.0,,,,,,,,,,
Got 3400 patent royalties in Savings,ingreso,3400.0,USD,other_income,Savings,add_income,1.0,3400.0,,,,,,,,,,
Received year-end bonus of 2200 in checking,ingreso,2200.0,USD,salary,checking,add_income,1.0,2200.0,,,,,,,,,,
Add 110 ticket resale income to General,ingreso,110.0,USD,other_income,General,add_income,1.0,110.0,,,,,,,,,,
Got 9000 COP dance classes income with rate 0.00025,ingreso,9000.0,USD,other_income,Savings,add_income,0.00025,2.25,,,,,,,,,,
Received 760 for technical translation in checking,ingreso,760.0,USD,other_income,checking,add_income,1.0,760.0,,,,,,,,,,
Add 1900 Airbnb rental income to General,ingreso,1900.0,USD,other_income,General,add_income,1.0,1900.0,,,,,,,,,,
Got 435 stock photo sales in Savings,ingreso,435.0,USD,other_income,Savings,add_income,1.0,435.0,,,,,,,,,,
Register 6500 severance payment in checking,ingreso,6500.0,USD,salary,checking,add_income,1.0,6500.0,,,,,,,,,,
Received 295 electrical repair services income in General,ingreso,295.0,USD,other_income,General,add_income,1.0,295.0,,,,,,,,,,
Got 1100 EUR international conference payment with rate 1.1,ingreso,1100.0,USD,other_income,Savings,add_income,1.1,1210.0,,,,,,,,,,
Add 3600 cryptocurrency sale income to checking,ingreso,3600.0,USD,other_income,checking,add_income,1.0,3600.0,,,,,,,,,,
Received 680 video editing payment in General,ingreso,680.0,USD,other_income,General,add_income,1.0,680.0,,,,,,,,,,
Got 2500 for automation project in Savings,ingreso,2500.0,USD,other_income,Savings,add_income,1.0,2500.0,,,,,,,,,,
Add 420 mobile app income to checking,ingreso,420.0,USD,other_income,checking,add_income,1.0,420.0,,,,,,,,,,
Received 4200 MXN freelance contract with rate 0.052,ingreso,4200.0,USD,other_income,General,add_income,0.052,218.4,,,,,,,,,,
Got 1750 research grant in Savings,ingreso,1750.0,USD,salary,Savings,add_income,1.0,1750.0,,,,,,,,,,
Add 290 medicinal plant sales to checking,ingreso,290.0,USD,other_income,checking,add_income,1.0,290.0,,,,,,,,,,
Received 5100 judicial expert fees in General,ingreso,5100.0,USD,other_income,General,add_income,1.0,5100.0,,,,,,,,,,
Got 640 BRL carpentry work with rate 0.19,ingreso,640.0,USD,other_income,Savings,add_income,0.19,121.6,,,,,,,,,,
Add 390 online course revenue to checking,ingreso,390.0,USD,other_income,checking,add_income,1.0,390.0,,,,,,,,,,
Received monthly scholarship of 1200 in General,ingreso,1200.0,USD,salary,General,add_income,1.0,1200.0,,,,,,,,,,
Paid 2600 car loan installment from General,gasto,2600.0,USD,transport,General,add_expense,1.0,2600.0,,,,,,,,,,
Spent 95 on vitamins and supplements from Savings,gasto,95.0,USD,health,Savings,add_expense,1.0,95.0,,,,,,,,,,
Paid 430 for English course in checking,gasto,430.0,USD,other,checking,add_expense,1.0,430.0,,,,,,,,,,
Add 560 AC maintenance expense from card,gasto,560.0,USD,housing,,add_expense,1.0,560.0,,,,,,,,,,
Paid 180 professional association fee from General,gasto,180.0,USD,other,General,add_expense,1.0,180.0,,,,,,,,,,
Spent 3200 COP on airfare with rate 0.00025,gasto,3200.0,USD,transport,Savings,add_expense,0.00025,0.8,,,,,,,,,,
Paid 75 for printer paper and toner from checking,gasto,75.0,USD,other,checking,add_expense,1.0,75.0,,,,,,,,,,
Add 345 vet bill expense from General,gasto,345.0,USD,health,General,add_expense,1.0,345.0,,,,,,,,,,
Paid 1200 car insurance deductible from Savings,gasto,1200.0,USD,transport,Savings,add_expense,1.0,1200.0,,,,,,,,,,
Spent 2900 BRL on wedding venue with rate 0.19,gasto,2900.0,USD,entertainment,,add_expense,0.19,551.0,,,,,,,,,,
Paid 48 monthly parking fee from checking,gasto,48.0,USD,transport,checking,add_expense,1.0,48.0,,,,,,,,,,
Add 290 pet food expense from card,gasto,290.0,USD,food,,add_expense,1.0,290.0,,,,,,,,,,
Paid 720 bimonthly gas bill from General,gasto,720.0,USD,utilities,General,add_expense,1.0,720.0,,,,,,,,,,
Spent 150 on Bluetooth headphones from Savings,gasto,150.0,USD,other,Savings,add_expense,1.0,150.0,,,,,,,,,,
Paid 1100 for passport renewal from checking,gasto,1100.0,USD,other,checking,add_expense,1.0,1100.0,,,,,,,,,,
Add 22 monthly newspaper subscription from card,gasto,22.0,USD,other,,add_expense,1.0,22.0,,,,,,,,,,
Paid 950 CAD graduate tuition with rate 0.74,gasto,950.0,USD,other,General,add_expense,0.74,703.0,,,,,,,,,,
Spent 175 on plumbing tools from General,gasto,175.0,USD,housing,General,add_expense,1.0,175.0,,,,,,,,,,
Paid 55 in bank service charges from Savings,gasto,55.0,USD,other,Savings,add_expense,1.0,55.0,,,,,,,,,,
Add 385 daycare expense from checking,gasto,385.0,USD,other,checking,add_expense,1.0,385.0,,,,,,,,,,
Paid 620 for exterior painting from General,gasto,620.0,USD,housing,General,add_expense,1.0,620.0,,,,,,,,,,
Spent 44 on movie tickets from card,gasto,44.0,USD,entertainment,,add_expense,1.0,44.0,,,,,,,,,,
Paid 1800 ARS nature tour with rate 0.001,gasto,1800.0,USD,entertainment,Savings,add_expense,0.001,1.8,,,,,,,,,,
Add 138 cookbooks expense from General,gasto,138.0,USD,other,General,add_expense,1.0,138.0,,,,,,,,,,
Paid 490 music streaming annual subscription from Savings,gasto,490.0,USD,entertainment,Savings,add_expense,1.0,490.0,,,,,,,,,,
Spent 2300 on orthopedic mattress from checking,gasto,2300.0,USD,housing,checking,add_expense,1.0,2300.0,,,,,,,,,,
Add 67 gift flowers expense from card,gasto,67.0,USD,other,,add_expense,1.0,67.0,,,,,,,,,,
Paid 980 for prescription glasses from General,gasto,980.0,USD,health,General,add_expense,1.0,980.0,,,,,,,,,,
Spent 290 on gourmet cooking class from Savings,gasto,290.0,USD,other,Savings,add_expense,1.0,290.0,,,,,,,,,,
Paid 5500 MXN Cancun trip with rate 0.05,gasto,5500.0,USD,entertainment,checking,add_expense,0.05,275.0,,,,,,,,,,
Add 430 security camera expense from General,gasto,430.0,USD,housing,General,add_expense,1.0,430.0,,,,,,,,,,
Paid 112 anniversary gift from Savings,gasto,112.0,USD,other,Savings,add_expense,1.0,112.0,,,,,,,,,,
Add 1500 event catering expense from checking,gasto,1500.0,USD,entertainment,checking,add_expense,1.0,1500.0,,,,,,,,,,
Spent 38 on remote control battery from card,gasto,38.0,USD,other,,add_expense,1.0,38.0,,,,,,,,,,
Paid 860 for camping gear from General,gasto,860.0,USD,other,General,add_expense,1.0,860.0,,,,,,,,,,
Add 230 business seminar expense from Savings,gasto,230.0,USD,other,Savings,add_expense,1.0,230.0,,,,,,,,,,
Paid 2100 GBP international flight with rate 1.27,gasto,2100.0,USD,transport,,add_expense,1.27,2667.0,,,,,,,,,,
Spent 185 on craft supplies from checking,gasto,185.0,USD,other,checking,add_expense,1.0,185.0,,,,,,,,,,
Paid 450 pest control service from General,gasto,450.0,USD,housing,General,add_expense,1.0,450.0,,,,,,,,,,
Add 95 magazine subscription expense from card,gasto,95.0,USD,other,,add_expense,1.0,95.0,,,,,,,,,,
My transport expenses in Savings from 2026-01-01 to 2026-03-31,,,USD,transport,Savings,report,,,expenses,custom,2026-01-01,2026-03-31,transport,Savings,,,,
Salary incomes over 3000 this month,,,USD,salary,,report,,,incomes,this_month,,,salary,,3000.0,,,
Summary of all transactions last month,,,USD,,,report,,,summary,last_month,,,,,,,,
Balance for General from 2026-05-01 to 2026-07-31,,,USD,,General,report,,,balance,custom,2026-05-01,2026-07-31,,General,,,,
Food expenses in checking under 100 last 3 months,,,USD,food,checking,report,,,expenses,last_3_months,,,food,checking,,100.0,,
Show incomes with text commission last 3 months,,,USD,,,report,,,incomes,last_3_months,,,,,,,commission,
Cashflow for Savings this year,,,USD,,Savings,report,,,cashflow,this_year,,,,Savings,,,,
Entertainment expenses over 50 last month,,,USD,entertainment,,report,,,expenses,last_month,,,entertainment,,50.0,,,
Balance from 2026-07-01 to 2026-09-30,,,USD,,,report,,,balance,custom,2026-07-01,2026-09-30,,,,,,
Show incomes in checking this year,,,USD,,checking,report,,,incomes,this_year,,,,checking,,,,
Summary from 2026-01-01 to 2026-06-30 for General,,,USD,,General,report,,,summary,custom,2026-01-01,2026-06-30,,General,,,,
Housing expenses between 200 and 1000 this year,,,USD,housing,,report,,,expenses,this_year,,,housing,,200.0,1000.0,,
Cashflow for checking last month,,,USD,,checking,report,,,cashflow,last_month,,,,checking,,,,
Other income in Savings from 2026-01-01 to 2026-12-31,,,USD,other_income,Savings,report,,,incomes,custom,2026-01-01,2026-12-31,other_income,Savings,,,,
Expenses with text supermarket this month,,,USD,,,report,,,expenses,this_month,,,,,,,supermarket,
Balance report for checking last 3 months,,,USD,,checking,report,,,balance,last_3_months,,,,checking,,,,
Incomes over 500 in General this month,,,USD,,General,report,,,incomes,this_month,,,,General,500.0,,,
Health expenses in Savings from 2026-02-01 to 2026-04-30,,,USD,health,Savings,report,,,expenses,custom,2026-02-01,2026-04-30,health,Savings,,,,
Cashflow this month,,,USD,,,report,,,cashflow,this_month,,,,,,,,
Show all utilities expenses this year,,,USD,utilities,,report,,,expenses,this_year,,,utilities,,,,,
Analyze my entertainment expenses from 2026-01-01 to 2026-06-30,,,USD,entertainment,,data_analysis,,,,custom,2026-01-01,2026-06-30,entertainment,,,,,
Show my highest income this month in General,,,USD,,General,data_analysis,,,,this_month,,,,General,,,,
How did my housing expenses evolve last month,,,USD,housing,,data_analysis,,,,last_month,,,housing,,,,,
Analyze health expenses over 100 last 3 months,,,USD,health,,data_analysis,,,,last_3_months,,,health,,100.0,,,
Where did I spend most from 2026-01-01 to 2026-03-31,,,USD,,,data_analysis,,,,custom,2026-01-01,2026-03-31,,,,,,
Analyze incomes with text bonus this year,,,USD,,,data_analysis,,,,this_year,,,,,,,bonus,
Comparison of checking vs Savings expenses this month,,,USD,,,data_analysis,,,,this_month,,,,,,,,
How much salary income did I accumulate this year in General,,,USD,salary,General,data_analysis,,,,this_year,,,salary,General,,,,
Analyze food expenses between 20 and 150 last month,,,USD,food,,data_analysis,,,,last_month,,,food,,20.0,150.0,,
Check if my utilities expenses increased this year,,,USD,utilities,,data_analysis,,,,this_year,,,utilities,,,,,
Analyze all my financial activity last 3 months,,,USD,,,data_analysis,,,,last_3_months,,,,,,,,
What are my top 5 expenses this year,,,USD,,,data_analysis,,,,this_year,,,,,,,,
What pasta recipe do you recommend,,,USD,,,none,,,,,,,,,,,,"I don't have cooking recipes. I am MIRA, your personal finance assistant."
Connect me with my bank's tech support,,,USD,,,none,,,,,,,,,,,,"I cannot connect you to third parties. I am MIRA, a personal finance assistant."
How many days until Christmas,,,USD,,,none,,,,,,,,,,,,I don't have that information. I can help you record and analyze your finances.
Which is the best university in Latin America,,,USD,,,none,,,,,,,,,,,,"That's outside my domain. I am MIRA, your personal finance assistant."
Can you translate this text to Spanish,,,USD,,,none,,,,,,,,,,,,I don't translate text. My specialty is income and expense recording.
Who won the election,,,USD,,,none,,,,,,,,,,,,"I don't have access to news. I am MIRA, a personal finance assistant."
Give me a music playlist,,,USD,,,none,,,,,,,,,,,,"I don't have that functionality. I am MIRA, your personal finance assistant."
Show me today's horoscope,,,USD,,,none,,,,,,,,,,,,I don't have that information. I can help you track your finances.
Registra ingreso de 1800 por venta de vehiculo usado en General,ingreso,1800.0,USD,other_income,General,add_income,1.0,1800.0,,,,,,,,,,
Me depositaron 2400 de prestacion de desempleo en Savings,ingreso,2400.0,USD,salary,Savings,add_income,1.0,2400.0,,,,,,,,,,
Recibi 560 por servicios de DJ para evento en checking,ingreso,560.0,USD,other_income,checking,add_income,1.0,560.0,,,,,,,,,,
Me cayo pago de 3500 por subcontrato de obra en General,ingreso,3500.0,USD,other_income,General,add_income,1.0,3500.0,,,,,,,,,,
Ingrese 7200 MXN de venta de moto con cambio 0.05,ingreso,7200.0,USD,other_income,Savings,add_income,0.05,360.0,,,,,,,,,,
Me acreditaron 410 de ingreso por alquiler de bodega en checking,ingreso,410.0,USD,other_income,checking,add_income,1.0,410.0,,,,,,,,,,
Cobre 880 de honorarios por arbitraje legal en General,ingreso,880.0,USD,other_income,General,add_income,1.0,880.0,,,,,,,,,,
Me llegaron 1550 de indemnizacion por accidente en Savings,ingreso,1550.0,USD,other_income,Savings,add_income,1.0,1550.0,,,,,,,,,,
Registra 3800 COP de venta de artesania con cambio 0.00025,ingreso,3800.0,USD,other_income,checking,add_income,0.00025,0.95,,,,,,,,,,
Recibi 930 por redaccion de propuesta de proyecto en General,ingreso,930.0,USD,other_income,General,add_income,1.0,930.0,,,,,,,,,,
Me entro 5200 de prestamo familiar devuelto en Savings,ingreso,5200.0,USD,other_income,Savings,add_income,1.0,5200.0,,,,,,,,,,
Me pagaron 280 por servicios de limpieza de oficina en checking,ingreso,280.0,USD,other_income,checking,add_income,1.0,280.0,,,,,,,,,,
Ingrese 4600 EUR de licencia de software con rate 1.1,ingreso,4600.0,USD,other_income,General,add_income,1.1,5060.0,,,,,,,,,,
Me depositaron 190 de cashback de tarjeta en Savings,ingreso,190.0,USD,other_income,Savings,add_income,1.0,190.0,,,,,,,,,,
Cobre 1400 por instalacion de paneles solares en checking,ingreso,1400.0,USD,other_income,checking,add_income,1.0,1400.0,,,,,,,,,,
Recibi 740 de ingreso por ventas de maquillaje en General,ingreso,740.0,USD,other_income,General,add_income,1.0,740.0,,,,,,,,,,
Me cayo 2200 BRL de trabajo de soldadura con rate 0.19,ingreso,2200.0,USD,other_income,Savings,add_income,0.19,418.0,,,,,,,,,,
Registra 360 de ingreso por taller de meditacion en checking,ingreso,360.0,USD,other_income,checking,add_income,1.0,360.0,,,,,,,,,,
Me acreditaron 8800 ARS de derechos de imagen con cambio 0.001,ingreso,8800.0,USD,other_income,General,add_income,0.001,8.8,,,,,,,,,,
Me llegaron 520 de venta de componentes electronicos en Savings,ingreso,520.0,USD,other_income,Savings,add_income,1.0,520.0,,,,,,,,,,
Ingrese 3100 de sueldo neto de mes en checking,ingreso,3100.0,USD,salary,checking,add_income,1.0,3100.0,,,,,,,,,,
Me entro 670 por venta de libros usados en General,ingreso,670.0,USD,other_income,General,add_income,1.0,670.0,,,,,,,,,,
Cobre 1900 CAD de proyecto de arquitectura con rate 0.74,ingreso,1900.0,USD,other_income,Savings,add_income,0.74,1406.0,,,,,,,,,,
Me depositaron 450 de ingreso por programa de afiliados en checking,ingreso,450.0,USD,other_income,checking,add_income,1.0,450.0,,,,,,,,,,
Recibi 2750 de bono trimestral de empresa en General,ingreso,2750.0,USD,salary,General,add_income,1.0,2750.0,,,,,,,,,,
Me cayo 310 de venta de plantas ornamentales en Savings,ingreso,310.0,USD,other_income,Savings,add_income,1.0,310.0,,,,,,,,,,
Ingrese 1250 GBP de traduccion literaria con rate 1.27,ingreso,1250.0,USD,other_income,checking,add_income,1.27,1587.5,,,,,,,,,,
Me acreditaron 5500 de jubilacion mensual en General,ingreso,5500.0,USD,salary,General,add_income,1.0,5500.0,,,,,,,,,,
Me llegaron 890 de servicios de coaching ejecutivo en Savings,ingreso,890.0,USD,other_income,Savings,add_income,1.0,890.0,,,,,,,,,,
Registra 240 de ingreso por renta de equipo fotografico en checking,ingreso,240.0,USD,other_income,checking,add_income,1.0,240.0,,,,,,,,,,
Me cayo aguinaldo de 4200 en General,ingreso,4200.0,USD,salary,General,add_income,1.0,4200.0,,,,,,,,,,
Recibi 1100 de reembolso de seguro medico en Savings,ingreso,1100.0,USD,other_income,Savings,add_income,1.0,1100.0,,,,,,,,,,
Me deposito 620 un cliente por desarrollo de landing page en checking,ingreso,620.0,USD,other_income,checking,add_income,1.0,620.0,,,,,,,,,,
Ingrese 9500 MXN de honorarios de arbitro de futbol con cambio 0.052,ingreso,9500.0,USD,other_income,General,add_income,0.052,494.0,,,,,,,,,,
Me acreditaron 330 de ingreso por podcast patrocinado en Savings,ingreso,330.0,USD,other_income,Savings,add_income,1.0,330.0,,,,,,,,,,
Me llegaron 1800 de venta de lote de terreno en checking,ingreso,1800.0,USD,other_income,checking,add_income,1.0,1800.0,,,,,,,,,,
Cobre 480 por desarrollo de plugin de WordPress en General,ingreso,480.0,USD,other_income,General,add_income,1.0,480.0,,,,,,,,,,
Me entro 2600 de herencia recibida en Savings,ingreso,2600.0,USD,other_income,Savings,add_income,1.0,2600.0,,,,,,,,,,
Recibi 710 de comision por referidos de clientes en checking,ingreso,710.0,USD,other_income,checking,add_income,1.0,710.0,,,,,,,,,,
Registra 3900 de salario de quincena en General,ingreso,3900.0,USD,salary,General,add_income,1.0,3900.0,,,,,,,,,,
Me depositaron 1650 de ingresos de canal de YouTube en Savings,ingreso,1650.0,USD,other_income,Savings,add_income,1.0,1650.0,,,,,,,,,,
Me cayo 4400 COP de venta de artesanias tipicas con cambio 0.00025,ingreso,4400.0,USD,other_income,checking,add_income,0.00025,1.1,,,,,,,,,,
Cobre 980 de proyecto de diseno UX en General,ingreso,980.0,USD,other_income,General,add_income,1.0,980.0,,,,,,,,,,
Me acreditaron 1500 de dividendos de acciones en Savings,ingreso,1500.0,USD,other_income,Savings,add_income,1.0,1500.0,,,,,,,,,,
Ingrese 850 por asesoramiento de nutricion deportiva en checking,ingreso,850.0,USD,other_income,checking,add_income,1.0,850.0,,,,,,,,,,
Me llegaron 2200 EUR de exportacion de productos locales con rate 1.1,ingreso,2200.0,USD,other_income,General,add_income,1.1,2420.0,,,,,,,,,,
Me depositaron 340 de ingreso por venta de mermeladas caseras en Savings,ingreso,340.0,USD,other_income,Savings,add_income,1.0,340.0,,,,,,,,,,
Recibi 5800 de bono de productividad anual en checking,ingreso,5800.0,USD,salary,checking,add_income,1.0,5800.0,,,,,,,,,,
Me cayo 760 de ingreso por alquiler de camioneta en General,ingreso,760.0,USD,other_income,General,add_income,1.0,760.0,,,,,,,,,,
Registra 1300 BRL de servicios de herreria con rate 0.19,ingreso,1300.0,USD,other_income,Savings,add_income,0.19,247.0,,,,,,,,,,
Pague 850 de seguro de vida mensual desde General,gasto,850.0,USD,health,General,add_expense,1.0,850.0,,,,,,,,,,
Gaste 460 en instrumentos musicales desde Savings,gasto,460.0,USD,other,Savings,add_expense,1.0,460.0,,,,,,,,,,
Desembolse 1700 en cortinas para departamento desde checking,gasto,1700.0,USD,housing,checking,add_expense,1.0,1700.0,,,,,,,,,,
Registra 55 de gasto en servicio de correo desde tarjeta,gasto,55.0,USD,other,,add_expense,1.0,55.0,,,,,,,,,,
Pague 3400 COP de mantenimiento de moto con cambio 0.00025,gasto,3400.0,USD,transport,General,add_expense,0.00025,0.85,,,,,,,,,,
Gaste 320 en utiles escolares para hijos desde Savings,gasto,320.0,USD,other,Savings,add_expense,1.0,320.0,,,,,,,,,,
Desembolse 1500 en colchon de bebe desde checking,gasto,1500.0,USD,housing,checking,add_expense,1.0,1500.0,,,,,,,,,,
Registra 780 de gasto en servicio de agua mensual desde General,gasto,780.0,USD,utilities,General,add_expense,1.0,780.0,,,,,,,,,,
Pague 90 de suscripcion a servicio de noticias en Savings,gasto,90.0,USD,other,Savings,add_expense,1.0,90.0,,,,,,,,,,
Gaste 2800 GBP en circuito de viaje europeo con rate 1.27,gasto,2800.0,USD,entertainment,,add_expense,1.27,3556.0,,,,,,,,,,
Desembolse 145 en materiales de jardineria desde checking,gasto,145.0,USD,other,checking,add_expense,1.0,145.0,,,,,,,,,,
Registra 420 de gasto en reparacion de refrigerador desde General,gasto,420.0,USD,housing,General,add_expense,1.0,420.0,,,,,,,,,,
Pague 750 de deuda de tarjeta de credito desde Savings,gasto,750.0,USD,other,Savings,add_expense,1.0,750.0,,,,,,,,,,
Gaste 38 en peaje mensual desde checking,gasto,38.0,USD,transport,checking,add_expense,1.0,38.0,,,,,,,,,,
Desembolse 1900 ARS en reparacion de techo con cambio 0.001,gasto,1900.0,USD,housing,General,add_expense,0.001,1.9,,,,,,,,,,
Registra 260 de gasto en suplementos de gimnasio desde Savings,gasto,260.0,USD,health,Savings,add_expense,1.0,260.0,,,,,,,,,,
Pague 680 de matricula de idiomas en checking,gasto,680.0,USD,other,checking,add_expense,1.0,680.0,,,,,,,,,,
Gaste 125 en suscripcion de software de contabilidad desde General,gasto,125.0,USD,other,General,add_expense,1.0,125.0,,,,,,,,,,
Desembolse 3200 en laptop recondicionada desde Savings,gasto,3200.0,USD,other,Savings,add_expense,1.0,3200.0,,,,,,,,,,
Registra 490 de gasto en reparacion de lavadora desde tarjeta,gasto,490.0,USD,housing,,add_expense,1.0,490.0,,,,,,,,,,
Pague 820 de impuesto predial desde General,gasto,820.0,USD,housing,General,add_expense,1.0,820.0,,,,,,,,,,
Gaste 195 en suministros de oficina desde Savings,gasto,195.0,USD,other,Savings,add_expense,1.0,195.0,,,,,,,,,,
Desembolse 4500 MXN en tour de ecoturismo con cambio 0.053,gasto,4500.0,USD,entertainment,checking,add_expense,0.053,238.5,,,,,,,,,,
Registra 310 de gasto en medicamentos cronicos desde General,gasto,310.0,USD,health,General,add_expense,1.0,310.0,,,,,,,,,,
Pague 560 de cuota mensual de guarderia en Savings,gasto,560.0,USD,other,Savings,add_expense,1.0,560.0,,,,,,,,,,
Gaste 88 en dominio web anual desde checking,gasto,88.0,USD,other,checking,add_expense,1.0,88.0,,,,,,,,,,
Desembolse 1100 en tratamiento dental desde General,gasto,1100.0,USD,health,General,add_expense,1.0,1100.0,,,,,,,,,,
Registra 720 de gasto en renta de bicicleta electrica desde Savings,gasto,720.0,USD,transport,Savings,add_expense,1.0,720.0,,,,,,,,,,
Pague 2600 BRL de impuesto vehicular con rate 0.19,gasto,2600.0,USD,transport,,add_expense,0.19,494.0,,,,,,,,,,
Gaste 190 en articulos de bebe desde checking,gasto,190.0,USD,other,checking,add_expense,1.0,190.0,,,,,,,,,,
Desembolse 3800 en remodelacion de bano desde General,gasto,3800.0,USD,housing,General,add_expense,1.0,3800.0,,,,,,,,,,
Registra 65 de gasto en accesorio de cocina desde tarjeta,gasto,65.0,USD,other,,add_expense,1.0,65.0,,,,,,,,,,
Pague 1400 de cuota de prestamo personal en Savings,gasto,1400.0,USD,other,Savings,add_expense,1.0,1400.0,,,,,,,,,,
Gaste 430 en zapatillas deportivas desde checking,gasto,430.0,USD,other,checking,add_expense,1.0,430.0,,,,,,,,,,
Desembolse 940 en repuesto de automovil desde General,gasto,940.0,USD,transport,General,add_expense,1.0,940.0,,,,,,,,,,
Registra 280 de gasto en suscripcion de herramienta de diseno desde Savings,gasto,280.0,USD,other,Savings,add_expense,1.0,280.0,,,,,,,,,,
Pague 1200 CAD de seguro de salud con rate 0.74,gasto,1200.0,USD,health,,add_expense,0.74,888.0,,,,,,,,,,
Gaste 350 en material de estudios de arquitectura desde checking,gasto,350.0,USD,other,checking,add_expense,1.0,350.0,,,,,,,,,,
Desembolse 2100 en muebles de oficina desde General,gasto,2100.0,USD,housing,General,add_expense,1.0,2100.0,,,,,,,,,,
Registra 105 de gasto en aplicacion de fitness desde tarjeta,gasto,105.0,USD,health,,add_expense,1.0,105.0,,,,,,,,,,
Pague 680 de alquiler de coworking mensual en Savings,gasto,680.0,USD,housing,Savings,add_expense,1.0,680.0,,,,,,,,,,
Gaste 1600 EUR en equipamiento profesional de foto con rate 1.1,gasto,1600.0,USD,other,checking,add_expense,1.1,1760.0,,,,,,,,,,
Desembolse 480 en reparacion de calefaccion desde General,gasto,480.0,USD,housing,General,add_expense,1.0,480.0,,,,,,,,,,
Registra 220 de gasto en semillas y abono para huerto desde Savings,gasto,220.0,USD,other,Savings,add_expense,1.0,220.0,,,,,,,,,,
Pague 3600 en reparacion de transmision de carro desde checking,gasto,3600.0,USD,transport,checking,add_expense,1.0,3600.0,,,,,,,,,,
Gaste 175 en suscripcion de plataforma de streaming 4K desde General,gasto,175.0,USD,entertainment,General,add_expense,1.0,175.0,,,,,,,,,,
Desembolse 960 en aparato ortodontico desde Savings,gasto,960.0,USD,health,Savings,add_expense,1.0,960.0,,,,,,,,,,
Registra 620 de gasto en curso de programacion desde checking,gasto,620.0,USD,other,checking,add_expense,1.0,620.0,,,,,,,,,,
Pague 2500 MXN de servicio de plomero con cambio 0.052,gasto,2500.0,USD,housing,,add_expense,0.052,130.0,,,,,,,,,,
Gaste 390 en comida para cena de fin de ano desde General,gasto,390.0,USD,food,General,add_expense,1.0,390.0,,,,,,,,,,
Ver mi resumen de gastos de health en checking de los ultimos 3 meses,,,USD,health,checking,report,,,expenses,last_3_months,,,health,checking,,,,
Balance del 2026-04-01 al 2026-06-30 para cuenta Savings,,,USD,,Savings,report,,,balance,custom,2026-04-01,2026-06-30,,Savings,,,,
Ingresos de salary entre 1000 y 5000 este ano,,,USD,salary,,report,,,incomes,this_year,,,salary,,1000.0,5000.0,,
Gastos de entertainment con texto cine el mes pasado,,,USD,entertainment,,report,,,expenses,last_month,,,entertainment,,,,cine,
Cashflow de General del 2026-01-01 al 2026-12-31,,,USD,,General,report,,,cashflow,custom,2026-01-01,2026-12-31,,General,,,,
Ver todos mis ingresos de este mes en Savings,,,USD,,Savings,report,,,incomes,this_month,,,,Savings,,,,
Resumen de gastos de transport y housing este ano,,,USD,,,report,,,expenses,this_year,,,transport|housing,,,,,
Balance de checking entre el 2026-08-01 y 2026-10-31,,,USD,,checking,report,,,balance,custom,2026-08-01,2026-10-31,,checking,,,,
Cashflow de los ultimos 3 meses para General,,,USD,,General,report,,,cashflow,last_3_months,,,,General,,,,
Gastos menores a 200 en checking este mes,,,USD,,checking,report,,,expenses,this_month,,,,checking,0.0,200.0,,
Resumen de movimientos de Savings del 2026-03-01 al 2026-05-31,,,USD,,Savings,report,,,summary,custom,2026-03-01,2026-05-31,,Savings,,,,
Ingresos de other_income mayores a 400 el mes pasado,,,USD,other_income,,report,,,incomes,last_month,,,other_income,,400.0,,,
Ver gastos de food con texto mercado de este ano,,,USD,food,,report,,,expenses,this_year,,,food,,,,mercado,
Balance general de este mes,,,USD,,,report,,,balance,this_month,,,,,,,,
Ingresos de los ultimos 3 meses en General y Savings,,,USD,,,report,,,incomes,last_3_months,,,,General|Savings,,,,
Cual es mi ingreso promedio mensual de este ano,,,USD,,,data_analysis,,,,this_year,,,,,,,,
Analiza mis gastos de housing mayores a 500 en General este mes,,,USD,housing,General,data_analysis,,,,this_month,,,housing,General,,,,
En que cuenta gasto mas este ano,,,USD,,,data_analysis,,,,this_year,,,,,,,,
Analiza gastos de utilities con texto agua del mes pasado,,,USD,utilities,,data_analysis,,,,last_month,,,utilities,,,,agua,
Cuanto ingrese en total el mes pasado en Savings,,,USD,,Savings,data_analysis,,,,last_month,,,,Savings,,,,
Tendencia de mis gastos de transport de los ultimos 3 meses,,,USD,transport,,data_analysis,,,,last_3_months,,,transport,,,,,
Analiza mis movimientos del 2026-04-01 al 2026-06-30,,,USD,,,data_analysis,,,,custom,2026-04-01,2026-06-30,,,,,,
Compara mis ingresos y gastos de este mes,,,USD,,,data_analysis,,,,this_month,,,,,,,,
Diseñame un plan de entrenamiento fisico,,,USD,,,none,,,,,,,,,,,,"No puedo disenar planes de entrenamiento. Soy MIRA, tu asistente de finanzas personales."
Busca vuelos baratos a Europa,,,USD,,,none,,,,,,,,,,,,"No puedo buscar vuelos. Soy MIRA, asistente de finanzas personales."
Quiero saber mi horoscopo de negocios,,,USD,,,none,,,,,,,,,,,,Eso esta fuera de mi dominio. Puedo ayudarte a analizar tus finanzas.
Explica la teoria de la relatividad,,,USD,,,none,,,,,,,,,,,,"Eso esta fuera de mi dominio. Soy MIRA, asistente de finanzas personales."
Dame los resultados del partido de anoche,,,USD,,,none,,,,,,,,,,,,"No tengo acceso a resultados deportivos. Soy MIRA, asistente de finanzas personales."
Hazme un resumen de las noticias,,,USD,,,none,,,,,,,,,,,,No tengo acceso a noticias. Puedo ayudarte a gestionar tus finanzas.
Cuanto mide la torre Eiffel,,,USD,,,none,,,,,,,,,,,,"Eso esta fuera de mi dominio. Soy MIRA, asistente de finanzas personales."
Register 1800 used vehicle sale income to General,ingreso,1800.0,USD,other_income,General,add_income,1.0,1800.0,,,,,,,,,,
Got 2400 unemployment benefit deposited to Savings,ingreso,2400.0,USD,salary,Savings,add_income,1.0,2400.0,,,,,,,,,,
Received 560 DJ services for event in checking,ingreso,560.0,USD,other_income,checking,add_income,1.0,560.0,,,,,,,,,,
Add 3500 subcontract construction payment to General,ingreso,3500.0,USD,other_income,General,add_income,1.0,3500.0,,,,,,,,,,
Add 7200 MXN motorcycle sale income with rate 0.05,ingreso,7200.0,USD,other_income,Savings,add_income,0.05,360.0,,,,,,,,,,
Got 410 warehouse rental income in checking,ingreso,410.0,USD,other_income,checking,add_income,1.0,410.0,,,,,,,,,,
Received 880 legal arbitration fees in General,ingreso,880.0,USD,other_income,General,add_income,1.0,880.0,,,,,,,,,,
Add 1550 accident compensation income to Savings,ingreso,1550.0,USD,other_income,Savings,add_income,1.0,1550.0,,,,,,,,,,
Got 3800 COP handicraft sale income with rate 0.00025,ingreso,3800.0,USD,other_income,checking,add_income,0.00025,0.95,,,,,,,,,,
Received 930 for project proposal writing in General,ingreso,930.0,USD,other_income,General,add_income,1.0,930.0,,,,,,,,,,
Got 5200 family loan repaid to Savings,ingreso,5200.0,USD,other_income,Savings,add_income,1.0,5200.0,,,,,,,,,,
Received 280 for office cleaning services in checking,ingreso,280.0,USD,other_income,checking,add_income,1.0,280.0,,,,,,,,,,
Add 4600 EUR software license income with rate 1.1,ingreso,4600.0,USD,other_income,General,add_income,1.1,5060.0,,,,,,,,,,
Got 190 credit card cashback to Savings,ingreso,190.0,USD,other_income,Savings,add_income,1.0,190.0,,,,,,,,,,
Received 1400 solar panel installation income in checking,ingreso,1400.0,USD,other_income,checking,add_income,1.0,1400.0,,,,,,,,,,
Add 740 makeup sales income to General,ingreso,740.0,USD,other_income,General,add_income,1.0,740.0,,,,,,,,,,
Got 2200 BRL welding work income with rate 0.19,ingreso,2200.0,USD,other_income,Savings,add_income,0.19,418.0,,,,,,,,,,
Register 360 meditation workshop income in checking,ingreso,360.0,USD,other_income,checking,add_income,1.0,360.0,,,,,,,,,,
Add 8800 ARS image rights income with rate 0.001,ingreso,8800.0,USD,other_income,General,add_income,0.001,8.8,,,,,,,,,,
Got 520 electronic components sale income in Savings,ingreso,520.0,USD,other_income,Savings,add_income,1.0,520.0,,,,,,,,,,
Register 3100 net monthly salary in checking,ingreso,3100.0,USD,salary,checking,add_income,1.0,3100.0,,,,,,,,,,
Got 670 for selling used books in General,ingreso,670.0,USD,other_income,General,add_income,1.0,670.0,,,,,,,,,,
Received 1900 CAD architecture project income with rate 0.74,ingreso,1900.0,USD,other_income,Savings,add_income,0.74,1406.0,,,,,,,,,,
Add 450 affiliate program income to checking,ingreso,450.0,USD,other_income,checking,add_income,1.0,450.0,,,,,,,,,,
Got 2750 quarterly company bonus in General,ingreso,2750.0,USD,salary,General,add_income,1.0,2750.0,,,,,,,,,,
Received 310 ornamental plant sales income in Savings,ingreso,310.0,USD,other_income,Savings,add_income,1.0,310.0,,,,,,,,,,
Add 1250 GBP literary translation income with rate 1.27,ingreso,1250.0,USD,other_income,checking,add_income,1.27,1587.5,,,,,,,,,,
Got 5500 monthly pension payment in General,ingreso,5500.0,USD,salary,General,add_income,1.0,5500.0,,,,,,,,,,
Received 890 executive coaching services income in Savings,ingreso,890.0,USD,other_income,Savings,add_income,1.0,890.0,,,,,,,,,,
Register 240 photo equipment rental income in checking,ingreso,240.0,USD,other_income,checking,add_income,1.0,240.0,,,,,,,,,,
Received year-end bonus of 4200 in General,ingreso,4200.0,USD,salary,General,add_income,1.0,4200.0,,,,,,,,,,
Got 1100 health insurance reimbursement in Savings,ingreso,1100.0,USD,other_income,Savings,add_income,1.0,1100.0,,,,,,,,,,
Client deposited 620 for landing page development in checking,ingreso,620.0,USD,other_income,checking,add_income,1.0,620.0,,,,,,,,,,
Add 9500 MXN soccer referee fees with rate 0.052,ingreso,9500.0,USD,other_income,General,add_income,0.052,494.0,,,,,,,,,,
Got 330 sponsored podcast income in Savings,ingreso,330.0,USD,other_income,Savings,add_income,1.0,330.0,,,,,,,,,,
Received 1800 land plot sale income in checking,ingreso,1800.0,USD,other_income,checking,add_income,1.0,1800.0,,,,,,,,,,
Add 480 WordPress plugin development income to General,ingreso,480.0,USD,other_income,General,add_income,1.0,480.0,,,,,,,,,,
Got 2600 inheritance received in Savings,ingreso,2600.0,USD,other_income,Savings,add_income,1.0,2600.0,,,,,,,,,,
Received 710 client referral commission in checking,ingreso,710.0,USD,other_income,checking,add_income,1.0,710.0,,,,,,,,,,
Register 3900 biweekly salary in General,ingreso,3900.0,USD,salary,General,add_income,1.0,3900.0,,,,,,,,,,
Got 1650 YouTube channel income in Savings,ingreso,1650.0,USD,other_income,Savings,add_income,1.0,1650.0,,,,,,,,,,
Add 4400 COP traditional crafts sale with rate 0.00025,ingreso,4400.0,USD,other_income,checking,add_income,0.00025,1.1,,,,,,,,,,
Received 980 UX design project payment in General,ingreso,980.0,USD,other_income,General,add_income,1.0,980.0,,,,,,,,,,
Got 1500 stock dividends in Savings,ingreso,1500.0,USD,other_income,Savings,add_income,1.0,1500.0,,,,,,,,,,
Received 850 sports nutrition consulting in checking,ingreso,850.0,USD,other_income,checking,add_income,1.0,850.0,,,,,,,,,,
Add 2200 EUR local products export income with rate 1.1,ingreso,2200.0,USD,other_income,General,add_income,1.1,2420.0,,,,,,,,,,
Got 340 homemade jam sales income in Savings,ingreso,340.0,USD,other_income,Savings,add_income,1.0,340.0,,,,,,,,,,
Received 5800 annual productivity bonus in checking,ingreso,5800.0,USD,salary,checking,add_income,1.0,5800.0,,,,,,,,,,
Add 760 pickup truck rental income to General,ingreso,760.0,USD,other_income,General,add_income,1.0,760.0,,,,,,,,,,
Got 1300 BRL blacksmithing services income with rate 0.19,ingreso,1300.0,USD,other_income,Savings,add_income,0.19,247.0,,,,,,,,,,
Paid 850 monthly life insurance from General,gasto,850.0,USD,health,General,add_expense,1.0,850.0,,,,,,,,,,
Spent 460 on musical instruments from Savings,gasto,460.0,USD,other,Savings,add_expense,1.0,460.0,,,,,,,,,,
Paid 1700 for apartment curtains from checking,gasto,1700.0,USD,housing,checking,add_expense,1.0,1700.0,,,,,,,,,,
Add 55 postal service expense from card,gasto,55.0,USD,other,,add_expense,1.0,55.0,,,,,,,,,,
Spent 3400 COP on motorcycle maintenance with rate 0.00025,gasto,3400.0,USD,transport,General,add_expense,0.00025,0.85,,,,,,,,,,
Paid 320 for school supplies for kids from Savings,gasto,320.0,USD,other,Savings,add_expense,1.0,320.0,,,,,,,,,,
Add 1500 baby mattress expense from checking,gasto,1500.0,USD,housing,checking,add_expense,1.0,1500.0,,,,,,,,,,
Paid 780 monthly water bill from General,gasto,780.0,USD,utilities,General,add_expense,1.0,780.0,,,,,,,,,,
Spent 90 on news subscription from Savings,gasto,90.0,USD,other,Savings,add_expense,1.0,90.0,,,,,,,,,,
Paid 2800 GBP European travel circuit with rate 1.27,gasto,2800.0,USD,entertainment,,add_expense,1.27,3556.0,,,,,,,,,,
Add 145 gardening supplies expense from checking,gasto,145.0,USD,other,checking,add_expense,1.0,145.0,,,,,,,,,,
Paid 420 for refrigerator repair from General,gasto,420.0,USD,housing,General,add_expense,1.0,420.0,,,,,,,,,,
Spent 750 on credit card debt payment from Savings,gasto,750.0,USD,other,Savings,add_expense,1.0,750.0,,,,,,,,,,
Paid 38 monthly toll from checking,gasto,38.0,USD,transport,checking,add_expense,1.0,38.0,,,,,,,,,,
Add 1900 ARS roof repair expense with rate 0.001,gasto,1900.0,USD,housing,General,add_expense,0.001,1.9,,,,,,,,,,
Paid 260 for gym supplements from Savings,gasto,260.0,USD,health,Savings,add_expense,1.0,260.0,,,,,,,,,,
Spent 680 on language course enrollment from checking,gasto,680.0,USD,other,checking,add_expense,1.0,680.0,,,,,,,,,,
Paid 125 accounting software subscription from General,gasto,125.0,USD,other,General,add_expense,1.0,125.0,,,,,,,,,,
Add 3200 refurbished laptop expense from Savings,gasto,3200.0,USD,other,Savings,add_expense,1.0,3200.0,,,,,,,,,,
Paid 490 for washing machine repair from card,gasto,490.0,USD,housing,,add_expense,1.0,490.0,,,,,,,,,,
Paid 820 property tax from General,gasto,820.0,USD,housing,General,add_expense,1.0,820.0,,,,,,,,,,
Spent 195 on office supplies from Savings,gasto,195.0,USD,other,Savings,add_expense,1.0,195.0,,,,,,,,,,
Paid 4500 MXN ecotourism tour with rate 0.053,gasto,4500.0,USD,entertainment,checking,add_expense,0.053,238.5,,,,,,,,,,
Add 310 chronic medication expense from General,gasto,310.0,USD,health,General,add_expense,1.0,310.0,,,,,,,,,,
Paid 560 monthly daycare fee from Savings,gasto,560.0,USD,other,Savings,add_expense,1.0,560.0,,,,,,,,,,
Spent 88 on annual web domain from checking,gasto,88.0,USD,other,checking,add_expense,1.0,88.0,,,,,,,,,,
Paid 1100 dental treatment from General,gasto,1100.0,USD,health,General,add_expense,1.0,1100.0,,,,,,,,,,
Add 720 electric bicycle rental expense from Savings,gasto,720.0,USD,transport,Savings,add_expense,1.0,720.0,,,,,,,,,,
Paid 2600 BRL vehicle tax with rate 0.19,gasto,2600.0,USD,transport,,add_expense,0.19,494.0,,,,,,,,,,
Spent 190 on baby products from checking,gasto,190.0,USD,other,checking,add_expense,1.0,190.0,,,,,,,,,,
Paid 3800 for bathroom renovation from General,gasto,3800.0,USD,housing,General,add_expense,1.0,3800.0,,,,,,,,,,
Add 65 kitchen accessory expense from card,gasto,65.0,USD,other,,add_expense,1.0,65.0,,,,,,,,,,
Paid 1400 personal loan installment from Savings,gasto,1400.0,USD,other,Savings,add_expense,1.0,1400.0,,,,,,,,,,
Spent 430 on sports sneakers from checking,gasto,430.0,USD,other,checking,add_expense,1.0,430.0,,,,,,,,,,
Paid 940 for car spare part from General,gasto,940.0,USD,transport,General,add_expense,1.0,940.0,,,,,,,,,,
Add 280 design tool subscription expense from Savings,gasto,280.0,USD,other,Savings,add_expense,1.0,280.0,,,,,,,,,,
Paid 1200 CAD health insurance with rate 0.74,gasto,1200.0,USD,health,,add_expense,0.74,888.0,,,,,,,,,,
Spent 350 on architecture study materials from checking,gasto,350.0,USD,other,checking,add_expense,1.0,350.0,,,,,,,,,,
Paid 2100 for office furniture from General,gasto,2100.0,USD,housing,General,add_expense,1.0,2100.0,,,,,,,,,,
Add 105 fitness app subscription from card,gasto,105.0,USD,health,,add_expense,1.0,105.0,,,,,,,,,,
Paid 680 monthly coworking space from Savings,gasto,680.0,USD,housing,Savings,add_expense,1.0,680.0,,,,,,,,,,
Spent 1600 EUR professional photo equipment with rate 1.1,gasto,1600.0,USD,other,checking,add_expense,1.1,1760.0,,,,,,,,,,
Paid 480 for heating system repair from General,gasto,480.0,USD,housing,General,add_expense,1.0,480.0,,,,,,,,,,
Add 220 vegetable garden seeds and fertilizer from Savings,gasto,220.0,USD,other,Savings,add_expense,1.0,220.0,,,,,,,,,,
Paid 3600 transmission repair from checking,gasto,3600.0,USD,transport,checking,add_expense,1.0,3600.0,,,,,,,,,,
Spent 175 on 4K streaming subscription from General,gasto,175.0,USD,entertainment,General,add_expense,1.0,175.0,,,,,,,,,,
Paid 960 orthodontic appliance from Savings,gasto,960.0,USD,health,Savings,add_expense,1.0,960.0,,,,,,,,,,
Add 620 programming course expense from checking,gasto,620.0,USD,other,checking,add_expense,1.0,620.0,,,,,,,,,,
Paid 2500 MXN plumber service with rate 0.052,gasto,2500.0,USD,housing,,add_expense,0.052,130.0,,,,,,,,,,
Spent 390 on New Year's Eve dinner from General,gasto,390.0,USD,food,General,add_expense,1.0,390.0,,,,,,,,,,
Show health expenses in checking last 3 months,,,USD,health,checking,report,,,expenses,last_3_months,,,health,checking,,,,
Balance for Savings from 2026-04-01 to 2026-06-30,,,USD,,Savings,report,,,balance,custom,2026-04-01,2026-06-30,,Savings,,,,
Salary incomes between 1000 and 5000 this year,,,USD,salary,,report,,,incomes,this_year,,,salary,,1000.0,5000.0,,
Entertainment expenses with text cinema last month,,,USD,entertainment,,report,,,expenses,last_month,,,entertainment,,,,cinema,
Cashflow for General from 2026-01-01 to 2026-12-31,,,USD,,General,report,,,cashflow,custom,2026-01-01,2026-12-31,,General,,,,
Show all my incomes this month in Savings,,,USD,,Savings,report,,,incomes,this_month,,,,Savings,,,,
Summary of transport and housing expenses this year,,,USD,,,report,,,expenses,this_year,,,transport|housing,,,,,
Balance for checking between 2026-08-01 and 2026-10-31,,,USD,,checking,report,,,balance,custom,2026-08-01,2026-10-31,,checking,,,,
Cashflow last 3 months for General,,,USD,,General,report,,,cashflow,last_3_months,,,,General,,,,
Expenses under 200 in checking this month,,,USD,,checking,report,,,expenses,this_month,,,,checking,0.0,200.0,,
Summary of Savings movements from 2026-03-01 to 2026-05-31,,,USD,,Savings,report,,,summary,custom,2026-03-01,2026-05-31,,Savings,,,,
Other income over 400 last month,,,USD,other_income,,report,,,incomes,last_month,,,other_income,,400.0,,,
Food expenses with text market this year,,,USD,food,,report,,,expenses,this_year,,,food,,,,market,
Overall balance this month,,,USD,,,report,,,balance,this_month,,,,,,,,
Incomes last 3 months in General and Savings,,,USD,,,report,,,incomes,last_3_months,,,,General|Savings,,,,
What is my average monthly income this year,,,USD,,,data_analysis,,,,this_year,,,,,,,,
Analyze housing expenses over 500 in General this month,,,USD,housing,General,data_analysis,,,,this_month,,,housing,General,,,,
Which account do I spend the most in this year,,,USD,,,data_analysis,,,,this_year,,,,,,,,
Analyze utilities expenses with text water last month,,,USD,utilities,,data_analysis,,,,last_month,,,utilities,,,,water,
How much did I earn in total last month in Savings,,,USD,,Savings,data_analysis,,,,last_month,,,,Savings,,,,
Transport spending trend over the last 3 months,,,USD,transport,,data_analysis,,,,last_3_months,,,transport,,,,,
Analyze my activity from 2026-04-01 to 2026-06-30,,,USD,,,data_analysis,,,,custom,2026-04-01,2026-06-30,,,,,,
Compare my income vs expenses this month,,,USD,,,data_analysis,,,,this_month,,,,,,,,
Design me a physical training plan,,,USD,,,none,,,,,,,,,,,,"I cannot design training plans. I am MIRA, your personal finance assistant."
Find cheap flights to Europe,,,USD,,,none,,,,,,,,,,,,"I cannot search for flights. I am MIRA, a personal finance assistant."
What is my business horoscope,,,USD,,,none,,,,,,,,,,,,That is outside my domain. I can help you analyze your finances.
Explain the theory of relativity,,,USD,,,none,,,,,,,,,,,,"That is outside my domain. I am MIRA, your personal finance assistant."
Give me last night's game results,,,USD,,,none,,,,,,,,,,,,"I don't have access to sports results. I am MIRA, a personal finance assistant."
Summarize today's news for me,,,USD,,,none,,,,,,,,,,,,I don't have access to news. I can help you manage your finances.
How tall is the Eiffel Tower,,,USD,,,none,,,,,,,,,,,,"That is outside my domain. I am MIRA, your personal finance assistant."
Pague 1200 de curso de Excel avanzado en General,gasto,1200.0,USD,other,General,add_expense,1.0,1200.0,,,,,,,,,,
Registra gasto de 800 por taller de oratoria desde Savings,gasto,800.0,USD,other,Savings,add_expense,1.0,800.0,,,,,,,,,,
Desembolse 2500 en diplomado de finanzas personales desde checking,gasto,2500.0,USD,other,checking,add_expense,1.0,2500.0,,,,,,,,,,
Pague 350 de clase de cocina profesional desde General,gasto,350.0,USD,other,General,add_expense,1.0,350.0,,,,,,,,,,
Gaste 980 en curso de diseno grafico online desde Savings,gasto,980.0,USD,other,Savings,add_expense,1.0,980.0,,,,,,,,,,
Registra 1500 de inscripcion a bootcamp de programacion desde checking,gasto,1500.0,USD,other,checking,add_expense,1.0,1500.0,,,,,,,,,,
Pague 460 de taller de fotografia avanzada desde General,gasto,460.0,USD,other,General,add_expense,1.0,460.0,,,,,,,,,,
Desembolse 750 en curso de idioma japones desde Savings,gasto,750.0,USD,other,Savings,add_expense,1.0,750.0,,,,,,,,,,
Gaste 3200 en maestria online en administracion desde checking,gasto,3200.0,USD,other,checking,add_expense,1.0,3200.0,,,,,,,,,,
Pague 220 de clases de musica guitarra desde General,gasto,220.0,USD,other,General,add_expense,1.0,220.0,,,,,,,,,,
Registra 1800 de curso de inteligencia artificial desde Savings,gasto,1800.0,USD,other,Savings,add_expense,1.0,1800.0,,,,,,,,,,
Desembolse 95 en suscripcion mensual a plataforma Udemy desde checking,gasto,95.0,USD,other,checking,add_expense,1.0,95.0,,,,,,,,,,
Pague 590 de taller de escritura creativa desde General,gasto,590.0,USD,other,General,add_expense,1.0,590.0,,,,,,,,,,
Gaste 4500 MXN en diplomado de marketing digital con cambio 0.052,gasto,4500.0,USD,other,Savings,add_expense,0.052,234.0,,,,,,,,,,
Registra 1100 de curso de liderazgo empresarial desde checking,gasto,1100.0,USD,other,checking,add_expense,1.0,1100.0,,,,,,,,,,
Pague 2800 de examen de certificacion PMP desde General,gasto,2800.0,USD,other,General,add_expense,1.0,2800.0,,,,,,,,,,
Desembolse 1600 en voucher de examen AWS Solutions Architect desde Savings,gasto,1600.0,USD,other,Savings,add_expense,1.0,1600.0,,,,,,,,,,
Gaste 950 en certificacion de Scrum Master desde checking,gasto,950.0,USD,other,checking,add_expense,1.0,950.0,,,,,,,,,,
Registra 3500 de certificacion CPA de contabilidad desde General,gasto,3500.0,USD,other,General,add_expense,1.0,3500.0,,,,,,,,,,
Pague 1250 de examen TOEFL para certificacion de ingles desde Savings,gasto,1250.0,USD,other,Savings,add_expense,1.0,1250.0,,,,,,,,,,
Desembolse 780 en certificacion Google Analytics desde checking,gasto,780.0,USD,other,checking,add_expense,1.0,780.0,,,,,,,,,,
Gaste 2100 en certificacion de seguridad CISSP desde General,gasto,2100.0,USD,other,General,add_expense,1.0,2100.0,,,,,,,,,,
Registra 650 de certificacion de primeros auxilios desde Savings,gasto,650.0,USD,health,Savings,add_expense,1.0,650.0,,,,,,,,,,
Pague 1900 EUR de certificacion de idioma DELF con rate 1.1,gasto,1900.0,USD,other,checking,add_expense,1.1,2090.0,,,,,,,,,,
Desembolse 430 en renovacion de certificacion tecnica desde General,gasto,430.0,USD,other,General,add_expense,1.0,430.0,,,,,,,,,,
Pague 540 de inscripcion anual al gimnasio desde Savings,gasto,540.0,USD,health,Savings,add_expense,1.0,540.0,,,,,,,,,,
Gaste 280 en sesiones de entrenamiento personal desde checking,gasto,280.0,USD,health,checking,add_expense,1.0,280.0,,,,,,,,,,
Registra 1200 de curso de certificacion de instructor de yoga desde General,gasto,1200.0,USD,health,General,add_expense,1.0,1200.0,,,,,,,,,,
Desembolse 380 en ropa deportiva para entrenamiento desde Savings,gasto,380.0,USD,other,Savings,add_expense,1.0,380.0,,,,,,,,,,
Pague 750 de inscripcion a maraton de la ciudad desde checking,gasto,750.0,USD,health,checking,add_expense,1.0,750.0,,,,,,,,,,
Gaste 160 en suplementos proteicos para entrenamiento desde General,gasto,160.0,USD,health,General,add_expense,1.0,160.0,,,,,,,,,,
Registra 920 de curso de natacion avanzada desde Savings,gasto,920.0,USD,health,Savings,add_expense,1.0,920.0,,,,,,,,,,
Desembolse 495 en sesiones de fisioterapia deportiva desde checking,gasto,495.0,USD,health,checking,add_expense,1.0,495.0,,,,,,,,,,
Pague 3300 BRL de inscripcion a academia de artes marciales con rate 0.19,gasto,3300.0,USD,health,General,add_expense,0.19,627.0,,,,,,,,,,
Gaste 210 en equipo de ciclismo para entrenamiento desde Savings,gasto,210.0,USD,other,Savings,add_expense,1.0,210.0,,,,,,,,,,
Pague 8500 de semestre universitario desde checking,gasto,8500.0,USD,other,checking,add_expense,1.0,8500.0,,,,,,,,,,
Desembolse 2400 en libros y materiales universitarios desde General,gasto,2400.0,USD,other,General,add_expense,1.0,2400.0,,,,,,,,,,
Gaste 1700 en cuota de posgrado desde Savings,gasto,1700.0,USD,other,Savings,add_expense,1.0,1700.0,,,,,,,,,,
Registra 320 de pago de examen de admision universitaria desde checking,gasto,320.0,USD,other,checking,add_expense,1.0,320.0,,,,,,,,,,
Pague 560 de renovacion de matricula escolar desde General,gasto,560.0,USD,other,General,add_expense,1.0,560.0,,,,,,,,,,
Desembolse 1350 en curso de gestion de proyectos desde Savings,gasto,1350.0,USD,other,Savings,add_expense,1.0,1350.0,,,,,,,,,,
Pague 890 de taller de negociacion empresarial desde checking,gasto,890.0,USD,other,checking,add_expense,1.0,890.0,,,,,,,,,,
Gaste 2200 en capacitacion de ventas corporativa desde General,gasto,2200.0,USD,other,General,add_expense,1.0,2200.0,,,,,,,,,,
Registra 470 de curso de seguridad industrial desde Savings,gasto,470.0,USD,other,Savings,add_expense,1.0,470.0,,,,,,,,,,
Pague 1500 CAD de certificacion en gestion de calidad ISO con rate 0.74,gasto,1500.0,USD,other,checking,add_expense,0.74,1110.0,,,,,,,,,,
Desembolse 640 en formacion en recursos humanos desde General,gasto,640.0,USD,other,General,add_expense,1.0,640.0,,,,,,,,,,
Gaste 1080 en diplomado de supply chain desde Savings,gasto,1080.0,USD,other,Savings,add_expense,1.0,1080.0,,,,,,,,,,
Registra 760 de taller de marca personal y networking desde checking,gasto,760.0,USD,other,checking,add_expense,1.0,760.0,,,,,,,,,,
Pague 2900 en certificacion de coach ontologico desde General,gasto,2900.0,USD,other,General,add_expense,1.0,2900.0,,,,,,,,,,
Desembolse 330 en curso de primeros auxilios para empresa desde Savings,gasto,330.0,USD,health,Savings,add_expense,1.0,330.0,,,,,,,,,,
Gaste 1620 en maestria ejecutiva en liderazgo desde checking,gasto,1620.0,USD,other,checking,add_expense,1.0,1620.0,,,,,,,,,,
Registra 480 de taller de programacion en Python desde General,gasto,480.0,USD,other,General,add_expense,1.0,480.0,,,,,,,,,,
Pague 5500 ARS de certificacion en metodologias agiles con cambio 0.001,gasto,5500.0,USD,other,Savings,add_expense,0.001,5.5,,,,,,,,,,
Desembolse 840 en curso de control financiero y presupuesto desde checking,gasto,840.0,USD,other,checking,add_expense,1.0,840.0,,,,,,,,,,
Gaste 3800 GBP en programa de executive MBA con rate 1.27,gasto,3800.0,USD,other,General,add_expense,1.27,4826.0,,,,,,,,,,
Registra 260 de suscripcion a Coursera mensual desde Savings,gasto,260.0,USD,other,Savings,add_expense,1.0,260.0,,,,,,,,,,
Pague 1950 de curso de analisis de datos con Python desde checking,gasto,1950.0,USD,other,checking,add_expense,1.0,1950.0,,,,,,,,,,
Desembolse 720 en taller de blockchain y criptomonedas desde General,gasto,720.0,USD,other,General,add_expense,1.0,720.0,,,,,,,,,,
Gaste 145 en examen DELE de espanol como lengua extranjera desde Savings,gasto,145.0,USD,other,Savings,add_expense,1.0,145.0,,,,,,,,,,
Registra 2700 de inscripcion a MBA en linea desde checking,gasto,2700.0,USD,other,checking,add_expense,1.0,2700.0,,,,,,,,,,
Cobre 1800 por impartir curso de Excel en empresa desde General,ingreso,1800.0,USD,other_income,General,add_income,1.0,1800.0,,,,,,,,,,
Me pagaron 950 por clases particulares de matematicas en Savings,ingreso,950.0,USD,other_income,Savings,add_income,1.0,950.0,,,,,,,,,,
Recibi 2200 de honorarios por taller de liderazgo en checking,ingreso,2200.0,USD,other_income,checking,add_income,1.0,2200.0,,,,,,,,,,
Registra 1500 de ingreso por dar clases de yoga en General,ingreso,1500.0,USD,other_income,General,add_income,1.0,1500.0,,,,,,,,,,
Me entro 680 por tutoria universitaria en Savings,ingreso,680.0,USD,other_income,Savings,add_income,1.0,680.0,,,,,,,,,,
Cobre 3400 de consultoria de capacitacion corporativa en checking,ingreso,3400.0,USD,other_income,checking,add_income,1.0,3400.0,,,,,,,,,,
Me llegaron 540 de ingreso por entrenar equipo de futbol en General,ingreso,540.0,USD,other_income,General,add_income,1.0,540.0,,,,,,,,,,
Recibi 1200 por seminario de finanzas personales impartido en Savings,ingreso,1200.0,USD,other_income,Savings,add_income,1.0,1200.0,,,,,,,,,,
Me depositaron 4800 MXN de curso de programacion que imparti con cambio 0.052,ingreso,4800.0,USD,other_income,checking,add_income,0.052,249.6,,,,,,,,,,
Registra 780 de ingreso por taller de fotografia para principiantes en General,ingreso,780.0,USD,other_income,General,add_income,1.0,780.0,,,,,,,,,,
Me cayo 2600 de honorarios por certificacion y coaching empresarial en Savings,ingreso,2600.0,USD,other_income,Savings,add_income,1.0,2600.0,,,,,,,,,,
Cobre 490 por dar clases de natacion en checking,ingreso,490.0,USD,other_income,checking,add_income,1.0,490.0,,,,,,,,,,
Recibi 1650 de ingreso por curso online publicado en Udemy en General,ingreso,1650.0,USD,other_income,General,add_income,1.0,1650.0,,,,,,,,,,
Me entro 3100 de pago por diplomado de marketing que imparti en Savings,ingreso,3100.0,USD,other_income,Savings,add_income,1.0,3100.0,,,,,,,,,,
Me pagaron 880 por entrenar a corredores para maraton en checking,ingreso,880.0,USD,other_income,checking,add_income,1.0,880.0,,,,,,,,,,
Registra 2100 de ingreso por programa de mentoria profesional en General,ingreso,2100.0,USD,other_income,General,add_income,1.0,2100.0,,,,,,,,,,
Me llegaron 1400 GBP de conferencia sobre liderazgo educativo con rate 1.27,ingreso,1400.0,USD,other_income,Savings,add_income,1.27,1778.0,,,,,,,,,,
Cobre 560 de clases de crossfit en checking,ingreso,560.0,USD,other_income,checking,add_income,1.0,560.0,,,,,,,,,,
Recibi 3700 de honorarios por curso de certificacion interna en empresa en General,ingreso,3700.0,USD,other_income,General,add_income,1.0,3700.0,,,,,,,,,,
Me depositaron 990 de ingreso por taller de habitos y productividad en Savings,ingreso,990.0,USD,other_income,Savings,add_income,1.0,990.0,,,,,,,,,,
Paid 1200 for advanced Excel course from General,gasto,1200.0,USD,other,General,add_expense,1.0,1200.0,,,,,,,,,,
Register 800 public speaking workshop expense from Savings,gasto,800.0,USD,other,Savings,add_expense,1.0,800.0,,,,,,,,,,
Spent 2500 on personal finance diploma from checking,gasto,2500.0,USD,other,checking,add_expense,1.0,2500.0,,,,,,,,,,
Paid 350 for professional cooking class from General,gasto,350.0,USD,other,General,add_expense,1.0,350.0,,,,,,,,,,
Add 980 online graphic design course expense from Savings,gasto,980.0,USD,other,Savings,add_expense,1.0,980.0,,,,,,,,,,
Paid 1500 programming bootcamp enrollment from checking,gasto,1500.0,USD,other,checking,add_expense,1.0,1500.0,,,,,,,,,,
Spent 460 on advanced photography workshop from General,gasto,460.0,USD,other,General,add_expense,1.0,460.0,,,,,,,,,,
Register 750 Japanese language course expense from Savings,gasto,750.0,USD,other,Savings,add_expense,1.0,750.0,,,,,,,,,,
Paid 3200 for online MBA in business administration from checking,gasto,3200.0,USD,other,checking,add_expense,1.0,3200.0,,,,,,,,,,
Add 220 guitar music lessons expense from General,gasto,220.0,USD,other,General,add_expense,1.0,220.0,,,,,,,,,,
Paid 1800 for artificial intelligence course from Savings,gasto,1800.0,USD,other,Savings,add_expense,1.0,1800.0,,,,,,,,,,
Spent 95 on monthly Udemy subscription from checking,gasto,95.0,USD,other,checking,add_expense,1.0,95.0,,,,,,,,,,
Register 590 creative writing workshop expense from General,gasto,590.0,USD,other,General,add_expense,1.0,590.0,,,,,,,,,,
Paid 4500 MXN digital marketing diploma with rate 0.052,gasto,4500.0,USD,other,Savings,add_expense,0.052,234.0,,,,,,,,,,
Add 1100 business leadership course expense from checking,gasto,1100.0,USD,other,checking,add_expense,1.0,1100.0,,,,,,,,,,
Paid 2800 for PMP certification exam from General,gasto,2800.0,USD,other,General,add_expense,1.0,2800.0,,,,,,,,,,
Spent 1600 on AWS Solutions Architect exam voucher from Savings,gasto,1600.0,USD,other,Savings,add_expense,1.0,1600.0,,,,,,,,,,
Register 950 Scrum Master certification expense from checking,gasto,950.0,USD,other,checking,add_expense,1.0,950.0,,,,,,,,,,
Paid 3500 for CPA accounting certification from General,gasto,3500.0,USD,other,General,add_expense,1.0,3500.0,,,,,,,,,,
Add 1250 TOEFL English certification exam from Savings,gasto,1250.0,USD,other,Savings,add_expense,1.0,1250.0,,,,,,,,,,
Paid 780 for Google Analytics certification from checking,gasto,780.0,USD,other,checking,add_expense,1.0,780.0,,,,,,,,,,
Spent 2100 on CISSP security certification from General,gasto,2100.0,USD,other,General,add_expense,1.0,2100.0,,,,,,,,,,
Register 650 first aid certification expense from Savings,gasto,650.0,USD,health,Savings,add_expense,1.0,650.0,,,,,,,,,,
Paid 1900 EUR DELF language certification with rate 1.1,gasto,1900.0,USD,other,checking,add_expense,1.1,2090.0,,,,,,,,,,
Add 430 technical certification renewal expense from General,gasto,430.0,USD,other,General,add_expense,1.0,430.0,,,,,,,,,,
Paid 540 annual gym membership from Savings,gasto,540.0,USD,health,Savings,add_expense,1.0,540.0,,,,,,,,,,
Spent 280 on personal training sessions from checking,gasto,280.0,USD,health,checking,add_expense,1.0,280.0,,,,,,,,,,
Register 1200 yoga instructor certification course from General,gasto,1200.0,USD,health,General,add_expense,1.0,1200.0,,,,,,,,,,
Paid 380 for sports training gear from Savings,gasto,380.0,USD,other,Savings,add_expense,1.0,380.0,,,,,,,,,,
Add 750 city marathon registration expense from checking,gasto,750.0,USD,health,checking,add_expense,1.0,750.0,,,,,,,,,,
Paid 160 for protein supplements for training from General,gasto,160.0,USD,health,General,add_expense,1.0,160.0,,,,,,,,,,
Spent 920 on advanced swimming course from Savings,gasto,920.0,USD,health,Savings,add_expense,1.0,920.0,,,,,,,,,,
Register 495 sports physiotherapy sessions from checking,gasto,495.0,USD,health,checking,add_expense,1.0,495.0,,,,,,,,,,
Paid 3300 BRL martial arts academy enrollment with rate 0.19,gasto,3300.0,USD,health,General,add_expense,0.19,627.0,,,,,,,,,,
Add 210 cycling training equipment expense from Savings,gasto,210.0,USD,other,Savings,add_expense,1.0,210.0,,,,,,,,,,
Paid 8500 university semester tuition from checking,gasto,8500.0,USD,other,checking,add_expense,1.0,8500.0,,,,,,,,,,
Spent 2400 on university books and materials from General,gasto,2400.0,USD,other,General,add_expense,1.0,2400.0,,,,,,,,,,
Register 1700 postgraduate tuition fee from Savings,gasto,1700.0,USD,other,Savings,add_expense,1.0,1700.0,,,,,,,,,,
Paid 320 university admission exam fee from checking,gasto,320.0,USD,other,checking,add_expense,1.0,320.0,,,,,,,,,,
Add 560 school enrollment renewal from General,gasto,560.0,USD,other,General,add_expense,1.0,560.0,,,,,,,,,,
Spent 1350 on project management training from Savings,gasto,1350.0,USD,other,Savings,add_expense,1.0,1350.0,,,,,,,,,,
Paid 890 for business negotiation workshop from checking,gasto,890.0,USD,other,checking,add_expense,1.0,890.0,,,,,,,,,,
Register 2200 corporate sales training expense from General,gasto,2200.0,USD,other,General,add_expense,1.0,2200.0,,,,,,,,,,
Add 470 industrial safety training expense from Savings,gasto,470.0,USD,other,Savings,add_expense,1.0,470.0,,,,,,,,,,
Paid 1500 CAD ISO quality management certification with rate 0.74,gasto,1500.0,USD,other,checking,add_expense,0.74,1110.0,,,,,,,,,,
Spent 640 on HR management training from General,gasto,640.0,USD,other,General,add_expense,1.0,640.0,,,,,,,,,,
Register 1080 supply chain diploma expense from Savings,gasto,1080.0,USD,other,Savings,add_expense,1.0,1080.0,,,,,,,,,,
Add 760 personal branding and networking workshop from checking,gasto,760.0,USD,other,checking,add_expense,1.0,760.0,,,,,,,,,,
Paid 2900 for ontological coaching certification from General,gasto,2900.0,USD,other,General,add_expense,1.0,2900.0,,,,,,,,,,
Spent 330 on company first aid course from Savings,gasto,330.0,USD,health,Savings,add_expense,1.0,330.0,,,,,,,,,,
Register 1620 executive leadership master program from checking,gasto,1620.0,USD,other,checking,add_expense,1.0,1620.0,,,,,,,,,,
Add 480 Python programming workshop expense from General,gasto,480.0,USD,other,General,add_expense,1.0,480.0,,,,,,,,,,
Paid 5500 ARS agile methodology certification with rate 0.001,gasto,5500.0,USD,other,Savings,add_expense,0.001,5.5,,,,,,,,,,
Spent 840 on financial control and budgeting course from checking,gasto,840.0,USD,other,checking,add_expense,1.0,840.0,,,,,,,,,,
Register 3800 GBP executive MBA program expense with rate 1.27,gasto,3800.0,USD,other,General,add_expense,1.27,4826.0,,,,,,,,,,
Add 260 monthly Coursera subscription expense from Savings,gasto,260.0,USD,other,Savings,add_expense,1.0,260.0,,,,,,,,,,
Paid 1950 for data analytics with Python course from checking,gasto,1950.0,USD,other,checking,add_expense,1.0,1950.0,,,,,,,,,,
Spent 720 on blockchain and cryptocurrency workshop from General,gasto,720.0,USD,other,General,add_expense,1.0,720.0,,,,,,,,,,
Register 145 DELE Spanish language exam from Savings,gasto,145.0,USD,other,Savings,add_expense,1.0,145.0,,,,,,,,,,
Add 2700 online MBA enrollment expense from checking,gasto,2700.0,USD,other,checking,add_expense,1.0,2700.0,,,,,,,,,,
Received 1800 for teaching Excel course at company from General,ingreso,1800.0,USD,other_income,General,add_income,1.0,1800.0,,,,,,,,,,
Got paid 950 for private math tutoring in Savings,ingreso,950.0,USD,other_income,Savings,add_income,1.0,950.0,,,,,,,,,,
Add 2200 leadership workshop fee income to checking,ingreso,2200.0,USD,other_income,checking,add_income,1.0,2200.0,,,,,,,,,,
Register 1500 yoga teaching income to General,ingreso,1500.0,USD,other_income,General,add_income,1.0,1500.0,,,,,,,,,,
Got 680 for university tutoring in Savings,ingreso,680.0,USD,other_income,Savings,add_income,1.0,680.0,,,,,,,,,,
Add 3400 corporate training consulting income to checking,ingreso,3400.0,USD,other_income,checking,add_income,1.0,3400.0,,,,,,,,,,
Received 540 soccer team coaching income in General,ingreso,540.0,USD,other_income,General,add_income,1.0,540.0,,,,,,,,,,
Got 1200 for personal finance seminar I delivered in Savings,ingreso,1200.0,USD,other_income,Savings,add_income,1.0,1200.0,,,,,,,,,,
Add 4800 MXN programming course income with rate 0.052,ingreso,4800.0,USD,other_income,checking,add_income,0.052,249.6,,,,,,,,,,
Received 780 photography beginner workshop income in General,ingreso,780.0,USD,other_income,General,add_income,1.0,780.0,,,,,,,,,,
Got 2600 executive coaching and certification income in Savings,ingreso,2600.0,USD,other_income,Savings,add_income,1.0,2600.0,,,,,,,,,,
Add 490 swimming lessons income to checking,ingreso,490.0,USD,other_income,checking,add_income,1.0,490.0,,,,,,,,,,
Received 1650 from online course published on Udemy in General,ingreso,1650.0,USD,other_income,General,add_income,1.0,1650.0,,,,,,,,,,
Got 3100 for marketing diploma I taught in Savings,ingreso,3100.0,USD,other_income,Savings,add_income,1.0,3100.0,,,,,,,,,,
Add 880 marathon training coaching income to checking,ingreso,880.0,USD,other_income,checking,add_income,1.0,880.0,,,,,,,,,,
Register 2100 professional mentorship program income in General,ingreso,2100.0,USD,other_income,General,add_income,1.0,2100.0,,,,,,,,,,
Got 1400 GBP leadership education conference fee with rate 1.27,ingreso,1400.0,USD,other_income,Savings,add_income,1.27,1778.0,,,,,,,,,,
Add 560 CrossFit class income to checking,ingreso,560.0,USD,other_income,checking,add_income,1.0,560.0,,,,,,,,,,
Received 3700 for internal certification training at company in General,ingreso,3700.0,USD,other_income,General,add_income,1.0,3700.0,,,,,,,,,,
Got 990 habits and productivity workshop income in Savings,ingreso,990.0,USD,other_income,Savings,add_income,1.0,990.0,,,,,,,,,,
Ver mis gastos de educacion y certificaciones de este ano,,,USD,other,,report,,,expenses,this_year,,,,,,,curso,
Cuanto gaste en formacion profesional el mes pasado,,,USD,other,,report,,,expenses,last_month,,,other,,,,,
Ingresos de clases y capacitacion de los ultimos 3 meses,,,USD,other_income,,report,,,incomes,last_3_months,,,other_income,,,,,
Gastos de health relacionados con entrenamiento este mes,,,USD,health,General,report,,,expenses,this_month,,,health,General,,,,
Resumen de gastos de educacion mayores a 500 este ano,,,USD,other,,report,,,expenses,this_year,,,other,,500.0,,,
Ver gastos con texto certificacion de los ultimos 3 meses,,,USD,,,report,,,expenses,last_3_months,,,,,,,certificacion,
Gastos de capacitacion en checking del 2026-01-01 al 2026-06-30,,,USD,,checking,report,,,expenses,custom,2026-01-01,2026-06-30,other,checking,,,,
Balance de Savings donde gaste en educacion este ano,,,USD,,Savings,report,,,balance,this_year,,,,Savings,,,,
Ingresos de tutoria y ensenanza de este mes en General,,,USD,,General,report,,,incomes,this_month,,,other_income,General,,,,
Cashflow de educacion y salud del 2026-04-01 al 2026-09-30,,,USD,,,report,,,cashflow,custom,2026-04-01,2026-09-30,other|health,,,,,
Show my education and certification expenses this year,,,USD,other,,report,,,expenses,this_year,,,,,,,course,
How much did I spend on professional training last month,,,USD,other,,report,,,expenses,last_month,,,other,,,,,
Teaching and training income over the last 3 months,,,USD,other_income,,report,,,incomes,last_3_months,,,other_income,,,,,
Health expenses related to training this month in General,,,USD,health,General,report,,,expenses,this_month,,,health,General,,,,
Education expenses over 500 this year,,,USD,other,,report,,,expenses,this_year,,,other,,500.0,,,
Show expenses with text certification last 3 months,,,USD,,,report,,,expenses,last_3_months,,,,,,,certification,
Training expenses in checking from 2026-01-01 to 2026-06-30,,,USD,,checking,report,,,expenses,custom,2026-01-01,2026-06-30,other,checking,,,,
Savings balance for education spending this year,,,USD,,Savings,report,,,balance,this_year,,,,Savings,,,,
Tutoring and teaching income this month in General,,,USD,,General,report,,,incomes,this_month,,,other_income,General,,,,
Cashflow for education and health from 2026-04-01 to 2026-09-30,,,USD,,,report,,,cashflow,custom,2026-04-01,2026-09-30,other|health,,,,,
Cuanto gaste en cursos y capacitacion este ano,,,USD,other,,data_analysis,,,,this_year,,,other,,,,,
Analiza mis gastos de salud relacionados con entrenamiento deportivo este mes,,,USD,health,,data_analysis,,,,this_month,,,health,,,,,
En que mes gaste mas en educacion,,,USD,,,data_analysis,,,,this_year,,,,,,,curso,
Tendencia de mis ingresos por clases y tutoria de los ultimos 3 meses,,,USD,other_income,,data_analysis,,,,last_3_months,,,other_income,,,,,
Analiza mis gastos de certificacion del 2026-01-01 al 2026-06-30,,,USD,,,data_analysis,,,,custom,2026-01-01,2026-06-30,,,,,certificacion,
Comparacion de gasto en formacion vs salud este ano,,,USD,,,data_analysis,,,,this_year,,,other|health,,,,,
How much did I spend on courses and training this year,,,USD,other,,data_analysis,,,,this_year,,,other,,,,,
Analyze my health expenses related to sports training this month,,,USD,health,,data_analysis,,,,this_month,,,health,,,,,
In which month did I spend the most on education,,,USD,,,data_analysis,,,,this_year,,,,,,,course,
Trend of my tutoring and teaching income last 3 months,,,USD,other_income,,data_analysis,,,,last_3_months,,,other_income,,,,,
Analyze my certification expenses from 2026-01-01 to 2026-06-30,,,USD,,,data_analysis,,,,custom,2026-01-01,2026-06-30,,,,,certification,
Compare education vs health spending this year,,,USD,,,data_analysis,,,,this_year,,,other|health,,,,,
Recomiendame el mejor bootcamp de programacion,,,USD,,,none,,,,,,,,,,,,"No puedo recomendar bootcamps. Soy MIRA, tu asistente de finanzas personales."
Cuales son las mejores certificaciones de IT,,,USD,,,none,,,,,,,,,,,,Eso esta fuera de mi dominio. Puedo ayudarte a registrar gastos de certificacion.
Dame un plan de entrenamiento para un maraton,,,USD,,,none,,,,,,,,,,,,"No puedo disenar planes de entrenamiento. Soy MIRA, asistente de finanzas personales."
Cuales son los mejores cursos de finanzas gratis,,,USD,,,none,,,,,,,,,,,,No puedo recomendar cursos. Puedo ayudarte a registrar tus gastos de educacion.
Recommend me the best programming bootcamp,,,USD,,,none,,,,,,,,,,,,"I cannot recommend bootcamps. I am MIRA, your personal finance assistant."
What are the best IT certifications to get,,,USD,,,none,,,,,,,,,,,,That is outside my domain. I can help you record your certification expenses.
Give me a marathon training plan,,,USD,,,none,,,,,,,,,,,,"I cannot design training plans. I am MIRA, a personal finance assistant."
What are the best free finance courses online,,,USD,,,none,,,,,,,,,,,,I cannot recommend courses. I can help you record your education expenses.
Pague 3500 de reparacion del techo de la casa desde General,gasto,3500.0,USD,housing,General,add_expense,1.0,3500.0,,,,,,,,,,
Desembolse 1200 en reparacion de tuberias reventadas en Savings,gasto,1200.0,USD,utilities,Savings,add_expense,1.0,1200.0,,,,,,,,,,
Gaste 780 en reparacion de la caldera desde checking,gasto,780.0,USD,utilities,checking,add_expense,1.0,780.0,,,,,,,,,,
Registra un gasto de 2100 por reparacion del auto despues de choque en General,gasto,2100.0,USD,transport,General,add_expense,1.0,2100.0,,,,,,,,,,
Pague 950 de cambio de vidrio del carro roto desde Savings,gasto,950.0,USD,transport,Savings,add_expense,1.0,950.0,,,,,,,,,,
Gaste 6500 MXN en reparacion electrica de emergencia con rate 0.052,gasto,6500.0,USD,utilities,checking,add_expense,0.052,338.0,,,,,,,,,,
Desembolse 1800 en reparacion del sistema de frenos del vehiculo desde General,gasto,1800.0,USD,transport,General,add_expense,1.0,1800.0,,,,,,,,,,
Pague 430 por plomero de emergencia en fin de semana desde Savings,gasto,430.0,USD,utilities,Savings,add_expense,1.0,430.0,,,,,,,,,,
Registra 2900 de reparacion del refrigerador desde checking,gasto,2900.0,USD,other,checking,add_expense,1.0,2900.0,,,,,,,,,,
Gaste 560 en reparacion de puerta forzada por robo desde General,gasto,560.0,USD,housing,General,add_expense,1.0,560.0,,,,,,,,,,
Pague 1500 de reparacion de impermeabilizacion de techo en Savings,gasto,1500.0,USD,housing,Savings,add_expense,1.0,1500.0,,,,,,,,,,
Desembolse 3200 en reparacion mayor de transmision del carro desde checking,gasto,3200.0,USD,transport,checking,add_expense,1.0,3200.0,,,,,,,,,,
Gaste 880 en reparacion de la lavadora de emergencia desde General,gasto,880.0,USD,other,General,add_expense,1.0,880.0,,,,,,,,,,
Registra 7500 BRL de reparacion de inundacion en casa con rate 0.19,gasto,7500.0,USD,housing,Savings,add_expense,0.19,1425.0,,,,,,,,,,
Pague 2400 de reparacion del sistema de aire acondicionado en General,gasto,2400.0,USD,utilities,General,add_expense,1.0,2400.0,,,,,,,,,,
Gaste 340 en reparacion de cerradura forzada desde checking,gasto,340.0,USD,housing,checking,add_expense,1.0,340.0,,,,,,,,,,
Desembolse 4100 en reparacion del tejado tras tormenta desde Savings,gasto,4100.0,USD,housing,Savings,add_expense,1.0,4100.0,,,,,,,,,,
Pague 1750 de reparacion del motor de la bomba de agua en General,gasto,1750.0,USD,utilities,General,add_expense,1.0,1750.0,,,,,,,,,,
Gaste 650 en plomero urgente por fuga de agua desde checking,gasto,650.0,USD,utilities,checking,add_expense,1.0,650.0,,,,,,,,,,
Registra 2200 de reparacion de camioneta tras accidente menor en Savings,gasto,2200.0,USD,transport,Savings,add_expense,1.0,2200.0,,,,,,,,,,
Pague 8500 de urgencias medicas en el hospital desde General,gasto,8500.0,USD,health,General,add_expense,1.0,8500.0,,,,,,,,,,
Desembolse 3200 en cirugia de emergencia no cubierta por seguro en Savings,gasto,3200.0,USD,health,Savings,add_expense,1.0,3200.0,,,,,,,,,,
Gaste 1200 en medicamentos de urgencia para la familia desde checking,gasto,1200.0,USD,health,checking,add_expense,1.0,1200.0,,,,,,,,,,
Registra un gasto de 4500 por hospitalizacion de emergencia en General,gasto,4500.0,USD,health,General,add_expense,1.0,4500.0,,,,,,,,,,
Pague 650 de consulta medica de urgencias desde Savings,gasto,650.0,USD,health,Savings,add_expense,1.0,650.0,,,,,,,,,,
Desembolse 2800 en radiografias y estudios de emergencia desde checking,gasto,2800.0,USD,health,checking,add_expense,1.0,2800.0,,,,,,,,,,
Gaste 980 en ambulancia de emergencia tras accidente desde General,gasto,980.0,USD,health,General,add_expense,1.0,980.0,,,,,,,,,,
Registra 15000 MXN de hospitalizacion de emergencia con rate 0.052,gasto,15000.0,USD,health,Savings,add_expense,0.052,780.0,,,,,,,,,,
Pague 5600 de operacion de appendicitis de emergencia desde checking,gasto,5600.0,USD,health,checking,add_expense,1.0,5600.0,,,,,,,,,,
Desembolse 1400 en muletas y ortopedia tras fractura desde General,gasto,1400.0,USD,health,General,add_expense,1.0,1400.0,,,,,,,,,,
Gaste 3300 en terapia fisica tras accidente de auto en Savings,gasto,3300.0,USD,health,Savings,add_expense,1.0,3300.0,,,,,,,,,,
Registra 760 de vacuna de emergencia antirabica desde checking,gasto,760.0,USD,health,checking,add_expense,1.0,760.0,,,,,,,,,,
Pague 2100 de visita a urgencias pediatricas desde General,gasto,2100.0,USD,health,General,add_expense,1.0,2100.0,,,,,,,,,,
Desembolse 890 en sutura de herida de emergencia en Savings,gasto,890.0,USD,health,Savings,add_expense,1.0,890.0,,,,,,,,,,
Gaste 4200 en internamiento de emergencia por accidente laboral desde checking,gasto,4200.0,USD,health,checking,add_expense,1.0,4200.0,,,,,,,,,,
Pague 12000 de gastos funerarios de familiar desde General,gasto,12000.0,USD,other,General,add_expense,1.0,12000.0,,,,,,,,,,
Desembolse 4500 en ataud y servicio funerario desde Savings,gasto,4500.0,USD,other,Savings,add_expense,1.0,4500.0,,,,,,,,,,
Gaste 2200 en flores y arreglos funebres desde checking,gasto,2200.0,USD,other,checking,add_expense,1.0,2200.0,,,,,,,,,,
Registra 8500 de cremacion y urna funeraria en General,gasto,8500.0,USD,other,General,add_expense,1.0,8500.0,,,,,,,,,,
Pague 1800 de gastos de viaje de emergencia por fallecimiento familiar en Savings,gasto,1800.0,USD,transport,Savings,add_expense,1.0,1800.0,,,,,,,,,,
Desembolse 3600 en tramites legales y notariales por fallecimiento desde checking,gasto,3600.0,USD,other,checking,add_expense,1.0,3600.0,,,,,,,,,,
Gaste 950 en coronas y adornos funebres desde General,gasto,950.0,USD,other,General,add_expense,1.0,950.0,,,,,,,,,,
Registra 5200 GBP de repatriacion de restos con rate 1.27,gasto,5200.0,USD,other,Savings,add_expense,1.27,6604.0,,,,,,,,,,
Pague 2900 de misa y servicios religiosos por fallecimiento en checking,gasto,2900.0,USD,other,checking,add_expense,1.0,2900.0,,,,,,,,,,
Gaste 780 en ropa de luto urgente desde General,gasto,780.0,USD,other,General,add_expense,1.0,780.0,,,,,,,,,,
Registra 3400 de celular robado que tuve que reemplazar desde Savings,gasto,3400.0,USD,other,Savings,add_expense,1.0,3400.0,,,,,,,,,,
Pague 1500 de denuncia y gestiones por robo de cartera desde checking,gasto,1500.0,USD,other,checking,add_expense,1.0,1500.0,,,,,,,,,,
Desembolse 6800 en laptop nueva tras robo de la anterior en General,gasto,6800.0,USD,other,General,add_expense,1.0,6800.0,,,,,,,,,,
Gaste 2700 en tramites de seguro tras accidente de auto desde Savings,gasto,2700.0,USD,transport,Savings,add_expense,1.0,2700.0,,,,,,,,,,
Registra 1100 de daños a terceros en accidente menor desde checking,gasto,1100.0,USD,transport,checking,add_expense,1.0,1100.0,,,,,,,,,,
Paid 3500 for emergency roof repair from General,gasto,3500.0,USD,housing,General,add_expense,1.0,3500.0,,,,,,,,,,
Spent 1200 on burst pipe repair from Savings,gasto,1200.0,USD,utilities,Savings,add_expense,1.0,1200.0,,,,,,,,,,
Register 780 boiler emergency repair expense from checking,gasto,780.0,USD,utilities,checking,add_expense,1.0,780.0,,,,,,,,,,
Paid 2100 for car repair after collision from General,gasto,2100.0,USD,transport,General,add_expense,1.0,2100.0,,,,,,,,,,
Add 950 broken car window replacement expense from Savings,gasto,950.0,USD,transport,Savings,add_expense,1.0,950.0,,,,,,,,,,
Paid 6500 MXN emergency electrical repair with rate 0.052,gasto,6500.0,USD,utilities,checking,add_expense,0.052,338.0,,,,,,,,,,
Spent 1800 on brake system repair from General,gasto,1800.0,USD,transport,General,add_expense,1.0,1800.0,,,,,,,,,,
Register 430 weekend emergency plumber expense from Savings,gasto,430.0,USD,utilities,Savings,add_expense,1.0,430.0,,,,,,,,,,
Paid 2900 for fridge repair from checking,gasto,2900.0,USD,other,checking,add_expense,1.0,2900.0,,,,,,,,,,
Add 560 break-in door repair expense from General,gasto,560.0,USD,housing,General,add_expense,1.0,560.0,,,,,,,,,,
Paid 1500 roof waterproofing repair from Savings,gasto,1500.0,USD,housing,Savings,add_expense,1.0,1500.0,,,,,,,,,,
Spent 3200 on major car transmission repair from checking,gasto,3200.0,USD,transport,checking,add_expense,1.0,3200.0,,,,,,,,,,
Register 880 emergency washing machine repair from General,gasto,880.0,USD,other,General,add_expense,1.0,880.0,,,,,,,,,,
Paid 7500 BRL flood damage repair with rate 0.19,gasto,7500.0,USD,housing,Savings,add_expense,0.19,1425.0,,,,,,,,,,
Add 2400 air conditioning system repair from General,gasto,2400.0,USD,utilities,General,add_expense,1.0,2400.0,,,,,,,,,,
Paid 340 forced lock replacement from checking,gasto,340.0,USD,housing,checking,add_expense,1.0,340.0,,,,,,,,,,
Spent 4100 on roof repair after storm from Savings,gasto,4100.0,USD,housing,Savings,add_expense,1.0,4100.0,,,,,,,,,,
Register 1750 water pump motor repair from General,gasto,1750.0,USD,utilities,General,add_expense,1.0,1750.0,,,,,,,,,,
Paid 650 urgent plumber for water leak from checking,gasto,650.0,USD,utilities,checking,add_expense,1.0,650.0,,,,,,,,,,
Add 2200 truck repair after minor accident from Savings,gasto,2200.0,USD,transport,Savings,add_expense,1.0,2200.0,,,,,,,,,,
Paid 8500 for hospital ER visit from General,gasto,8500.0,USD,health,General,add_expense,1.0,8500.0,,,,,,,,,,
Spent 3200 on emergency surgery not covered by insurance from Savings,gasto,3200.0,USD,health,Savings,add_expense,1.0,3200.0,,,,,,,,,,
Register 1200 urgent family medication expense from checking,gasto,1200.0,USD,health,checking,add_expense,1.0,1200.0,,,,,,,,,,
Add 4500 emergency hospitalization expense from General,gasto,4500.0,USD,health,General,add_expense,1.0,4500.0,,,,,,,,,,
Paid 650 emergency medical consultation from Savings,gasto,650.0,USD,health,Savings,add_expense,1.0,650.0,,,,,,,,,,
Spent 2800 on emergency X-rays and lab tests from checking,gasto,2800.0,USD,health,checking,add_expense,1.0,2800.0,,,,,,,,,,
Register 980 emergency ambulance after accident from General,gasto,980.0,USD,health,General,add_expense,1.0,980.0,,,,,,,,,,
Paid 15000 MXN emergency hospitalization with rate 0.052,gasto,15000.0,USD,health,Savings,add_expense,0.052,780.0,,,,,,,,,,
Add 5600 appendix emergency operation from checking,gasto,5600.0,USD,health,checking,add_expense,1.0,5600.0,,,,,,,,,,
Paid 1400 crutches and orthopedic support after fracture from General,gasto,1400.0,USD,health,General,add_expense,1.0,1400.0,,,,,,,,,,
Spent 12000 on family funeral expenses from General,gasto,12000.0,USD,other,General,add_expense,1.0,12000.0,,,,,,,,,,
Register 4500 coffin and funeral service expense from Savings,gasto,4500.0,USD,other,Savings,add_expense,1.0,4500.0,,,,,,,,,,
Paid 2200 for funeral flowers and arrangements from checking,gasto,2200.0,USD,other,checking,add_expense,1.0,2200.0,,,,,,,,,,
Add 8500 cremation and urn expense from General,gasto,8500.0,USD,other,General,add_expense,1.0,8500.0,,,,,,,,,,
Spent 1800 on emergency travel for family bereavement from Savings,gasto,1800.0,USD,transport,Savings,add_expense,1.0,1800.0,,,,,,,,,,
Register 3600 legal and notary fees after family death from checking,gasto,3600.0,USD,other,checking,add_expense,1.0,3600.0,,,,,,,,,,
Paid 2900 memorial mass and religious ceremony from General,gasto,2900.0,USD,other,General,add_expense,1.0,2900.0,,,,,,,,,,
Add 780 urgent mourning clothing expense from Savings,gasto,780.0,USD,other,Savings,add_expense,1.0,780.0,,,,,,,,,,
Spent 5200 GBP remains repatriation with rate 1.27,gasto,5200.0,USD,other,checking,add_expense,1.27,6604.0,,,,,,,,,,
Register 3400 stolen phone replacement expense from General,gasto,3400.0,USD,other,General,add_expense,1.0,3400.0,,,,,,,,,,
Recibi 8000 de indemnizacion del seguro por siniestro de auto en General,ingreso,8000.0,USD,other_income,General,add_income,1.0,8000.0,,,,,,,,,,
Me depositaron 15000 de pago del seguro de vida por fallecimiento en Savings,ingreso,15000.0,USD,other_income,Savings,add_income,1.0,15000.0,,,,,,,,,,
Me cayeron 3500 de reembolso de seguro medico en checking,ingreso,3500.0,USD,other_income,checking,add_income,1.0,3500.0,,,,,,,,,,
Recibi 6200 de indemnizacion por accidente laboral en General,ingreso,6200.0,USD,other_income,General,add_income,1.0,6200.0,,,,,,,,,,
Me entro 2100 de reembolso del seguro por robo de pertenencias en Savings,ingreso,2100.0,USD,other_income,Savings,add_income,1.0,2100.0,,,,,,,,,,
Registra 9500 de pago de seguro de hogar por inundacion en checking,ingreso,9500.0,USD,other_income,checking,add_income,1.0,9500.0,,,,,,,,,,
Me depositaron 4300 de reembolso de gastos medicos de viaje en General,ingreso,4300.0,USD,other_income,General,add_income,1.0,4300.0,,,,,,,,,,
Recibi 12000 de liquidacion de seguro de vida de familiar en Savings,ingreso,12000.0,USD,other_income,Savings,add_income,1.0,12000.0,,,,,,,,,,
Me cayeron 7500 MXN de indemnizacion por accidente de transito con rate 0.052,ingreso,7500.0,USD,other_income,checking,add_income,0.052,390.0,,,,,,,,,,
Registra 3800 de cobro de garantia por producto defectuoso en General,ingreso,3800.0,USD,other_income,General,add_income,1.0,3800.0,,,,,,,,,,
Received 8000 car insurance claim payout in General,ingreso,8000.0,USD,other_income,General,add_income,1.0,8000.0,,,,,,,,,,
Got 15000 life insurance death benefit deposited in Savings,ingreso,15000.0,USD,other_income,Savings,add_income,1.0,15000.0,,,,,,,,,,
Add 3500 health insurance reimbursement to checking,ingreso,3500.0,USD,other_income,checking,add_income,1.0,3500.0,,,,,,,,,,
Received 6200 workplace accident compensation in General,ingreso,6200.0,USD,other_income,General,add_income,1.0,6200.0,,,,,,,,,,
Got 2100 theft insurance reimbursement in Savings,ingreso,2100.0,USD,other_income,Savings,add_income,1.0,2100.0,,,,,,,,,,
Register 9500 home insurance flood payout to checking,ingreso,9500.0,USD,other_income,checking,add_income,1.0,9500.0,,,,,,,,,,
Add 4300 travel medical expense reimbursement to General,ingreso,4300.0,USD,other_income,General,add_income,1.0,4300.0,,,,,,,,,,
Received 12000 family life insurance settlement in Savings,ingreso,12000.0,USD,other_income,Savings,add_income,1.0,12000.0,,,,,,,,,,
Got 7500 MXN traffic accident compensation with rate 0.052,ingreso,7500.0,USD,other_income,checking,add_income,0.052,390.0,,,,,,,,,,
Register 3800 product warranty refund to General,ingreso,3800.0,USD,other_income,General,add_income,1.0,3800.0,,,,,,,,,,
Ver mis gastos de salud de emergencia este mes,,,USD,health,,report,,,expenses,this_month,,,health,,,,,
Cuanto gaste en reparaciones de la casa este ano,,,USD,housing,,report,,,expenses,this_year,,,,,,,reparacion,
Gastos de urgencias medicas del mes pasado en General,,,USD,,General,report,,,expenses,last_month,,,health,General,,,,
Ver todos los gastos de emergencia de los ultimos 3 meses mayores a 1000,,,USD,health,,report,,,expenses,last_3_months,,,health,,1000.0,,,
Gastos por siniestros e imprevistos del 2026-01-01 al 2026-06-30,,,USD,,,report,,,expenses,custom,2026-01-01,2026-06-30,,,,,emergencia,
Ingresos de seguros y reembolsos de este ano,,,USD,other_income,,report,,,incomes,this_year,,,other_income,,,,,
Resumen de gastos en salud y reparaciones este ano,,,USD,,,report,,,summary,this_year,,,health|housing|utilities,,,,,
Balance de Savings tras gastos de emergencia este mes,,,USD,,Savings,report,,,balance,this_month,,,,Savings,,,,
Show my emergency health expenses this month,,,USD,health,,report,,,expenses,this_month,,,health,,,,,
How much did I spend on home repairs this year,,,USD,housing,,report,,,expenses,this_year,,,,,,,repair,
Emergency medical expenses last month in General,,,USD,,General,report,,,expenses,last_month,,,health,General,,,,
Show all emergency expenses over 1000 last 3 months,,,USD,health,,report,,,expenses,last_3_months,,,health,,1000.0,,,
Unexpected expenses from 2026-01-01 to 2026-06-30,,,USD,,,report,,,expenses,custom,2026-01-01,2026-06-30,,,,,emergency,
Insurance and reimbursement income this year,,,USD,other_income,,report,,,incomes,this_year,,,other_income,,,,,
Summary of health and repair expenses this year,,,USD,,,report,,,summary,this_year,,,health|housing|utilities,,,,,
Savings balance after emergency expenses this month,,,USD,,Savings,report,,,balance,this_month,,,,Savings,,,,
Cuanto gaste en emergencias medicas este ano,,,USD,health,,data_analysis,,,,this_year,,,health,,,,,
Analiza mis gastos de reparaciones y siniestros del mes pasado,,,USD,,,data_analysis,,,,last_month,,,housing|utilities|transport,,,,,
Cual fue mi mayor gasto imprevisto este mes,,,USD,,,data_analysis,,,,this_month,,,,,,,emergencia,
Tendencia de gastos de salud de emergencia de los ultimos 3 meses,,,USD,health,,data_analysis,,,,last_3_months,,,health,,,,,
Analiza mis gastos inesperados del 2026-01-01 al 2026-06-30,,,USD,,,data_analysis,,,,custom,2026-01-01,2026-06-30,health|housing|other,,,,,
Comparacion entre ingresos de seguro y gastos de siniestro este ano,,,USD,,,data_analysis,,,,this_year,,,,,,,,
How much did I spend on medical emergencies this year,,,USD,health,,data_analysis,,,,this_year,,,health,,,,,
Analyze my repair and accident expenses last month,,,USD,,,data_analysis,,,,last_month,,,housing|utilities|transport,,,,,
What was my biggest unexpected expense this month,,,USD,,,data_analysis,,,,this_month,,,,,,,emergency,
Trend of emergency health expenses last 3 months,,,USD,health,,data_analysis,,,,last_3_months,,,health,,,,,
Analyze my unexpected expenses from 2026-01-01 to 2026-06-30,,,USD,,,data_analysis,,,,custom,2026-01-01,2026-06-30,health|housing|other,,,,,
Compare insurance income vs emergency spending this year,,,USD,,,data_analysis,,,,this_year,,,,,,,,
Que hago si tengo un accidente de carro,,,USD,,,none,,,,,,,,,,,,"No puedo darte asesoría legal o de emergencias. Soy MIRA, tu asistente de finanzas personales."
Como tramito mi seguro de vida,,,USD,,,none,,,,,,,,,,,,No puedo orientarte en tramites de seguros. Puedo ayudarte a registrar ingresos por cobro de seguro.
Dame el numero de emergencias,,,USD,,,none,,,,,,,,,,,,"No tengo acceso a servicios de emergencia. Soy MIRA, asistente de finanzas personales."
Como organizo un funeral,,,USD,,,none,,,,,,,,,,,,Organizar funerales esta fuera de mi dominio. Puedo ayudarte a registrar los gastos funerarios en tus finanzas.
What should I do if I have a car accident,,,USD,,,none,,,,,,,,,,,,"I cannot provide legal or emergency advice. I am MIRA, your personal finance assistant."
How do I file a life insurance claim,,,USD,,,none,,,,,,,,,,,,I cannot guide you through insurance claims. I can help you record insurance payouts as income.
Give me the emergency services number,,,USD,,,none,,,,,,,,,,,,"I do not have access to emergency services. I am MIRA, a personal finance assistant."
How do I plan a funeral,,,USD,,,none,,,,,,,,,,,,Planning funerals is outside my domain. I can help you record funeral expenses in your finances.
Pague 850 de diezmo a la iglesia desde General,gasto,850.0,USD,other,General,add_expense,1.0,850.0,,,,,,,,,,
Desembolse 1200 en diezmo de este mes desde Savings,gasto,1200.0,USD,other,Savings,add_expense,1.0,1200.0,,,,,,,,,,
Registra un gasto de 600 de diezmo desde checking,gasto,600.0,USD,other,checking,add_expense,1.0,600.0,,,,,,,,,,
Gaste 500 MXN de diezmo con rate 0.052,gasto,500.0,USD,other,General,add_expense,0.052,26.0,,,,,,,,,,
Pague 750 de diezmo y ofrenda a la congregacion desde Savings,gasto,750.0,USD,other,Savings,add_expense,1.0,750.0,,,,,,,,,,
Registra 200 de ofrenda especial para la parroquia desde General,gasto,200.0,USD,other,General,add_expense,1.0,200.0,,,,,,,,,,
Gaste 150 en limosna dominical desde checking,gasto,150.0,USD,other,checking,add_expense,1.0,150.0,,,,,,,,,,
Pague 350 de ofrenda misionera desde Savings,gasto,350.0,USD,other,Savings,add_expense,1.0,350.0,,,,,,,,,,
Desembolse 100 en cesta de la iglesia esta semana desde General,gasto,100.0,USD,other,General,add_expense,1.0,100.0,,,,,,,,,,
Pague 500 de donacion mensual a Cruz Roja desde Savings,gasto,500.0,USD,other,Savings,add_expense,1.0,500.0,,,,,,,,,,
Registra 1000 de donacion anual a UNICEF desde checking,gasto,1000.0,USD,other,checking,add_expense,1.0,1000.0,,,,,,,,,,
Gaste 300 en donacion a banco de alimentos desde General,gasto,300.0,USD,other,General,add_expense,1.0,300.0,,,,,,,,,,
Pague 800 de donacion a fundacion de ninos desde Savings,gasto,800.0,USD,other,Savings,add_expense,1.0,800.0,,,,,,,,,,
Desembolse 250 en donacion a refugio de animales desde checking,gasto,250.0,USD,other,checking,add_expense,1.0,250.0,,,,,,,,,,
Registra 450 de aportacion a comedor comunitario en General,gasto,450.0,USD,other,General,add_expense,1.0,450.0,,,,,,,,,,
Pague 2000 BRL de donacion a orfanato con rate 0.19,gasto,2000.0,USD,other,Savings,add_expense,0.19,380.0,,,,,,,,,,
Gaste 600 en donacion para damnificados de inundacion desde checking,gasto,600.0,USD,other,checking,add_expense,1.0,600.0,,,,,,,,,,
Pague 1500 de donacion a campana de recaudacion escolar desde General,gasto,1500.0,USD,other,General,add_expense,1.0,1500.0,,,,,,,,,,
Registra 350 de donacion a asociacion de adultos mayores en Savings,gasto,350.0,USD,other,Savings,add_expense,1.0,350.0,,,,,,,,,,
Gaste 700 en aportacion a fondo de becas estudiantiles desde checking,gasto,700.0,USD,other,checking,add_expense,1.0,700.0,,,,,,,,,,
Pague 480 de materiales para voluntariado comunitario desde General,gasto,480.0,USD,other,General,add_expense,1.0,480.0,,,,,,,,,,
Registra 220 de transporte para jornada de beneficencia en Savings,gasto,220.0,USD,transport,Savings,add_expense,1.0,220.0,,,,,,,,,,
Desembolse 900 en canastas de despensa para familias necesitadas desde checking,gasto,900.0,USD,food,checking,add_expense,1.0,900.0,,,,,,,,,,
Gaste 1200 en juguetes donados en campana navidena desde General,gasto,1200.0,USD,other,General,add_expense,1.0,1200.0,,,,,,,,,,
Pague 550 de ropa y zapatos donados a albergue desde Savings,gasto,550.0,USD,other,Savings,add_expense,1.0,550.0,,,,,,,,,,
Registra 300 de donacion de utiles escolares para ninos de bajos recursos en checking,gasto,300.0,USD,other,checking,add_expense,1.0,300.0,,,,,,,,,,
Gaste 400 en medicina donada a clinica comunitaria desde General,gasto,400.0,USD,health,General,add_expense,1.0,400.0,,,,,,,,,,
Pague 5000 MXN de donacion a fondo de desastres naturales con rate 0.052,gasto,5000.0,USD,other,Savings,add_expense,0.052,260.0,,,,,,,,,,
Desembolse 1800 en aportacion anual a ONG ambiental desde checking,gasto,1800.0,USD,other,checking,add_expense,1.0,1800.0,,,,,,,,,,
Registra 650 de donacion para campaña de salud mental desde General,gasto,650.0,USD,other,General,add_expense,1.0,650.0,,,,,,,,,,
Gaste 1100 en aportacion a campana antidrogas para jovenes en Savings,gasto,1100.0,USD,other,Savings,add_expense,1.0,1100.0,,,,,,,,,,
Pague 2500 GBP de donacion internacional a organizacion humanitaria con rate 1.27,gasto,2500.0,USD,other,checking,add_expense,1.27,3175.0,,,,,,,,,,
Registra 400 de donacion a colecta parroquial de navidad desde General,gasto,400.0,USD,other,General,add_expense,1.0,400.0,,,,,,,,,,
Gaste 750 en aportacion a fondo de misioneros desde Savings,gasto,750.0,USD,other,Savings,add_expense,1.0,750.0,,,,,,,,,,
Desembolse 300 en donacion mensual a hospital pediatrico desde checking,gasto,300.0,USD,health,checking,add_expense,1.0,300.0,,,,,,,,,,
Paid 850 monthly tithe to church from General,gasto,850.0,USD,other,General,add_expense,1.0,850.0,,,,,,,,,,
Register 1200 church tithe expense from Savings,gasto,1200.0,USD,other,Savings,add_expense,1.0,1200.0,,,,,,,,,,
Paid 600 biweekly tithe from checking,gasto,600.0,USD,other,checking,add_expense,1.0,600.0,,,,,,,,,,
Add 500 MXN church tithe with rate 0.052,gasto,500.0,USD,other,General,add_expense,0.052,26.0,,,,,,,,,,
Paid 750 tithe and offering to congregation from Savings,gasto,750.0,USD,other,Savings,add_expense,1.0,750.0,,,,,,,,,,
Register 200 special parish offering from General,gasto,200.0,USD,other,General,add_expense,1.0,200.0,,,,,,,,,,
Paid 150 Sunday alms from checking,gasto,150.0,USD,other,checking,add_expense,1.0,150.0,,,,,,,,,,
Register 350 missionary offering from Savings,gasto,350.0,USD,other,Savings,add_expense,1.0,350.0,,,,,,,,,,
Add 100 church basket donation this week from General,gasto,100.0,USD,other,General,add_expense,1.0,100.0,,,,,,,,,,
Paid 500 monthly Red Cross donation from Savings,gasto,500.0,USD,other,Savings,add_expense,1.0,500.0,,,,,,,,,,
Register 1000 annual UNICEF donation from checking,gasto,1000.0,USD,other,checking,add_expense,1.0,1000.0,,,,,,,,,,
Paid 300 food bank donation from General,gasto,300.0,USD,other,General,add_expense,1.0,300.0,,,,,,,,,,
Register 800 children foundation donation from Savings,gasto,800.0,USD,other,Savings,add_expense,1.0,800.0,,,,,,,,,,
Paid 250 animal shelter donation from checking,gasto,250.0,USD,other,checking,add_expense,1.0,250.0,,,,,,,,,,
Add 450 community soup kitchen contribution from General,gasto,450.0,USD,other,General,add_expense,1.0,450.0,,,,,,,,,,
Paid 2000 BRL orphanage donation with rate 0.19,gasto,2000.0,USD,other,Savings,add_expense,0.19,380.0,,,,,,,,,,
Register 600 flood disaster relief donation from checking,gasto,600.0,USD,other,checking,add_expense,1.0,600.0,,,,,,,,,,
Paid 1500 school fundraiser donation from General,gasto,1500.0,USD,other,General,add_expense,1.0,1500.0,,,,,,,,,,
Register 350 senior citizens association donation from Savings,gasto,350.0,USD,other,Savings,add_expense,1.0,350.0,,,,,,,,,,
Add 700 student scholarship fund contribution from checking,gasto,700.0,USD,other,checking,add_expense,1.0,700.0,,,,,,,,,,
Paid 480 volunteer community project materials from General,gasto,480.0,USD,other,General,add_expense,1.0,480.0,,,,,,,,,,
Register 220 transport for charity day from Savings,gasto,220.0,USD,transport,Savings,add_expense,1.0,220.0,,,,,,,,,,
Paid 900 food baskets for families in need from checking,gasto,900.0,USD,food,checking,add_expense,1.0,900.0,,,,,,,,,,
Register 1200 toy donations for Christmas charity from General,gasto,1200.0,USD,other,General,add_expense,1.0,1200.0,,,,,,,,,,
Paid 550 clothing and shoes donated to shelter from Savings,gasto,550.0,USD,other,Savings,add_expense,1.0,550.0,,,,,,,,,,
Add 300 school supplies donation for low-income kids from checking,gasto,300.0,USD,other,checking,add_expense,1.0,300.0,,,,,,,,,,
Paid 400 donated medicines to community clinic from General,gasto,400.0,USD,health,General,add_expense,1.0,400.0,,,,,,,,,,
Paid 5000 MXN natural disaster relief fund with rate 0.052,gasto,5000.0,USD,other,Savings,add_expense,0.052,260.0,,,,,,,,,,
Register 1800 annual environmental NGO contribution from checking,gasto,1800.0,USD,other,checking,add_expense,1.0,1800.0,,,,,,,,,,
Add 650 mental health campaign donation from General,gasto,650.0,USD,other,General,add_expense,1.0,650.0,,,,,,,,,,
Register 1100 youth anti-drug campaign donation from Savings,gasto,1100.0,USD,other,Savings,add_expense,1.0,1100.0,,,,,,,,,,
Paid 2500 GBP international humanitarian organization donation with rate 1.27,gasto,2500.0,USD,other,checking,add_expense,1.27,3175.0,,,,,,,,,,
Add 400 parish Christmas collection from General,gasto,400.0,USD,other,General,add_expense,1.0,400.0,,,,,,,,,,
Register 750 missionary fund contribution from Savings,gasto,750.0,USD,other,Savings,add_expense,1.0,750.0,,,,,,,,,,
Paid 300 monthly pediatric hospital donation from checking,gasto,300.0,USD,health,checking,add_expense,1.0,300.0,,,,,,,,,,
Recibi 3500 de donacion anonima en mi cuenta General,ingreso,3500.0,USD,other_income,General,add_income,1.0,3500.0,,,,,,,,,,
Me cayeron 1200 de colecta solidaria a favor de mi causa en Savings,ingreso,1200.0,USD,other_income,Savings,add_income,1.0,1200.0,,,,,,,,,,
Registra 5000 de donacion institucional recibida en checking,ingreso,5000.0,USD,other_income,checking,add_income,1.0,5000.0,,,,,,,,,,
Me entro 800 de aportacion de vecinos para reparacion comunitaria en General,ingreso,800.0,USD,other_income,General,add_income,1.0,800.0,,,,,,,,,,
Recibi 2000 MXN de donacion para proyecto social con rate 0.052,ingreso,2000.0,USD,other_income,Savings,add_income,0.052,104.0,,,,,,,,,,
Me cayeron 4500 de herencia donada a obra de caridad en General,ingreso,4500.0,USD,other_income,General,add_income,1.0,4500.0,,,,,,,,,,
Registra 1500 de donacion de empresa para iniciativa comunitaria en checking,ingreso,1500.0,USD,other_income,checking,add_income,1.0,1500.0,,,,,,,,,,
Me entro 600 de rifas y eventos de beneficencia en Savings,ingreso,600.0,USD,other_income,Savings,add_income,1.0,600.0,,,,,,,,,,
Received 3500 anonymous donation in General,ingreso,3500.0,USD,other_income,General,add_income,1.0,3500.0,,,,,,,,,,
Got 1200 solidarity collection for my cause in Savings,ingreso,1200.0,USD,other_income,Savings,add_income,1.0,1200.0,,,,,,,,,,
Register 5000 institutional grant received in checking,ingreso,5000.0,USD,other_income,checking,add_income,1.0,5000.0,,,,,,,,,,
Got 800 neighborhood contribution for community repair in General,ingreso,800.0,USD,other_income,General,add_income,1.0,800.0,,,,,,,,,,
Received 2000 MXN donation for social project with rate 0.052,ingreso,2000.0,USD,other_income,Savings,add_income,0.052,104.0,,,,,,,,,,
Got 4500 inherited estate donated to charity in General,ingreso,4500.0,USD,other_income,General,add_income,1.0,4500.0,,,,,,,,,,
Register 1500 corporate donation for community initiative in checking,ingreso,1500.0,USD,other_income,checking,add_income,1.0,1500.0,,,,,,,,,,
Got 600 charity raffle and fundraiser proceeds in Savings,ingreso,600.0,USD,other_income,Savings,add_income,1.0,600.0,,,,,,,,,,
Ver mis gastos de donaciones de este ano,,,USD,other,,report,,,expenses,this_year,,,,,,,donacion,
Cuanto di de diezmo este mes,,,USD,other,,report,,,expenses,this_month,,,,,,,diezmo,
Gastos de caridad y beneficencia del mes pasado,,,USD,,,report,,,expenses,last_month,,,other,,,,,
Resumen de mis donaciones de los ultimos 3 meses en General,,,USD,,General,report,,,expenses,last_3_months,,,other,General,,,,
Ver donaciones y ofrendas del 2026-01-01 al 2026-06-30,,,USD,,,report,,,expenses,custom,2026-01-01,2026-06-30,,,,,ofrenda,
Gastos en voluntariado y beneficencia de este ano mayores a 200,,,USD,other,,report,,,expenses,this_year,,,other,,200.0,,,
Balance de Savings considerando gastos de caridad este mes,,,USD,,Savings,report,,,balance,this_month,,,,Savings,,,,
Resumen de ingresos por donaciones recibidas este ano,,,USD,other_income,,report,,,incomes,this_year,,,other_income,,,,,
Show my donation expenses this year,,,USD,other,,report,,,expenses,this_year,,,,,,,donation,
How much did I pay in tithes this month,,,USD,other,,report,,,expenses,this_month,,,,,,,tithe,
Charity and philanthropy expenses last month,,,USD,,,report,,,expenses,last_month,,,other,,,,,
Summary of my donations last 3 months in General,,,USD,,General,report,,,expenses,last_3_months,,,other,General,,,,
Show donations and offerings from 2026-01-01 to 2026-06-30,,,USD,,,report,,,expenses,custom,2026-01-01,2026-06-30,,,,,offering,
Charity and volunteer expenses over 200 this year,,,USD,other,,report,,,expenses,this_year,,,other,,200.0,,,
Savings balance considering charity expenses this month,,,USD,,Savings,report,,,balance,this_month,,,,Savings,,,,
Summary of donation income received this year,,,USD,other_income,,report,,,incomes,this_year,,,other_income,,,,,
Cuanto he donado en total este ano,,,USD,,,data_analysis,,,,this_year,,,,,,,donacion,
Analiza mis gastos de diezmo y ofrenda del mes pasado,,,USD,,,data_analysis,,,,last_month,,,,,,,diezmo,
Cual fue mi mayor donacion este mes,,,USD,,,data_analysis,,,,this_month,,,other,,,,,
Tendencia de gastos de caridad de los ultimos 3 meses,,,USD,,,data_analysis,,,,last_3_months,,,other,,,,,
Analiza mis aportaciones a causas sociales del 2026-01-01 al 2026-06-30,,,USD,,,data_analysis,,,,custom,2026-01-01,2026-06-30,,,,,donacion,
Comparacion entre diezmo y otros gastos de este mes,,,USD,,,data_analysis,,,,this_month,,,,,,,,
How much have I donated in total this year,,,USD,,,data_analysis,,,,this_year,,,,,,,donation,
Analyze my tithe and offering expenses last month,,,USD,,,data_analysis,,,,last_month,,,,,,,tithe,
What was my largest donation this month,,,USD,,,data_analysis,,,,this_month,,,other,,,,,
Trend of charity expenses last 3 months,,,USD,,,data_analysis,,,,last_3_months,,,other,,,,,
Analyze my social cause contributions from 2026-01-01 to 2026-06-30,,,USD,,,data_analysis,,,,custom,2026-01-01,2026-06-30,,,,,donation,
Compare tithe vs other expenses this month,,,USD,,,data_analysis,,,,this_month,,,,,,,,
Dame consejos para elegir una buena organizacion de caridad,,,USD,,,none,,,,,,,,,,,,"No puedo darte asesoría sobre organizaciones. Soy MIRA, tu asistente de finanzas personales. Puedo ayudarte a registrar tus donaciones."
Es obligatorio pagar diezmo en la iglesia,,,USD,,,none,,,,,,,,,,,,No puedo darte orientación religiosa. Puedo ayudarte a registrar tu diezmo como gasto en tus finanzas.
Como se descuenta una donacion de los impuestos,,,USD,,,none,,,,,,,,,,,,"No puedo darte asesoría fiscal. Soy MIRA, asistente de finanzas personales. Consulta a un contador."
Donde puedo donar ropa usada,,,USD,,,none,,,,,,,,,,,,Esa informacion está fuera de mi dominio. Puedo ayudarte a registrar el gasto de donacion de ropa en tus finanzas.
Give me advice on choosing a good charity organization,,,USD,,,none,,,,,,,,,,,,"I cannot advise on charity organizations. I am MIRA, your personal finance assistant. I can help you record your donations."
Is it mandatory to pay church tithe,,,USD,,,none,,,,,,,,,,,,I cannot provide religious guidance. I can help you record your tithe as an expense in your finances.
How do I deduct a donation from my taxes,,,USD,,,none,,,,,,,,,,,,"I cannot provide tax advice. I am MIRA, a personal finance assistant. Please consult an accountant."
Where can I donate used clothing,,,USD,,,none,,,,,,,,,,,,That information is outside my domain. I can help you record clothing donation expenses in your finances.
Pague 3200 de vuelo redondo a Cancun desde Savings,gasto,3200.0,USD,transport,Savings,add_expense,1.0,3200.0,,,,,,,,,,
Desembolse 1800 en boletos de avion a Ciudad de Mexico desde checking,gasto,1800.0,USD,transport,checking,add_expense,1.0,1800.0,,,,,,,,,,
Registra un gasto de 950 por traslado al aeropuerto en General,gasto,950.0,USD,transport,General,add_expense,1.0,950.0,,,,,,,,,,
Pague 4500 MXN de tour en autobus por la Riviera Maya con rate 0.052,gasto,4500.0,USD,entertainment,Savings,add_expense,0.052,234.0,,,,,,,,,,
Gaste 2200 en renta de auto por una semana de vacaciones desde checking,gasto,2200.0,USD,transport,checking,add_expense,1.0,2200.0,,,,,,,,,,
Registra 1500 de taxi y transporte local durante viaje a Oaxaca en General,gasto,1500.0,USD,transport,General,add_expense,1.0,1500.0,,,,,,,,,,
Pague 6800 de crucero por el Caribe desde Savings,gasto,6800.0,USD,entertainment,Savings,add_expense,1.0,6800.0,,,,,,,,,,
Desembolse 2800 BRL de paquete de viaje a Rio de Janeiro con rate 0.19,gasto,2800.0,USD,entertainment,checking,add_expense,0.19,532.0,,,,,,,,,,
Pague 5500 de hotel en Acapulco por 4 noches desde Savings,gasto,5500.0,USD,housing,Savings,add_expense,1.0,5500.0,,,,,,,,,,
Registra 1800 de Airbnb en Guadalajara durante viaje de ocio en checking,gasto,1800.0,USD,housing,checking,add_expense,1.0,1800.0,,,,,,,,,,
Gaste 3200 en resort todo incluido en Los Cabos desde General,gasto,3200.0,USD,housing,General,add_expense,1.0,3200.0,,,,,,,,,,
Pague 900 de hostal economico durante mochilero en Europa en Savings,gasto,900.0,USD,housing,Savings,add_expense,1.0,900.0,,,,,,,,,,
Desembolse 7500 MXN en bungalow en Tulum con rate 0.052,gasto,7500.0,USD,housing,checking,add_expense,0.052,390.0,,,,,,,,,,
Registra 4200 de hotel boutique en San Cristobal de las Casas en General,gasto,4200.0,USD,housing,General,add_expense,1.0,4200.0,,,,,,,,,,
Gaste 850 en cenas y restaurantes durante vacaciones desde checking,gasto,850.0,USD,food,checking,add_expense,1.0,850.0,,,,,,,,,,
Pague 1200 de tour gastronomico en Puebla desde General,gasto,1200.0,USD,food,General,add_expense,1.0,1200.0,,,,,,,,,,
Registra 650 de comida en mercado y antojitos durante viaje a Merida en Savings,gasto,650.0,USD,food,Savings,add_expense,1.0,650.0,,,,,,,,,,
Desembolse 500 en desayunos y almuerzos durante recorrido de Oaxaca en checking,gasto,500.0,USD,food,checking,add_expense,1.0,500.0,,,,,,,,,,
Pague 2400 de entrada al parque Xcaret desde Savings,gasto,2400.0,USD,entertainment,Savings,add_expense,1.0,2400.0,,,,,,,,,,
Gaste 1500 en actividades acuaticas durante vacaciones en la playa desde checking,gasto,1500.0,USD,entertainment,checking,add_expense,1.0,1500.0,,,,,,,,,,
Registra 3800 de excursion de buceo en Cozumel en General,gasto,3800.0,USD,entertainment,General,add_expense,1.0,3800.0,,,,,,,,,,
Pague 450 de entrada a museos y ruinas arqueologicas en Savings,gasto,450.0,USD,entertainment,Savings,add_expense,1.0,450.0,,,,,,,,,,
Desembolse 1800 en parapente y actividades de aventura durante viaje a Toluca en checking,gasto,1800.0,USD,entertainment,checking,add_expense,1.0,1800.0,,,,,,,,,,
Gaste 2600 en paquete de ski en Valle Nevado con taquilla en General,gasto,2600.0,USD,entertainment,General,add_expense,1.0,2600.0,,,,,,,,,,
Pague 700 de tour en bicicleta por ciudad historica desde Savings,gasto,700.0,USD,entertainment,Savings,add_expense,1.0,700.0,,,,,,,,,,
Registra 1200 de show y espectaculo durante noche en crucero en checking,gasto,1200.0,USD,entertainment,checking,add_expense,1.0,1200.0,,,,,,,,,,
Gaste 1600 en recuerdos y artesanias durante viaje a Chiapas desde General,gasto,1600.0,USD,other,General,add_expense,1.0,1600.0,,,,,,,,,,
Pague 900 de ropa y accesorios de playa durante vacaciones en Savings,gasto,900.0,USD,other,Savings,add_expense,1.0,900.0,,,,,,,,,,
Registra 2200 de compras en duty free del aeropuerto en checking,gasto,2200.0,USD,other,checking,add_expense,1.0,2200.0,,,,,,,,,,
Pague 650 de seguro de viaje para vacaciones internacionales desde General,gasto,650.0,USD,other,General,add_expense,1.0,650.0,,,,,,,,,,
Gaste 800 en visas y tramites migratorios para viaje a Europa desde Savings,gasto,800.0,USD,other,Savings,add_expense,1.0,800.0,,,,,,,,,,
Registra 1100 GBP de paquete turistico en Londres con rate 1.27,gasto,1100.0,USD,entertainment,checking,add_expense,1.27,1397.0,,,,,,,,,,
Desembolse 5000 COP de tour en Cartagena de Indias con rate 0.00025,gasto,5000.0,USD,entertainment,General,add_expense,0.00025,1.25,,,,,,,,,,
Pague 3500 de viaje de fin de semana largo a playa en Savings,gasto,3500.0,USD,entertainment,Savings,add_expense,1.0,3500.0,,,,,,,,,,
Gaste 1400 en spa y masajes durante vacaciones en resort desde checking,gasto,1400.0,USD,health,checking,add_expense,1.0,1400.0,,,,,,,,,,
Registra 2800 de crucero fluvial por el rio Amazonas en General,gasto,2800.0,USD,entertainment,General,add_expense,1.0,2800.0,,,,,,,,,,
Pague 1900 de tour ecoturistico en selva de Chiapas desde Savings,gasto,1900.0,USD,entertainment,Savings,add_expense,1.0,1900.0,,,,,,,,,,
Desembolse 750 en equipamiento para camping durante vacaciones en checking,gasto,750.0,USD,other,checking,add_expense,1.0,750.0,,,,,,,,,,
Registra 3200 de viaje familiar a parque de diversiones en General,gasto,3200.0,USD,entertainment,General,add_expense,1.0,3200.0,,,,,,,,,,
Paid 3200 for round-trip flight to Cancun from Savings,gasto,3200.0,USD,transport,Savings,add_expense,1.0,3200.0,,,,,,,,,,
Register 1800 airplane tickets to Mexico City from checking,gasto,1800.0,USD,transport,checking,add_expense,1.0,1800.0,,,,,,,,,,
Paid 950 for airport transfer from General,gasto,950.0,USD,transport,General,add_expense,1.0,950.0,,,,,,,,,,
Register 4500 MXN bus tour Riviera Maya with rate 0.052,gasto,4500.0,USD,entertainment,Savings,add_expense,0.052,234.0,,,,,,,,,,
Paid 2200 for one-week car rental during vacation from checking,gasto,2200.0,USD,transport,checking,add_expense,1.0,2200.0,,,,,,,,,,
Register 1500 local taxis and transport during Oaxaca trip from General,gasto,1500.0,USD,transport,General,add_expense,1.0,1500.0,,,,,,,,,,
Paid 6800 Caribbean cruise from Savings,gasto,6800.0,USD,entertainment,Savings,add_expense,1.0,6800.0,,,,,,,,,,
Register 2800 BRL travel package to Rio de Janeiro with rate 0.19,gasto,2800.0,USD,entertainment,checking,add_expense,0.19,532.0,,,,,,,,,,
Paid 5500 for 4-night hotel in Acapulco from Savings,gasto,5500.0,USD,housing,Savings,add_expense,1.0,5500.0,,,,,,,,,,
Register 1800 Airbnb in Guadalajara for leisure trip from checking,gasto,1800.0,USD,housing,checking,add_expense,1.0,1800.0,,,,,,,,,,
Paid 3200 all-inclusive resort in Los Cabos from General,gasto,3200.0,USD,housing,General,add_expense,1.0,3200.0,,,,,,,,,,
Register 900 budget hostel during backpacking in Europe from Savings,gasto,900.0,USD,housing,Savings,add_expense,1.0,900.0,,,,,,,,,,
Paid 7500 MXN beachfront bungalow in Tulum with rate 0.052,gasto,7500.0,USD,housing,checking,add_expense,0.052,390.0,,,,,,,,,,
Register 4200 boutique hotel in San Cristobal de las Casas from General,gasto,4200.0,USD,housing,General,add_expense,1.0,4200.0,,,,,,,,,,
Spent 850 on dinners and restaurants during vacation from checking,gasto,850.0,USD,food,checking,add_expense,1.0,850.0,,,,,,,,,,
Paid 1200 for gastronomy tour in Puebla from General,gasto,1200.0,USD,food,General,add_expense,1.0,1200.0,,,,,,,,,,
Register 650 local food and snacks during Merida trip from Savings,gasto,650.0,USD,food,Savings,add_expense,1.0,650.0,,,,,,,,,,
Paid 500 for breakfasts and lunches during Oaxaca sightseeing from checking,gasto,500.0,USD,food,checking,add_expense,1.0,500.0,,,,,,,,,,
Paid 2400 for Xcaret theme park admission from Savings,gasto,2400.0,USD,entertainment,Savings,add_expense,1.0,2400.0,,,,,,,,,,
Spent 1500 on water activities during beach vacation from checking,gasto,1500.0,USD,entertainment,checking,add_expense,1.0,1500.0,,,,,,,,,,
Register 3800 scuba diving excursion in Cozumel from General,gasto,3800.0,USD,entertainment,General,add_expense,1.0,3800.0,,,,,,,,,,
Paid 450 for museum and archaeological ruins admission from Savings,gasto,450.0,USD,entertainment,Savings,add_expense,1.0,450.0,,,,,,,,,,
Register 1800 paragliding and adventure activities during trip from checking,gasto,1800.0,USD,entertainment,checking,add_expense,1.0,1800.0,,,,,,,,,,
Paid 2600 ski package at a mountain resort from General,gasto,2600.0,USD,entertainment,General,add_expense,1.0,2600.0,,,,,,,,,,
Register 700 guided bicycle tour of historic city from Savings,gasto,700.0,USD,entertainment,Savings,add_expense,1.0,700.0,,,,,,,,,,
Paid 1200 for show and entertainment during cruise night from checking,gasto,1200.0,USD,entertainment,checking,add_expense,1.0,1200.0,,,,,,,,,,
Spent 1600 on souvenirs and crafts during Chiapas trip from General,gasto,1600.0,USD,other,General,add_expense,1.0,1600.0,,,,,,,,,,
Paid 900 for beachwear and accessories during vacation from Savings,gasto,900.0,USD,other,Savings,add_expense,1.0,900.0,,,,,,,,,,
Register 2200 duty-free airport shopping from checking,gasto,2200.0,USD,other,checking,add_expense,1.0,2200.0,,,,,,,,,,
Paid 650 for international travel insurance from General,gasto,650.0,USD,other,General,add_expense,1.0,650.0,,,,,,,,,,
Spent 800 on visas and immigration fees for Europe trip from Savings,gasto,800.0,USD,other,Savings,add_expense,1.0,800.0,,,,,,,,,,
Register 1100 GBP London tourism package with rate 1.27,gasto,1100.0,USD,entertainment,checking,add_expense,1.27,1397.0,,,,,,,,,,
Register 5000 COP Cartagena de Indias tour with rate 0.00025,gasto,5000.0,USD,entertainment,General,add_expense,0.00025,1.25,,,,,,,,,,
Paid 3500 weekend beach getaway from Savings,gasto,3500.0,USD,entertainment,Savings,add_expense,1.0,3500.0,,,,,,,,,,
Spent 1400 on spa and massages during resort vacation from checking,gasto,1400.0,USD,health,checking,add_expense,1.0,1400.0,,,,,,,,,,
Register 2800 Amazon river cruise from General,gasto,2800.0,USD,entertainment,General,add_expense,1.0,2800.0,,,,,,,,,,
Paid 1900 ecotourism jungle tour in Chiapas from Savings,gasto,1900.0,USD,entertainment,Savings,add_expense,1.0,1900.0,,,,,,,,,,
Register 750 camping gear for outdoor vacation from checking,gasto,750.0,USD,other,checking,add_expense,1.0,750.0,,,,,,,,,,
Paid 3200 family amusement park trip from General,gasto,3200.0,USD,entertainment,General,add_expense,1.0,3200.0,,,,,,,,,,
Recibi 5000 de reembolso de paquete de viaje cancelado en Savings,ingreso,5000.0,USD,other_income,Savings,add_income,1.0,5000.0,,,,,,,,,,
Me cayeron 2800 de cashback de tarjeta por gastos de viaje en General,ingreso,2800.0,USD,other_income,General,add_income,1.0,2800.0,,,,,,,,,,
Registra 1500 de ingreso por renta de mi departamento durante mis vacaciones en checking,ingreso,1500.0,USD,other_income,checking,add_income,1.0,1500.0,,,,,,,,,,
Me entro 4200 de compensacion de aerolinea por vuelo cancelado en Savings,ingreso,4200.0,USD,other_income,Savings,add_income,1.0,4200.0,,,,,,,,,,
Recibi 3000 USD de venta de tours fotograficos a turistas en General,ingreso,3000.0,USD,other_income,General,add_income,1.0,3000.0,,,,,,,,,,
Me cayeron 1800 MXN de guia de turistas locales con rate 0.052,ingreso,1800.0,USD,other_income,checking,add_income,0.052,93.6,,,,,,,,,,
Registra 6500 de premio de sorteo de viaje que recibi en General,ingreso,6500.0,USD,other_income,General,add_income,1.0,6500.0,,,,,,,,,,
Recibi 2200 de puntos de viajero frecuente canjeados como efectivo en Savings,ingreso,2200.0,USD,other_income,Savings,add_income,1.0,2200.0,,,,,,,,,,
Received 5000 refund from cancelled travel package in Savings,ingreso,5000.0,USD,other_income,Savings,add_income,1.0,5000.0,,,,,,,,,,
Got 2800 credit card travel cashback in General,ingreso,2800.0,USD,other_income,General,add_income,1.0,2800.0,,,,,,,,,,
Register 1500 apartment rental income during my vacation in checking,ingreso,1500.0,USD,other_income,checking,add_income,1.0,1500.0,,,,,,,,,,
Received 4200 airline compensation for cancelled flight in Savings,ingreso,4200.0,USD,other_income,Savings,add_income,1.0,4200.0,,,,,,,,,,
Register 3000 income from photo tours sold to tourists in General,ingreso,3000.0,USD,other_income,General,add_income,1.0,3000.0,,,,,,,,,,
Got 1800 MXN local tour guide fee with rate 0.052,ingreso,1800.0,USD,other_income,checking,add_income,0.052,93.6,,,,,,,,,,
Register 6500 travel raffle prize won in General,ingreso,6500.0,USD,other_income,General,add_income,1.0,6500.0,,,,,,,,,,
Received 2200 from frequent flyer points redeemed as cash in Savings,ingreso,2200.0,USD,other_income,Savings,add_income,1.0,2200.0,,,,,,,,,,
Ver mis gastos de entretenimiento de este mes,,,USD,entertainment,,report,,,expenses,this_month,,,entertainment,,,,,
Resumen de gastos de vacaciones del ano,,,USD,,,report,,,expenses,this_year,,,,,,,vacacion,
Cuanto gaste en viajes y turismo el mes pasado,,,USD,,,report,,,expenses,last_month,,,,,,,viaje,
Gastos de entretenimiento de los ultimos 3 meses en Savings,,,USD,,Savings,report,,,expenses,last_3_months,,,entertainment,Savings,,,,
Ver gastos de transporte turistico del 2026-01-01 al 2026-03-31,,,USD,,,report,,,expenses,custom,2026-01-01,2026-03-31,transport|entertainment,,,,,
Balance considerando gastos de ocio este mes,,,USD,,,report,,,balance,this_month,,,entertainment,,,,,
Gastos de hospedaje y alojamiento de vacaciones este ano,,,USD,,,report,,,expenses,this_year,,,,,,,hotel,
Resumen de gastos de entretenimiento mayores a 500 este mes,,,USD,entertainment,,report,,,expenses,this_month,,,entertainment,,500.0,,,
Ver gastos de comida en viajes del mes pasado,,,USD,,,report,,,expenses,last_month,,,,,,,restaurante,
Cashflow de Savings durante periodo de vacaciones este ano,,,USD,,Savings,report,,,cashflow,this_year,,,,Savings,,,,
Show my entertainment expenses this month,,,USD,entertainment,,report,,,expenses,this_month,,,entertainment,,,,,
Summary of vacation expenses this year,,,USD,,,report,,,expenses,this_year,,,,,,,vacation,
How much did I spend on travel and tourism last month,,,USD,,,report,,,expenses,last_month,,,,,,,travel,
Entertainment expenses last 3 months in Savings,,,USD,,Savings,report,,,expenses,last_3_months,,,entertainment,Savings,,,,
Show tourism transport expenses from 2026-01-01 to 2026-03-31,,,USD,,,report,,,expenses,custom,2026-01-01,2026-03-31,transport|entertainment,,,,,
Balance considering leisure expenses this month,,,USD,,,report,,,balance,this_month,,,entertainment,,,,,
Accommodation and lodging expenses this year,,,USD,,,report,,,expenses,this_year,,,,,,,hotel,
Entertainment expenses over 500 this month,,,USD,entertainment,,report,,,expenses,this_month,,,entertainment,,500.0,,,
Food expenses during trips last month,,,USD,,,report,,,expenses,last_month,,,,,,,restaurant,
Savings cashflow during vacation period this year,,,USD,,Savings,report,,,cashflow,this_year,,,,Savings,,,,
Cuanto he gastado en entretenimiento y ocio este ano,,,USD,,,data_analysis,,,,this_year,,,entertainment,,,,,
Analiza mis gastos de viaje del mes pasado,,,USD,,,data_analysis,,,,last_month,,,,,,,viaje,
Cual fue mi mayor gasto de vacaciones este mes,,,USD,,,data_analysis,,,,this_month,,,entertainment,,,,,
Tendencia de gastos en turismo de los ultimos 3 meses,,,USD,,,data_analysis,,,,last_3_months,,,entertainment|transport,,,,,
Analiza mis gastos de entretenimiento del 2026-01-01 al 2026-06-30,,,USD,,,data_analysis,,,,custom,2026-01-01,2026-06-30,entertainment,,,,,
Comparacion de gastos de ocio vs transporte este mes,,,USD,,,data_analysis,,,,this_month,,,entertainment|transport,,,,,
Cuanto gaste en hospedaje este ano,,,USD,,,data_analysis,,,,this_year,,,,,,,hotel,
Analiza el impacto de mis vacaciones en el balance de Savings,,,USD,,Savings,data_analysis,,,,this_year,,,,Savings,,,,
How much have I spent on entertainment and leisure this year,,,USD,,,data_analysis,,,,this_year,,,entertainment,,,,,
Analyze my travel expenses last month,,,USD,,,data_analysis,,,,last_month,,,,,,,travel,
What was my biggest vacation expense this month,,,USD,,,data_analysis,,,,this_month,,,entertainment,,,,,
Trend of tourism spending last 3 months,,,USD,,,data_analysis,,,,last_3_months,,,entertainment|transport,,,,,
Compare leisure vs transport spending this month,,,USD,,,data_analysis,,,,this_month,,,entertainment|transport,,,,,
How much did I spend on accommodation this year,,,USD,,,data_analysis,,,,this_year,,,,,,,hotel,
Analyze the impact of my vacation on my Savings balance this year,,,USD,,Savings,data_analysis,,,,this_year,,,,Savings,,,,
Dame recomendaciones de destinos turisticos en Mexico,,,USD,,,none,,,,,,,,,,,,"No puedo dar recomendaciones turísticas. Soy MIRA, tu asistente de finanzas. Puedo ayudarte a registrar y analizar gastos de viaje."
Cual es el mejor hotel en Cancun,,,USD,,,none,,,,,,,,,,,,No puedo recomendarte hoteles. Puedo ayudarte a registrar tus gastos de hospedaje en tus finanzas personales.
Como puedo conseguir vuelos baratos,,,USD,,,none,,,,,,,,,,,,"No tengo acceso a precios de vuelos. Soy MIRA, asistente de finanzas. Puedo ayudarte a registrar y presupuestar gastos de viaje."
Que actividades hacer en la Ciudad de Mexico,,,USD,,,none,,,,,,,,,,,,Eso está fuera de mi alcance. Puedo ayudarte a registrar gastos de actividades turísticas en tus finanzas.
Give me recommendations for tourist destinations in Mexico,,,USD,,,none,,,,,,,,,,,,"I cannot provide tourist recommendations. I am MIRA, your finance assistant. I can help you record and analyze your travel expenses."
What is the best hotel in Cancun,,,USD,,,none,,,,,,,,,,,,I cannot recommend hotels. I can help you record your lodging expenses in your personal finances.
How can I find cheap flights,,,USD,,,none,,,,,,,,,,,,"I don't have access to flight prices. I am MIRA, a finance assistant. I can help you record and budget travel expenses."
What activities to do in Mexico City,,,USD,,,none,,,,,,,,,,,,That is outside my scope. I can help you record tourist activity expenses in your finances.
Pague 8500 de honorarios al abogado por demanda laboral desde Savings,gasto,8500.0,USD,other,Savings,add_expense,1.0,8500.0,,,,,,,,,,
Desembolse 12000 en abogado corporativo para contrato de compraventa en checking,gasto,12000.0,USD,other,checking,add_expense,1.0,12000.0,,,,,,,,,,
Registra un gasto de 5500 por asesoría jurídica en derecho familiar en General,gasto,5500.0,USD,other,General,add_expense,1.0,5500.0,,,,,,,,,,
Pague 3200 de consulta con abogado penalista desde Savings,gasto,3200.0,USD,other,Savings,add_expense,1.0,3200.0,,,,,,,,,,
Gaste 7800 en defensa legal por demanda civil en mi cuenta checking,gasto,7800.0,USD,other,checking,add_expense,1.0,7800.0,,,,,,,,,,
Registra 15000 de retainer mensual para abogado corporativo en General,gasto,15000.0,USD,other,General,add_expense,1.0,15000.0,,,,,,,,,,
Pague 4500 de honorarios por tramite de amparo en Savings,gasto,4500.0,USD,other,Savings,add_expense,1.0,4500.0,,,,,,,,,,
Desembolse 9200 en litigio mercantil con bufete juridico desde checking,gasto,9200.0,USD,other,checking,add_expense,1.0,9200.0,,,,,,,,,,
Registra 6800 MXN de abogado de inmuebles para revision de escrituras con rate 0.052,gasto,6800.0,USD,other,General,add_expense,0.052,353.6,,,,,,,,,,
Pague 3500 de representacion legal en juzgado familiar desde Savings,gasto,3500.0,USD,other,Savings,add_expense,1.0,3500.0,,,,,,,,,,
Pague 22000 de derechos notariales por compra de casa desde General,gasto,22000.0,USD,other,General,add_expense,1.0,22000.0,,,,,,,,,,
Registra 8500 de escrituración notarial de departamento en Savings,gasto,8500.0,USD,other,Savings,add_expense,1.0,8500.0,,,,,,,,,,
Desembolse 3200 en notario para poder notarial ante banco en checking,gasto,3200.0,USD,other,checking,add_expense,1.0,3200.0,,,,,,,,,,
Pague 5600 de honorarios notariales por herencia y testamento en General,gasto,5600.0,USD,other,General,add_expense,1.0,5600.0,,,,,,,,,,
Registra 1800 de certificación notarial de documentos desde Savings,gasto,1800.0,USD,other,Savings,add_expense,1.0,1800.0,,,,,,,,,,
Gaste 12000 en notario para constitucion de empresa en checking,gasto,12000.0,USD,other,checking,add_expense,1.0,12000.0,,,,,,,,,,
Pague 4200 MXN de honorarios notariales por divorcio notarial con rate 0.052,gasto,4200.0,USD,other,General,add_expense,0.052,218.4,,,,,,,,,,
Desembolse 9800 en protocolización notarial de contrato social en Savings,gasto,9800.0,USD,other,Savings,add_expense,1.0,9800.0,,,,,,,,,,
Registra 6500 de fianza judicial por proceso penal en checking,gasto,6500.0,USD,other,checking,add_expense,1.0,6500.0,,,,,,,,,,
Pague 18000 de peritos y pruebas periciales en juicio civil desde General,gasto,18000.0,USD,other,General,add_expense,1.0,18000.0,,,,,,,,,,
Gaste 7200 en apelacion legal ante tribunal superior en Savings,gasto,7200.0,USD,other,Savings,add_expense,1.0,7200.0,,,,,,,,,,
Desembolse 4500 en gastos de conciliación y mediación laboral en checking,gasto,4500.0,USD,other,checking,add_expense,1.0,4500.0,,,,,,,,,,
Registra 11000 de gastos de demanda por incumplimiento de contrato en General,gasto,11000.0,USD,other,General,add_expense,1.0,11000.0,,,,,,,,,,
Pague 3800 de derechos de registro de marca ante el IMPI desde Savings,gasto,3800.0,USD,other,Savings,add_expense,1.0,3800.0,,,,,,,,,,
Gaste 2500 en tramite de divorcio voluntario ante juez familiar en checking,gasto,2500.0,USD,other,checking,add_expense,1.0,2500.0,,,,,,,,,,
Registra 14000 de gastos legales por disputa de sociedad comercial en General,gasto,14000.0,USD,other,General,add_expense,1.0,14000.0,,,,,,,,,,
Pague 1800 de apostilla y legalización de documentos en Savings,gasto,1800.0,USD,other,Savings,add_expense,1.0,1800.0,,,,,,,,,,
Desembolse 3500 en trámites de ciudadanía y naturalización en checking,gasto,3500.0,USD,other,checking,add_expense,1.0,3500.0,,,,,,,,,,
Registra 6200 de honorarios por tramite de sucesión intestamentaria en General,gasto,6200.0,USD,other,General,add_expense,1.0,6200.0,,,,,,,,,,
Pague 900 de copias certificadas y sellos judiciales desde Savings,gasto,900.0,USD,other,Savings,add_expense,1.0,900.0,,,,,,,,,,
Gaste 5500 GBP en abogado de inmigración en UK con rate 1.27,gasto,5500.0,USD,other,checking,add_expense,1.27,6985.0,,,,,,,,,,
Desembolse 4800 en contrato de arrendamiento con clausulas especiales en General,gasto,4800.0,USD,other,General,add_expense,1.0,4800.0,,,,,,,,,,
Registra 7200 de demanda de pension alimenticia desde Savings,gasto,7200.0,USD,other,Savings,add_expense,1.0,7200.0,,,,,,,,,,
Pague 3100 de tramite de adopcion con bufete juridico en checking,gasto,3100.0,USD,other,checking,add_expense,1.0,3100.0,,,,,,,,,,
Gaste 8900 en defensa en proceso de liquidacion empresarial en General,gasto,8900.0,USD,other,General,add_expense,1.0,8900.0,,,,,,,,,,
Registra 2400 de certificado de no antecedentes penales y apostilla en Savings,gasto,2400.0,USD,other,Savings,add_expense,1.0,2400.0,,,,,,,,,,
Desembolse 16000 en litigio por accidente de tránsito con lesionados en checking,gasto,16000.0,USD,other,checking,add_expense,1.0,16000.0,,,,,,,,,,
Pague 5800 de consulta y dictamen de abogado fiscal en General,gasto,5800.0,USD,other,General,add_expense,1.0,5800.0,,,,,,,,,,
Registra 3700 de honorarios de abogado por despido injustificado desde Savings,gasto,3700.0,USD,other,Savings,add_expense,1.0,3700.0,,,,,,,,,,
Gaste 6500 en mediación extrajudicial y acuerdo de conciliación en checking,gasto,6500.0,USD,other,checking,add_expense,1.0,6500.0,,,,,,,,,,
Paid 8500 in attorney fees for labor lawsuit from Savings,gasto,8500.0,USD,other,Savings,add_expense,1.0,8500.0,,,,,,,,,,
Register 12000 corporate lawyer fees for purchase agreement from checking,gasto,12000.0,USD,other,checking,add_expense,1.0,12000.0,,,,,,,,,,
Paid 5500 for family law legal consulting from General,gasto,5500.0,USD,other,General,add_expense,1.0,5500.0,,,,,,,,,,
Register 3200 consultation fee with criminal defense attorney from Savings,gasto,3200.0,USD,other,Savings,add_expense,1.0,3200.0,,,,,,,,,,
Paid 7800 for civil lawsuit defense from checking,gasto,7800.0,USD,other,checking,add_expense,1.0,7800.0,,,,,,,,,,
Register 15000 monthly retainer for corporate lawyer from General,gasto,15000.0,USD,other,General,add_expense,1.0,15000.0,,,,,,,,,,
Paid 4500 for injunction filing attorney fees from Savings,gasto,4500.0,USD,other,Savings,add_expense,1.0,4500.0,,,,,,,,,,
Register 9200 commercial litigation with law firm from checking,gasto,9200.0,USD,other,checking,add_expense,1.0,9200.0,,,,,,,,,,
Paid 6800 MXN real estate attorney for deed review with rate 0.052,gasto,6800.0,USD,other,General,add_expense,0.052,353.6,,,,,,,,,,
Paid 3500 for family court legal representation from Savings,gasto,3500.0,USD,other,Savings,add_expense,1.0,3500.0,,,,,,,,,,
Paid 22000 notary fees for home purchase from General,gasto,22000.0,USD,other,General,add_expense,1.0,22000.0,,,,,,,,,,
Register 8500 notarization of apartment deed from Savings,gasto,8500.0,USD,other,Savings,add_expense,1.0,8500.0,,,,,,,,,,
Paid 3200 for notarized power of attorney from checking,gasto,3200.0,USD,other,checking,add_expense,1.0,3200.0,,,,,,,,,,
Register 5600 notary fees for inheritance and will from General,gasto,5600.0,USD,other,General,add_expense,1.0,5600.0,,,,,,,,,,
Paid 1800 for notarized document certification from Savings,gasto,1800.0,USD,other,Savings,add_expense,1.0,1800.0,,,,,,,,,,
Paid 12000 notary fees for company incorporation from checking,gasto,12000.0,USD,other,checking,add_expense,1.0,12000.0,,,,,,,,,,
Register 4200 MXN notary fees for uncontested divorce with rate 0.052,gasto,4200.0,USD,other,General,add_expense,0.052,218.4,,,,,,,,,,
Paid 9800 for notarization of shareholder agreement from Savings,gasto,9800.0,USD,other,Savings,add_expense,1.0,9800.0,,,,,,,,,,
Register 6500 bail bond for criminal proceedings from checking,gasto,6500.0,USD,other,checking,add_expense,1.0,6500.0,,,,,,,,,,
Paid 18000 for expert witnesses and forensic evidence in civil trial from General,gasto,18000.0,USD,other,General,add_expense,1.0,18000.0,,,,,,,,,,
Paid 7200 for legal appeal to superior court from Savings,gasto,7200.0,USD,other,Savings,add_expense,1.0,7200.0,,,,,,,,,,
Register 4500 labor conciliation and mediation costs from checking,gasto,4500.0,USD,other,checking,add_expense,1.0,4500.0,,,,,,,,,,
Paid 11000 for breach of contract lawsuit costs from General,gasto,11000.0,USD,other,General,add_expense,1.0,11000.0,,,,,,,,,,
Paid 3800 for trademark registration with patent office from Savings,gasto,3800.0,USD,other,Savings,add_expense,1.0,3800.0,,,,,,,,,,
Register 2500 uncontested divorce court fees from checking,gasto,2500.0,USD,other,checking,add_expense,1.0,2500.0,,,,,,,,,,
Paid 14000 for legal fees in commercial partnership dispute from General,gasto,14000.0,USD,other,General,add_expense,1.0,14000.0,,,,,,,,,,
Paid 1800 for document apostille and legalization from Savings,gasto,1800.0,USD,other,Savings,add_expense,1.0,1800.0,,,,,,,,,,
Register 3500 citizenship and naturalization processing fees from checking,gasto,3500.0,USD,other,checking,add_expense,1.0,3500.0,,,,,,,,,,
Paid 6200 for intestate succession attorney fees from General,gasto,6200.0,USD,other,General,add_expense,1.0,6200.0,,,,,,,,,,
Paid 900 for certified court copies and official seals from Savings,gasto,900.0,USD,other,Savings,add_expense,1.0,900.0,,,,,,,,,,
Register 5500 GBP immigration lawyer in UK with rate 1.27,gasto,5500.0,USD,other,checking,add_expense,1.27,6985.0,,,,,,,,,,
Paid 4800 for lease agreement with special clauses from General,gasto,4800.0,USD,other,General,add_expense,1.0,4800.0,,,,,,,,,,
Register 7200 child support/alimony lawsuit costs from Savings,gasto,7200.0,USD,other,Savings,add_expense,1.0,7200.0,,,,,,,,,,
Paid 3100 adoption process legal fees from checking,gasto,3100.0,USD,other,checking,add_expense,1.0,3100.0,,,,,,,,,,
Paid 8900 for defense in company liquidation proceedings from General,gasto,8900.0,USD,other,General,add_expense,1.0,8900.0,,,,,,,,,,
Register 2400 criminal background check and apostille from Savings,gasto,2400.0,USD,other,Savings,add_expense,1.0,2400.0,,,,,,,,,,
Paid 16000 for traffic accident litigation with injuries from checking,gasto,16000.0,USD,other,checking,add_expense,1.0,16000.0,,,,,,,,,,
Paid 5800 tax attorney consultation and opinion from General,gasto,5800.0,USD,other,General,add_expense,1.0,5800.0,,,,,,,,,,
Register 3700 attorney fees for wrongful termination from Savings,gasto,3700.0,USD,other,Savings,add_expense,1.0,3700.0,,,,,,,,,,
Paid 6500 for out-of-court mediation and settlement from checking,gasto,6500.0,USD,other,checking,add_expense,1.0,6500.0,,,,,,,,,,
Recibi 45000 de indemnizacion por demanda laboral ganada en Savings,ingreso,45000.0,USD,other_income,Savings,add_income,1.0,45000.0,,,,,,,,,,
Me cayeron 18000 de acuerdo de conciliacion con ex empleador en General,ingreso,18000.0,USD,other_income,General,add_income,1.0,18000.0,,,,,,,,,,
Registra 32000 de compensacion por daños y perjuicios ganados en juicio en checking,ingreso,32000.0,USD,other_income,checking,add_income,1.0,32000.0,,,,,,,,,,
Recibi 9500 de reembolso de fianza judicial tras absolucion en Savings,ingreso,9500.0,USD,other_income,Savings,add_income,1.0,9500.0,,,,,,,,,,
Me entro 55000 de sentencia favorable en litigio mercantil en General,ingreso,55000.0,USD,other_income,General,add_income,1.0,55000.0,,,,,,,,,,
Registra un ingreso de 14000 por acuerdo extrajudicial con aseguradora en checking,ingreso,14000.0,USD,other_income,checking,add_income,1.0,14000.0,,,,,,,,,,
Recibi 25000 MXN de herencia resuelta mediante testamento notarial con rate 0.052,ingreso,25000.0,USD,other_income,Savings,add_income,0.052,1300.0,,,,,,,,,,
Me cayeron 8200 de devolucion de honorarios por caso ganado en General,ingreso,8200.0,USD,other_income,General,add_income,1.0,8200.0,,,,,,,,,,
Received 45000 in compensation from won labor lawsuit from Savings,ingreso,45000.0,USD,other_income,Savings,add_income,1.0,45000.0,,,,,,,,,,
Got 18000 from conciliation agreement with former employer in General,ingreso,18000.0,USD,other_income,General,add_income,1.0,18000.0,,,,,,,,,,
Register 32000 damages and losses compensation won in court from checking,ingreso,32000.0,USD,other_income,checking,add_income,1.0,32000.0,,,,,,,,,,
Received 9500 bail bond refund after acquittal from Savings,ingreso,9500.0,USD,other_income,Savings,add_income,1.0,9500.0,,,,,,,,,,
Register 55000 from favorable commercial litigation ruling in General,ingreso,55000.0,USD,other_income,General,add_income,1.0,55000.0,,,,,,,,,,
Got 14000 out-of-court settlement with insurance company from checking,ingreso,14000.0,USD,other_income,checking,add_income,1.0,14000.0,,,,,,,,,,
Received 25000 MXN inheritance resolved through notarized will with rate 0.052,ingreso,25000.0,USD,other_income,Savings,add_income,0.052,1300.0,,,,,,,,,,
Got 8200 attorney fee refund after winning case from General,ingreso,8200.0,USD,other_income,General,add_income,1.0,8200.0,,,,,,,,,,
Ver mis gastos legales y de abogados este ano,,,USD,,,report,,,expenses,this_year,,,,,,,abogado,
Resumen de gastos notariales del mes pasado,,,USD,,,report,,,expenses,last_month,,,,,,,notario,
Cuanto he gastado en demandas y litigios este mes,,,USD,,,report,,,expenses,this_month,,,,,,,demanda,
Gastos legales mayores a 5000 de los ultimos 3 meses,,,USD,other,,report,,,expenses,last_3_months,,,other,,5000.0,,,
Ver todos los gastos juridicos del 2026-01-01 al 2026-06-30,,,USD,,,report,,,expenses,custom,2026-01-01,2026-06-30,,,,,legal,
Balance de cuenta Savings considerando gastos legales este ano,,,USD,,Savings,report,,,balance,this_year,,,other,Savings,,,,
Gastos de honorarios y tramites notariales este mes,,,USD,,,report,,,expenses,this_month,,,,,,,honorarios,
Resumen de gastos en demandas laborales de los ultimos 3 meses,,,USD,,,report,,,expenses,last_3_months,,,,,,,laboral,
Ver gastos legales de checking este ano,,,USD,,checking,report,,,expenses,this_year,,,other,checking,,,,
Cashflow de Savings durante proceso legal este ano,,,USD,,Savings,report,,,cashflow,this_year,,,,Savings,,,,
Show my legal and attorney expenses this year,,,USD,,,report,,,expenses,this_year,,,,,,,attorney,
Summary of notary fees last month,,,USD,,,report,,,expenses,last_month,,,,,,,notary,
How much did I spend on lawsuits and litigation this month,,,USD,,,report,,,expenses,this_month,,,,,,,lawsuit,
Legal expenses over 5000 last 3 months,,,USD,other,,report,,,expenses,last_3_months,,,other,,5000.0,,,
Show all legal expenses from 2026-01-01 to 2026-06-30,,,USD,,,report,,,expenses,custom,2026-01-01,2026-06-30,,,,,legal,
Savings balance considering legal costs this year,,,USD,,Savings,report,,,balance,this_year,,,other,Savings,,,,
Attorney and notary fees this month,,,USD,,,report,,,expenses,this_month,,,,,,,attorney fees,
Summary of labor lawsuit expenses last 3 months,,,USD,,,report,,,expenses,last_3_months,,,,,,,labor,
Legal expenses from checking account this year,,,USD,,checking,report,,,expenses,this_year,,,other,checking,,,,
Savings cashflow during legal proceedings this year,,,USD,,Savings,report,,,cashflow,this_year,,,,Savings,,,,
Cuanto he gastado en abogados y asesoria legal este ano,,,USD,,,data_analysis,,,,this_year,,,,,,,abogado,
Analiza mis gastos notariales del ultimo mes,,,USD,,,data_analysis,,,,last_month,,,,,,,notario,
Cual fue mi mayor gasto legal este mes,,,USD,,,data_analysis,,,,this_month,,,other,,,,,
Tendencia de gastos legales de los ultimos 3 meses,,,USD,,,data_analysis,,,,last_3_months,,,,,,,legal,
Analiza el impacto de la demanda laboral en mi balance de Savings,,,USD,,Savings,data_analysis,,,,this_year,,,,Savings,,,,
Compara gastos legales del 2026-01-01 al 2026-06-30,,,USD,,,data_analysis,,,,custom,2026-01-01,2026-06-30,,,,,legal,
How much have I spent on attorneys and legal consulting this year,,,USD,,,data_analysis,,,,this_year,,,,,,,attorney,
Analyze my notary fees last month,,,USD,,,data_analysis,,,,last_month,,,,,,,notary,
What was my largest legal expense this month,,,USD,,,data_analysis,,,,this_month,,,other,,,,,
Trend of legal expenses last 3 months,,,USD,,,data_analysis,,,,last_3_months,,,,,,,legal,
Analyze the impact of the labor lawsuit on my Savings balance this year,,,USD,,Savings,data_analysis,,,,this_year,,,,Savings,,,,
Compare legal expenses from 2026-01-01 to 2026-06-30,,,USD,,,data_analysis,,,,custom,2026-01-01,2026-06-30,,,,,legal,
Como puedo ganar una demanda laboral,,,USD,,,none,,,,,,,,,,,,"No puedo asesorarte en estrategias legales. Soy MIRA, tu asistente financiero. Puedo ayudarte a registrar y analizar tus gastos legales."
Recomiendame un buen abogado en mi ciudad,,,USD,,,none,,,,,,,,,,,,No puedo recomendar abogados. Puedo ayudarte a llevar un registro de tus honorarios y gastos legales en tus finanzas.
Que dice el codigo civil sobre contratos,,,USD,,,none,,,,,,,,,,,,"Estoy fuera de mi alcance en temas legales. Soy MIRA, asistente de finanzas. Puedo registrar y analizar tus gastos por tramites legales."
Como funciona el proceso de divorcio,,,USD,,,none,,,,,,,,,,,,No puedo explicarte procesos legales. Puedo ayudarte a registrar los costos asociados a un divorcio en tus finanzas personales.
How can I win a labor lawsuit,,,USD,,,none,,,,,,,,,,,,"I cannot advise on legal strategies. I am MIRA, your finance assistant. I can help you record and track your legal expenses."
Can you recommend a good lawyer in my city,,,USD,,,none,,,,,,,,,,,,I cannot recommend lawyers. I can help you keep track of attorney fees and legal costs in your finances.
What does the civil code say about contracts,,,USD,,,none,,,,,,,,,,,,"Legal information is outside my scope. I am MIRA, a finance assistant. I can record and analyze expenses from legal proceedings."
How does the divorce process work,,,USD,,,none,,,,,,,,,,,,I cannot explain legal processes. I can help you record divorce-related costs in your personal finances.
Pague 850 de consulta con el pediatra desde Savings,gasto,850.0,USD,health,Savings,add_expense,1.0,850.0,,,,,,,,,,
Registra 1200 de vacunas del bebe en la clinica privada desde General,gasto,1200.0,USD,health,General,add_expense,1.0,1200.0,,,,,,,,,,
Gaste 2400 en formula lactea para el bebe este mes desde checking,gasto,2400.0,USD,food,checking,add_expense,1.0,2400.0,,,,,,,,,,
Pague 1800 de panales desechables desde Savings,gasto,1800.0,USD,other,Savings,add_expense,1.0,1800.0,,,,,,,,,,
Registra 3500 de panales de tela y accesorios para bebe en General,gasto,3500.0,USD,other,General,add_expense,1.0,3500.0,,,,,,,,,,
Desembolse 650 en toallitas humedas y crema para panales desde checking,gasto,650.0,USD,other,checking,add_expense,1.0,650.0,,,,,,,,,,
Pague 2200 de ropa para bebe desde Savings,gasto,2200.0,USD,other,Savings,add_expense,1.0,2200.0,,,,,,,,,,
Registra 4500 de coche de bebe y portabebe en General,gasto,4500.0,USD,other,General,add_expense,1.0,4500.0,,,,,,,,,,
Gaste 1600 en accesorios de lactancia y extractor en checking,gasto,1600.0,USD,health,checking,add_expense,1.0,1600.0,,,,,,,,,,
Pague 3800 de cuna y colchon de bebe desde Savings,gasto,3800.0,USD,other,Savings,add_expense,1.0,3800.0,,,,,,,,,,
Registra 900 MXN de consulta de nutricion infantil con rate 0.052,gasto,900.0,USD,health,General,add_expense,0.052,46.8,,,,,,,,,,
Gaste 2600 en medicina y antibioticos recetados por pediatra en checking,gasto,2600.0,USD,health,checking,add_expense,1.0,2600.0,,,,,,,,,,
Pague 1100 de cita con otorrinolaringologo pediatrico desde Savings,gasto,1100.0,USD,health,Savings,add_expense,1.0,1100.0,,,,,,,,,,
Desembolse 1900 en estudios de laboratorio pediatricos desde General,gasto,1900.0,USD,health,General,add_expense,1.0,1900.0,,,,,,,,,,
Registra 750 de crema hidratante y shampoo para bebe en checking,gasto,750.0,USD,other,checking,add_expense,1.0,750.0,,,,,,,,,,
Pague 5200 de silla de auto para bebe desde Savings,gasto,5200.0,USD,other,Savings,add_expense,1.0,5200.0,,,,,,,,,,
Gaste 2100 en mordedores juguetes educativos para bebe en General,gasto,2100.0,USD,entertainment,General,add_expense,1.0,2100.0,,,,,,,,,,
Registra 1350 de visita de urgencias al hospital pediatrico desde checking,gasto,1350.0,USD,health,checking,add_expense,1.0,1350.0,,,,,,,,,,
Pague 3200 de bañera y accesorios de higiene bebe desde Savings,gasto,3200.0,USD,other,Savings,add_expense,1.0,3200.0,,,,,,,,,,
Desembolse 6500 en hospital por parto y atencion neonatal en General,gasto,6500.0,USD,health,General,add_expense,1.0,6500.0,,,,,,,,,,
Pague 4500 de guarderia mensual desde Savings,gasto,4500.0,USD,other,Savings,add_expense,1.0,4500.0,,,,,,,,,,
Registra 6800 de colegiatura de kinder en General,gasto,6800.0,USD,other,General,add_expense,1.0,6800.0,,,,,,,,,,
Gaste 2200 en uniforme y tiles para kinder desde checking,gasto,2200.0,USD,other,checking,add_expense,1.0,2200.0,,,,,,,,,,
Pague 8500 de inscripcion al jardin de ninos privado en Savings,gasto,8500.0,USD,other,Savings,add_expense,1.0,8500.0,,,,,,,,,,
Registra 3200 de materiales escolares para primaria en General,gasto,3200.0,USD,other,General,add_expense,1.0,3200.0,,,,,,,,,,
Desembolse 5600 en libros de texto y cuadernos para primaria en checking,gasto,5600.0,USD,other,checking,add_expense,1.0,5600.0,,,,,,,,,,
Pague 9200 de colegiatura mensual de primaria privada desde Savings,gasto,9200.0,USD,other,Savings,add_expense,1.0,9200.0,,,,,,,,,,
Registra 4800 de clases extracurriculares de natacion y arte en General,gasto,4800.0,USD,entertainment,General,add_expense,1.0,4800.0,,,,,,,,,,
Gaste 1800 en mochila y utiles escolares para primaria en checking,gasto,1800.0,USD,other,checking,add_expense,1.0,1800.0,,,,,,,,,,
Pague 2400 de loncheras y termos escolares desde Savings,gasto,2400.0,USD,other,Savings,add_expense,1.0,2400.0,,,,,,,,,,
Registra 7500 de excursion escolar al parque de ciencias en General,gasto,7500.0,USD,other,General,add_expense,1.0,7500.0,,,,,,,,,,
Desembolse 12000 en anualidad de colegio primario privado en checking,gasto,12000.0,USD,other,checking,add_expense,1.0,12000.0,,,,,,,,,,
Pague 3500 de clases de ingles para ninos desde Savings,gasto,3500.0,USD,other,Savings,add_expense,1.0,3500.0,,,,,,,,,,
Registra 2200 de zapatos y ropa escolar en General,gasto,2200.0,USD,other,General,add_expense,1.0,2200.0,,,,,,,,,,
Gaste 950 en papel de construccion y materiales proyecto escolar en checking,gasto,950.0,USD,other,checking,add_expense,1.0,950.0,,,,,,,,,,
Pague 11500 de colegiatura mensual de secundaria privada en Savings,gasto,11500.0,USD,other,Savings,add_expense,1.0,11500.0,,,,,,,,,,
Registra 15000 MXN de inscripcion a preparatoria con rate 0.052,gasto,15000.0,USD,other,General,add_expense,0.052,780.0,,,,,,,,,,
Gaste 8500 en laptop para las clases de secundaria desde checking,gasto,8500.0,USD,other,checking,add_expense,1.0,8500.0,,,,,,,,,,
Pague 4200 de clases de matematicas y fisica particular en Savings,gasto,4200.0,USD,other,Savings,add_expense,1.0,4200.0,,,,,,,,,,
Registra 6800 de transporte escolar mensual para preparatoria en General,gasto,6800.0,USD,transport,General,add_expense,1.0,6800.0,,,,,,,,,,
Desembolse 3200 en libros de texto para preparatoria en checking,gasto,3200.0,USD,other,checking,add_expense,1.0,3200.0,,,,,,,,,,
Pague 9500 de examen de admision y tramites de preparatoria en Savings,gasto,9500.0,USD,other,Savings,add_expense,1.0,9500.0,,,,,,,,,,
Registra 5600 de viaje de estudios a museo y zoologico en General,gasto,5600.0,USD,entertainment,General,add_expense,1.0,5600.0,,,,,,,,,,
Gaste 14000 en pago de moralidad anual preparatoria privada en checking,gasto,14000.0,USD,other,checking,add_expense,1.0,14000.0,,,,,,,,,,
Pague 7800 de clases de preparacion para EXANI-II en Savings,gasto,7800.0,USD,other,Savings,add_expense,1.0,7800.0,,,,,,,,,,
Pague 18000 de colegiatura universitaria semestral desde Savings,gasto,18000.0,USD,other,Savings,add_expense,1.0,18000.0,,,,,,,,,,
Registra 25000 MXN de inscripcion universitaria con rate 0.052,gasto,25000.0,USD,other,General,add_expense,0.052,1300.0,,,,,,,,,,
Gaste 12000 en libros y material academico universitario desde checking,gasto,12000.0,USD,other,checking,add_expense,1.0,12000.0,,,,,,,,,,
Pague 8500 de renta de cuarto para universitario en ciudad diferente en Savings,gasto,8500.0,USD,housing,Savings,add_expense,1.0,8500.0,,,,,,,,,,
Registra 6200 de gastos de alimentacion y transporte universitario en General,gasto,6200.0,USD,food,General,add_expense,1.0,6200.0,,,,,,,,,,
Desembolse 35000 en pago de titulacion y tramites universitarios en checking,gasto,35000.0,USD,other,checking,add_expense,1.0,35000.0,,,,,,,,,,
Pague 22000 de maestria posgrado en Savings,gasto,22000.0,USD,other,Savings,add_expense,1.0,22000.0,,,,,,,,,,
Registra 9800 de seguro medico universitario anual en General,gasto,9800.0,USD,health,General,add_expense,1.0,9800.0,,,,,,,,,,
Gaste 15000 en intercambio academico y visa estudiantil en checking,gasto,15000.0,USD,other,checking,add_expense,1.0,15000.0,,,,,,,,,,
Pague 4500 de examen TOEFL para ingreso a universidad en Savings,gasto,4500.0,USD,other,Savings,add_expense,1.0,4500.0,,,,,,,,,,
Paid 850 for pediatrician visit from Savings,gasto,850.0,USD,health,Savings,add_expense,1.0,850.0,,,,,,,,,,
Register 1200 for baby vaccines at private clinic from General,gasto,1200.0,USD,health,General,add_expense,1.0,1200.0,,,,,,,,,,
Spent 2400 on baby formula this month from checking,gasto,2400.0,USD,food,checking,add_expense,1.0,2400.0,,,,,,,,,,
Paid 1800 for disposable diapers from Savings,gasto,1800.0,USD,other,Savings,add_expense,1.0,1800.0,,,,,,,,,,
Register 3500 for cloth diapers and baby accessories from General,gasto,3500.0,USD,other,General,add_expense,1.0,3500.0,,,,,,,,,,
Spent 650 on wet wipes and diaper rash cream from checking,gasto,650.0,USD,other,checking,add_expense,1.0,650.0,,,,,,,,,,
Paid 2200 for baby clothes from Savings,gasto,2200.0,USD,other,Savings,add_expense,1.0,2200.0,,,,,,,,,,
Register 4500 for baby stroller and baby carrier from General,gasto,4500.0,USD,other,General,add_expense,1.0,4500.0,,,,,,,,,,
Spent 1600 on breastfeeding accessories and breast pump from checking,gasto,1600.0,USD,health,checking,add_expense,1.0,1600.0,,,,,,,,,,
Paid 3800 for baby crib and mattress from Savings,gasto,3800.0,USD,other,Savings,add_expense,1.0,3800.0,,,,,,,,,,
Register 900 MXN for infant nutrition consultation with rate 0.052,gasto,900.0,USD,health,General,add_expense,0.052,46.8,,,,,,,,,,
Paid 2600 for prescription medicine from pediatrician from checking,gasto,2600.0,USD,health,checking,add_expense,1.0,2600.0,,,,,,,,,,
Paid 1100 for pediatric ENT appointment from Savings,gasto,1100.0,USD,health,Savings,add_expense,1.0,1100.0,,,,,,,,,,
Register 1900 for pediatric lab tests from General,gasto,1900.0,USD,health,General,add_expense,1.0,1900.0,,,,,,,,,,
Spent 750 on baby moisturizer and shampoo from checking,gasto,750.0,USD,other,checking,add_expense,1.0,750.0,,,,,,,,,,
Paid 5200 for baby car seat from Savings,gasto,5200.0,USD,other,Savings,add_expense,1.0,5200.0,,,,,,,,,,
Spent 2100 on baby teethers and educational toys from General,gasto,2100.0,USD,entertainment,General,add_expense,1.0,2100.0,,,,,,,,,,
Register 1350 for pediatric ER visit from checking,gasto,1350.0,USD,health,checking,add_expense,1.0,1350.0,,,,,,,,,,
Paid 3200 for baby bathtub and hygiene accessories from Savings,gasto,3200.0,USD,other,Savings,add_expense,1.0,3200.0,,,,,,,,,,
Register 6500 for hospital delivery and neonatal care from General,gasto,6500.0,USD,health,General,add_expense,1.0,6500.0,,,,,,,,,,
Paid 4500 monthly daycare fee from Savings,gasto,4500.0,USD,other,Savings,add_expense,1.0,4500.0,,,,,,,,,,
Register 6800 kindergarten tuition from General,gasto,6800.0,USD,other,General,add_expense,1.0,6800.0,,,,,,,,,,
Spent 2200 on kindergarten uniform and supplies from checking,gasto,2200.0,USD,other,checking,add_expense,1.0,2200.0,,,,,,,,,,
Paid 8500 for private preschool enrollment fee from Savings,gasto,8500.0,USD,other,Savings,add_expense,1.0,8500.0,,,,,,,,,,
Register 3200 for elementary school supplies from General,gasto,3200.0,USD,other,General,add_expense,1.0,3200.0,,,,,,,,,,
Paid 5600 for textbooks and notebooks for elementary school from checking,gasto,5600.0,USD,other,checking,add_expense,1.0,5600.0,,,,,,,,,,
Paid 9200 monthly private elementary school tuition from Savings,gasto,9200.0,USD,other,Savings,add_expense,1.0,9200.0,,,,,,,,,,
Register 4800 for swimming and art extracurricular classes from General,gasto,4800.0,USD,entertainment,General,add_expense,1.0,4800.0,,,,,,,,,,
Spent 1800 on backpack and school supplies for elementary from checking,gasto,1800.0,USD,other,checking,add_expense,1.0,1800.0,,,,,,,,,,
Paid 2400 for lunch boxes and school flasks from Savings,gasto,2400.0,USD,other,Savings,add_expense,1.0,2400.0,,,,,,,,,,
Register 7500 for science museum school field trip from General,gasto,7500.0,USD,other,General,add_expense,1.0,7500.0,,,,,,,,,,
Paid 12000 for private elementary school annual fee from checking,gasto,12000.0,USD,other,checking,add_expense,1.0,12000.0,,,,,,,,,,
Paid 3500 for children English language classes from Savings,gasto,3500.0,USD,other,Savings,add_expense,1.0,3500.0,,,,,,,,,,
Register 2200 for school shoes and clothing from General,gasto,2200.0,USD,other,General,add_expense,1.0,2200.0,,,,,,,,,,
Spent 950 on construction paper and school project materials from checking,gasto,950.0,USD,other,checking,add_expense,1.0,950.0,,,,,,,,,,
Paid 11500 for private middle school monthly tuition from Savings,gasto,11500.0,USD,other,Savings,add_expense,1.0,11500.0,,,,,,,,,,
Register 15000 MXN for high school enrollment with rate 0.052,gasto,15000.0,USD,other,General,add_expense,0.052,780.0,,,,,,,,,,
Spent 8500 on laptop for middle school classes from checking,gasto,8500.0,USD,other,checking,add_expense,1.0,8500.0,,,,,,,,,,
Paid 4200 for private math and physics tutoring from Savings,gasto,4200.0,USD,other,Savings,add_expense,1.0,4200.0,,,,,,,,,,
Register 6800 monthly school transportation for high school from General,gasto,6800.0,USD,transport,General,add_expense,1.0,6800.0,,,,,,,,,,
Paid 3200 for high school textbooks from checking,gasto,3200.0,USD,other,checking,add_expense,1.0,3200.0,,,,,,,,,,
Register 9500 for high school admission exam and processing fees from Savings,gasto,9500.0,USD,other,Savings,add_expense,1.0,9500.0,,,,,,,,,,
Spent 5600 on educational trip to museum and zoo from General,gasto,5600.0,USD,entertainment,General,add_expense,1.0,5600.0,,,,,,,,,,
Paid 14000 for private high school annual tuition from checking,gasto,14000.0,USD,other,checking,add_expense,1.0,14000.0,,,,,,,,,,
Paid 7800 for university entrance exam prep course from Savings,gasto,7800.0,USD,other,Savings,add_expense,1.0,7800.0,,,,,,,,,,
Paid 18000 for semester university tuition from Savings,gasto,18000.0,USD,other,Savings,add_expense,1.0,18000.0,,,,,,,,,,
Register 25000 MXN for university enrollment with rate 0.052,gasto,25000.0,USD,other,General,add_expense,0.052,1300.0,,,,,,,,,,
Paid 12000 for university textbooks and academic materials from checking,gasto,12000.0,USD,other,checking,add_expense,1.0,12000.0,,,,,,,,,,
Paid 8500 for student room rental in another city from Savings,gasto,8500.0,USD,housing,Savings,add_expense,1.0,8500.0,,,,,,,,,,
Register 6200 for food and transport expenses at university from General,gasto,6200.0,USD,food,General,add_expense,1.0,6200.0,,,,,,,,,,
Paid 35000 for graduation fees and administrative costs from checking,gasto,35000.0,USD,other,checking,add_expense,1.0,35000.0,,,,,,,,,,
Paid 22000 for graduate masters program from Savings,gasto,22000.0,USD,other,Savings,add_expense,1.0,22000.0,,,,,,,,,,
Register 9800 for annual university health insurance from General,gasto,9800.0,USD,health,General,add_expense,1.0,9800.0,,,,,,,,,,
Paid 15000 for academic exchange and student visa from checking,gasto,15000.0,USD,other,checking,add_expense,1.0,15000.0,,,,,,,,,,
Paid 4500 for TOEFL exam for university admission from Savings,gasto,4500.0,USD,other,Savings,add_expense,1.0,4500.0,,,,,,,,,,
Recibi 8500 de beca universitaria para mi hijo en General,ingreso,8500.0,USD,other_income,General,add_income,1.0,8500.0,,,,,,,,,,
Me entro 6200 de subsidio gubernamental por guarderia en Savings,ingreso,6200.0,USD,other_income,Savings,add_income,1.0,6200.0,,,,,,,,,,
Registra 12000 de pension alimenticia recibida en checking,ingreso,12000.0,USD,other_income,checking,add_income,1.0,12000.0,,,,,,,,,,
Recibi 25000 MXN de beca de excelencia academica para universitario con rate 0.052,ingreso,25000.0,USD,other_income,Savings,add_income,0.052,1300.0,,,,,,,,,,
Received 8500 university scholarship for my child from General,ingreso,8500.0,USD,other_income,General,add_income,1.0,8500.0,,,,,,,,,,
Got 6200 government daycare subsidy in Savings,ingreso,6200.0,USD,other_income,Savings,add_income,1.0,6200.0,,,,,,,,,,
Register 12000 child support payments received from checking,ingreso,12000.0,USD,other_income,checking,add_income,1.0,12000.0,,,,,,,,,,
Received 25000 MXN academic excellence scholarship for university student with rate 0.052,ingreso,25000.0,USD,other_income,Savings,add_income,0.052,1300.0,,,,,,,,,,
Ver mis gastos de pediatria y salud infantil este ano,,,USD,,,report,,,expenses,this_year,,,,,,,pediatra,
Resumen de gastos de formula y panales del mes pasado,,,USD,,,report,,,expenses,last_month,,,,,,,formula,
Cuanto gaste en guarderia y kinder este mes,,,USD,,,report,,,expenses,this_month,,,,,,,guarderia,
Gastos de colegiatura de los ultimos 3 meses,,,USD,,,report,,,expenses,last_3_months,,,,,,,colegiatura,
Ver todos los gastos de educacion escolar del 2026-01-01 al 2026-06-30,,,USD,,,report,,,expenses,custom,2026-01-01,2026-06-30,,,,,escolar,
Balance de Savings considerando gastos de universidad este ano,,,USD,,Savings,report,,,balance,this_year,,,other,Savings,,,,
Gastos de salud infantil mayores a 1000 de los ultimos 3 meses,,,USD,health,,report,,,expenses,last_3_months,,,health,,1000.0,,,
Resumen de gastos universitarios del ano,,,USD,,,report,,,expenses,this_year,,,,,,,universitario,
Cashflow de checking durante el semestre universitario este ano,,,USD,,checking,report,,,cashflow,this_year,,,,checking,,,,
Gastos de libros y materiales escolares este mes,,,USD,,,report,,,expenses,this_month,,,,,,,libros,
Show my pediatrician and child health expenses this year,,,USD,,,report,,,expenses,this_year,,,,,,,pediatrician,
Summary of formula and diapers expenses last month,,,USD,,,report,,,expenses,last_month,,,,,,,formula,
How much did I spend on daycare and kindergarten this month,,,USD,,,report,,,expenses,this_month,,,,,,,daycare,
Tuition expenses for last 3 months,,,USD,,,report,,,expenses,last_3_months,,,,,,,tuition,
Show all school education expenses from 2026-01-01 to 2026-06-30,,,USD,,,report,,,expenses,custom,2026-01-01,2026-06-30,,,,,school,
Savings balance considering university costs this year,,,USD,,Savings,report,,,balance,this_year,,,other,Savings,,,,
Child health expenses over 1000 last 3 months,,,USD,health,,report,,,expenses,last_3_months,,,health,,1000.0,,,
Summary of university expenses this year,,,USD,,,report,,,expenses,this_year,,,,,,,university,
Checking cashflow during university semester this year,,,USD,,checking,report,,,cashflow,this_year,,,,checking,,,,
Books and school materials expenses this month,,,USD,,,report,,,expenses,this_month,,,,,,,books,
Cuanto he gastado en salud de mis hijos este ano,,,USD,,,data_analysis,,,,this_year,,,health,,,,,
Analiza mis gastos de educacion escolar del ultimo mes,,,USD,,,data_analysis,,,,last_month,,,,,,,escolar,
Cual fue mi mayor gasto en crianza este mes,,,USD,,,data_analysis,,,,this_month,,,,,,,bebe,
Tendencia de gastos de colegiatura de los ultimos 3 meses,,,USD,,,data_analysis,,,,last_3_months,,,,,,,colegiatura,
Analiza el impacto de los gastos universitarios en mi balance de Savings,,,USD,,Savings,data_analysis,,,,this_year,,,,Savings,,,,
Compara gastos de educacion del 2026-01-01 al 2026-06-30,,,USD,,,data_analysis,,,,custom,2026-01-01,2026-06-30,,,,,educacion,
How much have I spent on my children health this year,,,USD,,,data_analysis,,,,this_year,,,health,,,,,
Analyze my school education expenses last month,,,USD,,,data_analysis,,,,last_month,,,,,,,school,
What was my largest parenting expense this month,,,USD,,,data_analysis,,,,this_month,,,,,,,baby,
Trend of tuition expenses last 3 months,,,USD,,,data_analysis,,,,last_3_months,,,,,,,tuition,
Analyze university expense impact on my Savings balance this year,,,USD,,Savings,data_analysis,,,,this_year,,,,Savings,,,,
Compare education expenses from 2026-01-01 to 2026-06-30,,,USD,,,data_analysis,,,,custom,2026-01-01,2026-06-30,,,,,education,
Como puedo disciplinar a mi hijo que tiene berrinches,,,USD,,,none,,,,,,,,,,,,"No puedo asesorarte en crianza y disciplina. Soy MIRA, tu asistente financiero. Puedo ayudarte a registrar y analizar tus gastos de crianza y educacion."
Que vacunas necesita un bebe de 6 meses,,,USD,,,none,,,,,,,,,,,,"No tengo informacion medica. Soy MIRA, asistente de finanzas personales. Puedo ayudarte a registrar los gastos de vacunacion de tu hijo."
Cual es la mejor guarderia de mi ciudad,,,USD,,,none,,,,,,,,,,,,No puedo recomendarte guarderias. Puedo ayudarte a llevar un registro de tus gastos de guarderia en tus finanzas.
A que edad debo inscribir a mi hijo al kinder,,,USD,,,none,,,,,,,,,,,,No puedo orientarte sobre la edad de escolarizacion. Soy MIRA y puedo ayudarte a planificar y registrar los gastos educativos de tus hijos.
How can I manage my toddler's tantrums,,,USD,,,none,,,,,,,,,,,,"I cannot advise on parenting techniques. I am MIRA, your finance assistant. I can help you track your child-rearing expenses."
What vaccines does a 6-month-old baby need,,,USD,,,none,,,,,,,,,,,,"I don't have medical information. I am MIRA, a personal finance assistant. I can help you record baby vaccination costs."
Which is the best daycare in my city,,,USD,,,none,,,,,,,,,,,,I cannot recommend daycares. I can help you keep track of your daycare costs in your finances.
At what age should I enroll my child in kindergarten,,,USD,,,none,,,,,,,,,,,,I cannot advise on school enrollment age. I am MIRA and can help you plan and record your children's education expenses.
Pague 45 de consulta veterinaria para mi perro en General,gasto,45.0,USD,health,General,add_expense,1.0,45.0,,,,,,,,,,
Gaste 30 en vacunas anuales de mi gato desde Savings,gasto,30.0,USD,health,Savings,add_expense,1.0,30.0,,,,,,,,,,
Compre alimento para perro por 55 en la tarjeta,gasto,55.0,USD,food,,add_expense,1.0,55.0,,,,,,,,,,
Registra un gasto de 18 por arena para gato en General,gasto,18.0,USD,other,General,add_expense,1.0,18.0,,,,,,,,,,
Pague 25 de antipulgas y desparasitacion en checking,gasto,25.0,USD,health,checking,add_expense,1.0,25.0,,,,,,,,,,
Gaste 80 en la peluqueria canina desde General,gasto,80.0,USD,other,General,add_expense,1.0,80.0,,,,,,,,,,
Registra un gasto de 120 por castracion de mi mascota en Savings,gasto,120.0,USD,health,Savings,add_expense,1.0,120.0,,,,,,,,,,
Pague 65 de analisis veterinarios para mi perro,gasto,65.0,USD,health,,add_expense,1.0,65.0,,,,,,,,,,
Gaste 40 en medicamentos veterinarios en General,gasto,40.0,USD,health,General,add_expense,1.0,40.0,,,,,,,,,,
Desembolse 200 en cirugia de emergencia veterinaria en checking,gasto,200.0,USD,health,checking,add_expense,1.0,200.0,,,,,,,,,,
Pague 35 de hospedaje para mi mascota en vacaciones desde Savings,gasto,35.0,USD,other,Savings,add_expense,1.0,35.0,,,,,,,,,,
Gaste 90 en seguro medico para mascotas en General,gasto,90.0,USD,other,General,add_expense,1.0,90.0,,,,,,,,,,
Compre cama y accesorios para mi perro por 60 en la tarjeta,gasto,60.0,USD,other,,add_expense,1.0,60.0,,,,,,,,,,
Pague 15 por microchip de mi mascota en General,gasto,15.0,USD,health,General,add_expense,1.0,15.0,,,,,,,,,,
Registra un gasto de 22 por juguetes para mi gato en Savings,gasto,22.0,USD,entertainment,Savings,add_expense,1.0,22.0,,,,,,,,,,
Pague 850 pesos de consulta veterinaria para mi perro en MXN,gasto,850.0,MXN,health,General,add_expense,0.05,42.5,,,,,,,,,,
Gaste 350 pesos en alimento premium para mi gato en MXN,gasto,350.0,MXN,food,,add_expense,0.05,17.5,,,,,,,,,,
Registra 1200 pesos por vacunas y desparasitacion de mi mascota en MXN,gasto,1200.0,MXN,health,General,add_expense,0.05,60.0,,,,,,,,,,
Pague 600 pesos de bano y peluqueria canina en MXN desde General,gasto,600.0,MXN,other,General,add_expense,0.05,30.0,,,,,,,,,,
Gaste 2500 pesos en intervencion veterinaria de emergencia en MXN,gasto,2500.0,MXN,health,checking,add_expense,0.05,125.0,,,,,,,,,,
Compre collar y correa para mi perro por 450 pesos en MXN,gasto,450.0,MXN,other,,add_expense,0.05,22.5,,,,,,,,,,
Pague 300 pesos por servicio de hospedaje de mascotas en MXN en Savings,gasto,300.0,MXN,other,Savings,add_expense,0.05,15.0,,,,,,,,,,
Registra un gasto de 1800 pesos por castracion de mi gata en MXN,gasto,1800.0,MXN,health,General,add_expense,0.05,90.0,,,,,,,,,,
Gaste 480 pesos en medicamentos veterinarios en MXN en General,gasto,480.0,MXN,health,General,add_expense,0.05,24.0,,,,,,,,,,
Pague 700 pesos de seguro para mi mascota en MXN desde checking,gasto,700.0,MXN,other,checking,add_expense,0.05,35.0,,,,,,,,,,
Registra un ingreso de 300 por venta de cachorros en General,ingreso,300.0,USD,other_income,General,add_income,1.0,300.0,,,,,,,,,,
Gane 150 paseando perros del vecindario en Savings,ingreso,150.0,USD,other_income,Savings,add_income,1.0,150.0,,,,,,,,,,
Me cayeron 200 por cuidar mascotas de mis vecinos en General,ingreso,200.0,USD,other_income,General,add_income,1.0,200.0,,,,,,,,,,
Registra un ingreso de 1500 pesos por venta de gatitos en MXN en General,ingreso,1500.0,MXN,other_income,General,add_income,0.05,75.0,,,,,,,,,,
Gane 800 pesos ofreciendo guarderia de mascotas en MXN desde Savings,ingreso,800.0,MXN,other_income,Savings,add_income,0.05,40.0,,,,,,,,,,
Quiero ver mis gastos de veterinaria de este mes,,,USD,,,report,,,expenses,this_month,,,,,,,veterinaria,
Dame un resumen de lo que gaste en mascotas el mes pasado,,,USD,,,report,,,summary,last_month,,,,,,,mascota,
Cuanto gaste en mi perro en los ultimos 3 meses,,,USD,,,report,,,expenses,last_3_months,,,,,,,perro,
Muestra los gastos de salud de mascotas de este año en General,,,USD,,,report,,,expenses,this_year,,,health,General,,,mascota,
Dame un balance de gastos en veterinaria del 2025-01-01 al 2025-03-31,,,USD,,,report,,,balance,custom,2025-01-01,2025-03-31,,,,,veterinaria,
Analiza mis gastos en mascotas de este mes,,,USD,,,data_analysis,,,,this_month,,,,,,,mascota,
Cual es mi mayor gasto veterinario de este año,,,USD,,,data_analysis,,,,this_year,,,health,,,,veterinaria,
Analiza cuanto gasto mensualmente en mi mascota el ultimo año,,,USD,,,data_analysis,,,,last_3_months,,,,,,,mascota,
Muestra tendencia de gastos veterinarios del 2025-01-01 al 2025-06-30,,,USD,,,data_analysis,,,,custom,2025-01-01,2025-06-30,,,,,veterinaria,
Que vacunas necesita mi perro este año,,,USD,,,none,,,,,,,,,,,,"Lo siento, solo puedo ayudarte con el registro y análisis de tus finanzas personales. Para información sobre vacunas de mascotas, consulta a un veterinario."
Como entreno a mi mascota para que obedezca,,,USD,,,none,,,,,,,,,,,,"Eso está fuera de mi alcance. Soy MIRA, un asistente financiero personal. Puedo ayudarte a registrar gastos de entrenamiento de mascotas, pero no puedo darte consejos de adiestramiento."
Que raza de perro me recomiendas adoptar,,,USD,,,none,,,,,,,,,,,,"Lo siento, no puedo recomendar razas de mascotas. Mi función es ayudarte a gestionar tus finanzas personales."
Paid 45 for vet consultation for my dog from General,gasto,45.0,USD,health,General,add_expense,1.0,45.0,,,,,,,,,,
I spent 30 on annual vaccines for my cat from Savings,gasto,30.0,USD,health,Savings,add_expense,1.0,30.0,,,,,,,,,,
Add 55 for premium dog food in my checking account,gasto,55.0,USD,food,checking,add_expense,1.0,55.0,,,,,,,,,,
Paid 18 for cat litter from General,gasto,18.0,USD,other,General,add_expense,1.0,18.0,,,,,,,,,,
I spent 25 on flea treatment and deworming from checking,gasto,25.0,USD,health,checking,add_expense,1.0,25.0,,,,,,,,,,
Add 80 for dog grooming from my General account,gasto,80.0,USD,other,General,add_expense,1.0,80.0,,,,,,,,,,
Register expense of 120 for neutering my pet in Savings,gasto,120.0,USD,health,Savings,add_expense,1.0,120.0,,,,,,,,,,
Paid 65 for veterinary lab tests for my dog,gasto,65.0,USD,health,,add_expense,1.0,65.0,,,,,,,,,,
I spent 40 on pet medication from General,gasto,40.0,USD,health,General,add_expense,1.0,40.0,,,,,,,,,,
Add 200 for emergency vet surgery in checking account,gasto,200.0,USD,health,checking,add_expense,1.0,200.0,,,,,,,,,,
Paid 35 for pet boarding during vacation from Savings,gasto,35.0,USD,other,Savings,add_expense,1.0,35.0,,,,,,,,,,
I spent 90 on pet health insurance from General,gasto,90.0,USD,other,General,add_expense,1.0,90.0,,,,,,,,,,
Register 60 for dog bed and accessories from my card,gasto,60.0,USD,other,,add_expense,1.0,60.0,,,,,,,,,,
Paid 15 for pet microchip registration in General,gasto,15.0,USD,health,General,add_expense,1.0,15.0,,,,,,,,,,
I spent 22 on cat toys from Savings,gasto,22.0,USD,entertainment,Savings,add_expense,1.0,22.0,,,,,,,,,,
"Add 50 for pet collar, leash, and harness from General",gasto,50.0,USD,other,General,add_expense,1.0,50.0,,,,,,,,,,
Paid 75 for annual pet wellness checkup from Savings,gasto,75.0,USD,health,Savings,add_expense,1.0,75.0,,,,,,,,,,
Register expense of 110 for dental cleaning for my dog from General,gasto,110.0,USD,health,General,add_expense,1.0,110.0,,,,,,,,,,
I spent 60 CAD on vet consultation for my cat from Savings,gasto,60.0,CAD,health,Savings,add_expense,0.74,44.4,,,,,,,,,,
Paid 80 CAD for pet food monthly from General,gasto,80.0,CAD,food,General,add_expense,0.74,59.2,,,,,,,,,,
Add 150 CAD for emergency vet care in checking account,gasto,150.0,CAD,health,checking,add_expense,0.74,111.0,,,,,,,,,,
I spent 200 BRL on vet consultation from General,gasto,200.0,BRL,health,General,add_expense,0.19,38.0,,,,,,,,,,
Paid 120 BRL for pet food from Savings,gasto,120.0,BRL,food,Savings,add_expense,0.19,22.8,,,,,,,,,,
Add 50 BRL for cat litter from my card,gasto,50.0,BRL,other,,add_expense,0.19,9.5,,,,,,,,,,
Register 350 BRL for pet surgery from General account,gasto,350.0,BRL,health,General,add_expense,0.19,66.5,,,,,,,,,,
Register income of 300 from selling puppies in General,ingreso,300.0,USD,other_income,General,add_income,1.0,300.0,,,,,,,,,,
I earned 150 from dog walking services in my Savings,ingreso,150.0,USD,other_income,Savings,add_income,1.0,150.0,,,,,,,,,,
Add income of 200 for pet sitting for neighbors in General,ingreso,200.0,USD,other_income,General,add_income,1.0,200.0,,,,,,,,,,
I earned 80 for kitten adoption fees in checking,ingreso,80.0,USD,other_income,checking,add_income,1.0,80.0,,,,,,,,,,
Register 250 from pet breeding in my Savings account,ingreso,250.0,USD,other_income,Savings,add_income,1.0,250.0,,,,,,,,,,
I earned 120 CAD from dog walking from Savings,ingreso,120.0,CAD,other_income,Savings,add_income,0.74,88.8,,,,,,,,,,
Show my vet expenses for this month,,,USD,,,report,,,expenses,this_month,,,,,,,vet,
Give me a summary of pet spending last month,,,USD,,,report,,,summary,last_month,,,,,,,pet,
How much did I spend on my dog in the last 3 months,,,USD,,,report,,,expenses,last_3_months,,,,,,,dog,
Show pet health expenses this year from General account,,,USD,,,report,,,expenses,this_year,,,health,General,,,pet,
Give me my cashflow for pet expenses from 2025-01-01 to 2025-06-30,,,USD,,,report,,,cashflow,custom,2025-01-01,2025-06-30,,,,,pet,
Show incomes from pet services this year,,,USD,,,report,,,incomes,this_year,,,,,,,pet,
Analyze my pet spending for this month,,,USD,,,data_analysis,,,,this_month,,,,,,,pet,
What is my biggest vet expense this year,,,USD,,,data_analysis,,,,this_year,,,health,,,,vet,
Analyze my monthly pet care spending for the last 3 months,,,USD,,,data_analysis,,,,last_3_months,,,,,,,pet,
Show vet expense trends from 2025-01-01 to 2025-06-30,,,USD,,,data_analysis,,,,custom,2025-01-01,2025-06-30,,,,,vet,
What vaccines does my dog need this year,,,USD,,,none,,,,,,,,,,,,"I can only help with personal finance management. For pet vaccination schedules, please consult a veterinarian."
How do I train my dog to stop barking,,,USD,,,none,,,,,,,,,,,,"That's outside my scope. I'm MIRA, a personal finance assistant. I can help you track pet-related expenses, but I cannot provide pet training advice."
Which dog breed should I adopt for my apartment,,,USD,,,none,,,,,,,,,,,,I'm unable to recommend pet breeds. My purpose is to help you manage your personal finances.
Compré regalos de navidad para la familia por 2500 pesos,gasto,2500.0,MXN,other,General,add_expense,0.055,137.5,,,,,,,,,,
Gasté 800 en el árbol de navidad y decoraciones,gasto,800.0,MXN,entertainment,General,add_expense,0.055,44.0,,,,,,,,,,
"Pagué la cena de navidad, pavo y ensaladas, 1200 pesos",gasto,1200.0,MXN,food,General,add_expense,0.055,66.0,,,,,,,,,,
"Compré pirotecnia para nochebuena, 300 pesos",gasto,300.0,MXN,entertainment,General,add_expense,0.055,16.5,,,,,,,,,,
Gasté 150 en adornos navideños para la oficina,gasto,150.0,MXN,entertainment,General,add_expense,0.055,8.25,,,,,,,,,,
"Compré ropa nueva para las fiestas navideñas, 500 pesos",gasto,500.0,MXN,other,General,add_expense,0.055,27.5,,,,,,,,,,
"Gasté 500 en la posada de la empresa, botanas y ponche",gasto,500.0,MXN,entertainment,General,add_expense,0.055,27.5,,,,,,,,,,
"Pagué una ofrenda en la misa de gallo, 100 pesos",gasto,100.0,MXN,other,General,add_expense,0.055,5.5,,,,,,,,,,
"Compré juguetes para Reyes Magos, 3000 pesos",gasto,3000.0,MXN,other,General,add_expense,0.055,165.0,,,,,,,,,,
"Pagué la rosca de reyes y atole para la familia, 600 pesos",gasto,600.0,MXN,food,General,add_expense,0.055,33.0,,,,,,,,,,
Gasté 2000 pesos en la cena de año nuevo en restaurante,gasto,2000.0,MXN,food,General,add_expense,0.055,110.0,,,,,,,,,,
"Compré fuegos artificiales para año nuevo, 500 pesos",gasto,500.0,MXN,entertainment,General,add_expense,0.055,27.5,,,,,,,,,,
"Pagué el viaje para año nuevo a Cancún, 8000 pesos",gasto,8000.0,MXN,other,General,add_expense,0.055,440.0,,,,,,,,,,
"Compré champaña y uvas para la celebración de año nuevo, 400 pesos",gasto,400.0,MXN,food,General,add_expense,0.055,22.0,,,,,,,,,,
Gasté 300 en ropa nueva para estrenar en año nuevo,gasto,300.0,MXN,other,General,add_expense,0.055,16.5,,,,,,,,,,
"Pagué la fiesta de fin de año en salón de eventos, 5000 pesos",gasto,5000.0,MXN,entertainment,General,add_expense,0.055,275.0,,,,,,,,,,
Gasté 1500 en el pastel y decoraciones del cumpleaños,gasto,1500.0,MXN,entertainment,General,add_expense,0.055,82.5,,,,,,,,,,
Pagué 3000 por el salón de fiestas para el cumpleaños de mi hijo,gasto,3000.0,MXN,entertainment,General,add_expense,0.055,165.0,,,,,,,,,,
"Compré regalo de cumpleaños para mi esposa, 1000 pesos",gasto,1000.0,MXN,other,General,add_expense,0.055,55.0,,,,,,,,,,
Gasté 800 en la piñata y dulces para la fiesta de cumpleaños,gasto,800.0,MXN,entertainment,General,add_expense,0.055,44.0,,,,,,,,,,
"Pagué el DJ para la fiesta de 15 años de mi hija, 5000 pesos",gasto,5000.0,MXN,entertainment,General,add_expense,0.055,275.0,,,,,,,,,,
Gasté 2000 en el banquete para los 15 años de mi hija,gasto,2000.0,MXN,food,General,add_expense,0.055,110.0,,,,,,,,,,
"Compré el vestido para los XV años de mi hija, 8000 pesos",gasto,8000.0,MXN,other,General,add_expense,0.055,440.0,,,,,,,,,,
"Pagué la fotografía del evento de cumpleaños número 50, 3000 pesos",gasto,3000.0,MXN,entertainment,General,add_expense,0.055,165.0,,,,,,,,,,
"Gasté 1000 en el altar de Día de Muertos: flores, velas, comida",gasto,1000.0,MXN,other,General,add_expense,0.055,55.0,,,,,,,,,,
Compré disfraces para el Día de Muertos por 600 pesos,gasto,600.0,MXN,entertainment,General,add_expense,0.055,33.0,,,,,,,,,,
Gasté 400 en flores de cempasúchil para el altar de muertos,gasto,400.0,MXN,other,General,add_expense,0.055,22.0,,,,,,,,,,
Pagué 500 en comida para la celebración de Semana Santa,gasto,500.0,MXN,food,General,add_expense,0.055,27.5,,,,,,,,,,
Gasté 300 en viaje al santuario para Semana Santa,gasto,300.0,MXN,other,General,add_expense,0.055,16.5,,,,,,,,,,
"Compré calaveras de azúcar y pan de muerto, 200 pesos",gasto,200.0,MXN,food,General,add_expense,0.055,11.0,,,,,,,,,,
Gasté 700 en disfraz y dulces para Halloween de mi hijo,gasto,700.0,MXN,entertainment,General,add_expense,0.055,38.5,,,,,,,,,,
Pagué 400 en cohetes para el grito del 15 de septiembre,gasto,400.0,MXN,entertainment,General,add_expense,0.055,22.0,,,,,,,,,,
Gasté 800 en botanas y bebidas para el grito de independencia,gasto,800.0,MXN,food,General,add_expense,0.055,44.0,,,,,,,,,,
Pagué 600 en flores y arreglos para Día de las Madres,gasto,600.0,MXN,other,General,add_expense,0.055,33.0,,,,,,,,,,
"Compré regalo y cena para el Día del Padre, 900 pesos",gasto,900.0,MXN,other,General,add_expense,0.055,49.5,,,,,,,,,,
Gasté 200 en chocolates y flores para San Valentín,gasto,200.0,MXN,other,General,add_expense,0.055,11.0,,,,,,,,,,
Pagué 1200 en la cena de aniversario de bodas en restaurante,gasto,1200.0,MXN,food,General,add_expense,0.055,66.0,,,,,,,,,,
"Recibí mi aguinaldo de fin de año, 6000 pesos",ingreso,6000.0,MXN,salary,General,add_income,0.055,330.0,,,,,,,,,,
Me dieron 2000 de regalo de cumpleaños en efectivo,ingreso,2000.0,MXN,other_income,General,add_income,0.055,110.0,,,,,,,,,,
Recibí 500 pesos de regalo de navidad de mis tíos,ingreso,500.0,MXN,other_income,General,add_income,0.055,27.5,,,,,,,,,,
"Vendí artesanías navideñas en el mercado, 3000 pesos",ingreso,3000.0,MXN,other_income,General,add_income,0.055,165.0,,,,,,,,,,
"Gané un concurso de disfraces en la posada, premio de 500 pesos",ingreso,500.0,MXN,other_income,General,add_income,0.055,27.5,,,,,,,,,,
Cobré 1500 por organizar una posada corporativa,ingreso,1500.0,MXN,other_income,General,add_income,0.055,82.5,,,,,,,,,,
"Recibí bono de desempeño de fin de año, 3000 pesos",ingreso,3000.0,MXN,salary,General,add_income,0.055,165.0,,,,,,,,,,
Muéstrame todos los gastos de navidad del año pasado,,,USD,,,report,,,expenses,this_year,,,,,,,navidad,
Quiero ver cuánto gasté en cumpleaños este año,,,USD,,,report,,,expenses,this_year,,,,,,,cumpleaños,
Muéstrame el resumen de gastos en fiestas del último mes,,,USD,,,report,,,summary,last_month,,,,,,,fiesta,
Analiza mis gastos en celebraciones del año,,,USD,,,data_analysis,,,,this_year,,,,,,,celebración,
¿Cuánto gasté en Día de Muertos y navidad este año?,,,USD,,,data_analysis,,,,this_year,,,,,,,navidad,
¿Cómo hago para organizar una posada?,,,USD,,,none,,,,,,,,,,,,
Dame ideas para decorar mi casa en navidad,,,USD,,,none,,,,,,,,,,,,
¿Cuáles son las mejores películas de navidad?,,,USD,,,none,,,,,,,,,,,,
"Bought Christmas gifts for the whole family, $250",gasto,250.0,USD,other,General,add_expense,1.0,250.0,,,,,,,,,,
Spent $80 on Christmas tree and ornaments,gasto,80.0,USD,entertainment,General,add_expense,1.0,80.0,,,,,,,,,,
"Paid for Christmas dinner, turkey and sides, $120",gasto,120.0,USD,food,General,add_expense,1.0,120.0,,,,,,,,,,
"Bought Christmas lights and outdoor decorations, $60",gasto,60.0,USD,entertainment,General,add_expense,1.0,60.0,,,,,,,,,,
Spent $40 on Christmas cards and gift wrapping supplies,gasto,40.0,USD,other,General,add_expense,1.0,40.0,,,,,,,,,,
"Paid for Christmas party at restaurant for 10 people, $350",gasto,350.0,USD,entertainment,General,add_expense,1.0,350.0,,,,,,,,,,
"Bought holiday clothes for Christmas celebration, $180",gasto,180.0,USD,other,General,add_expense,1.0,180.0,,,,,,,,,,
Spent $95 on a Christmas hamper for friends,gasto,95.0,USD,other,General,add_expense,1.0,95.0,,,,,,,,,,
"Paid for midnight mass offering on Christmas Eve, $20",gasto,20.0,USD,other,General,add_expense,1.0,20.0,,,,,,,,,,
"Bought Secret Santa gift for the office, $30",gasto,30.0,USD,entertainment,General,add_expense,1.0,30.0,,,,,,,,,,
Spent $200 on New Year's Eve dinner at a restaurant,gasto,200.0,USD,food,General,add_expense,1.0,200.0,,,,,,,,,,
"Bought fireworks for New Year's celebration, $50",gasto,50.0,USD,entertainment,General,add_expense,1.0,50.0,,,,,,,,,,
"Paid for New Year's party tickets and hotel, $400",gasto,400.0,USD,entertainment,General,add_expense,1.0,400.0,,,,,,,,,,
Spent $80 on champagne and snacks for New Year's Eve,gasto,80.0,USD,food,General,add_expense,1.0,80.0,,,,,,,,,,
"Bought new outfit to wear for New Year's, $120",gasto,120.0,USD,other,General,add_expense,1.0,120.0,,,,,,,,,,
Paid $150 for birthday cake and party decorations,gasto,150.0,USD,entertainment,General,add_expense,1.0,150.0,,,,,,,,,,
Spent $300 on renting a birthday party venue,gasto,300.0,USD,entertainment,General,add_expense,1.0,300.0,,,,,,,,,,
"Bought birthday gift for my wife, $200",gasto,200.0,USD,other,General,add_expense,1.0,200.0,,,,,,,,,,
"Paid for kids birthday party entertainment, clown and games, $180",gasto,180.0,USD,entertainment,General,add_expense,1.0,180.0,,,,,,,,,,
Spent $90 on birthday dinner at a steakhouse,gasto,90.0,USD,food,General,add_expense,1.0,90.0,,,,,,,,,,
"Paid for sweet 16 party DJ and sound system, $500",gasto,500.0,USD,entertainment,General,add_expense,1.0,500.0,,,,,,,,,,
"Bought balloons and party supplies for daughter's birthday, $45",gasto,45.0,USD,entertainment,General,add_expense,1.0,45.0,,,,,,,,,,
Spent $250 on catering for birthday party of 20 guests,gasto,250.0,USD,food,General,add_expense,1.0,250.0,,,,,,,,,,
Spent $60 on Halloween costumes and candy for trick-or-treaters,gasto,60.0,USD,entertainment,General,add_expense,1.0,60.0,,,,,,,,,,
Paid $40 for Easter Sunday dinner and egg hunt supplies,gasto,40.0,USD,food,General,add_expense,1.0,40.0,,,,,,,,,,
"Bought Hanukkah gifts and menorah supplies, $90",gasto,90.0,USD,other,General,add_expense,1.0,90.0,,,,,,,,,,
"Spent $70 on Thanksgiving dinner, turkey and pies",gasto,70.0,USD,food,General,add_expense,1.0,70.0,,,,,,,,,,
Paid $120 for Eid al-Fitr celebration dinner and outfits,gasto,120.0,USD,other,General,add_expense,1.0,120.0,,,,,,,,,,
"Bought Diwali decorations and sweets, $55",gasto,55.0,USD,entertainment,General,add_expense,1.0,55.0,,,,,,,,,,
Spent $100 on Mother's Day brunch reservation and flowers,gasto,100.0,USD,other,General,add_expense,1.0,100.0,,,,,,,,,,
Paid $80 for Father's Day dinner and gift,gasto,80.0,USD,other,General,add_expense,1.0,80.0,,,,,,,,,,
"Bought Valentine's Day flowers and chocolates, $65",gasto,65.0,USD,other,General,add_expense,1.0,65.0,,,,,,,,,,
"Spent $150 on wedding anniversary dinner and hotel, $150",gasto,150.0,USD,food,General,add_expense,1.0,150.0,,,,,,,,,,
Received $500 Christmas bonus from my employer,ingreso,500.0,USD,salary,General,add_income,1.0,500.0,,,,,,,,,,
Got $150 in birthday money from family and friends,ingreso,150.0,USD,other_income,General,add_income,1.0,150.0,,,,,,,,,,
"Sold handmade Christmas ornaments at the fair, $320",ingreso,320.0,USD,other_income,General,add_income,1.0,320.0,,,,,,,,,,
Earned $200 catering a holiday party for neighbors,ingreso,200.0,USD,other_income,General,add_income,1.0,200.0,,,,,,,,,,
Won $100 prize in the Christmas raffle at work,ingreso,100.0,USD,other_income,General,add_income,1.0,100.0,,,,,,,,,,
Got $250 end-of-year performance bonus,ingreso,250.0,USD,salary,General,add_income,1.0,250.0,,,,,,,,,,
Earned $180 baking and selling Christmas cookies at the market,ingreso,180.0,USD,other_income,General,add_income,1.0,180.0,,,,,,,,,,
"Received $50 birthday gift, redeemed as cash",ingreso,50.0,USD,other_income,General,add_income,1.0,50.0,,,,,,,,,,
Show me all my Christmas expenses this year,,,USD,,,report,,,expenses,this_year,,,,,,,Christmas,
How much did I spend on birthdays this month?,,,USD,,,report,,,expenses,this_month,,,,,,,birthday,
Give me a summary of holiday spending last month,,,USD,,,report,,,summary,last_month,,,,,,,holiday,
Analyze my spending on celebrations this year,,,USD,,,data_analysis,,,,this_year,,,,,,,celebration,
How much did I spend on parties and events last 3 months?,,,USD,,,data_analysis,,,,last_3_months,,,,,,,party,
What are good Christmas gift ideas for kids?,,,USD,,,none,,,,,,,,,,,,
How do I make a Christmas cake?,,,USD,,,none,,,,,,,,,,,,
What are the best New Year's Eve destinations?,,,USD,,,none,,,,,,,,,,,,
Can you suggest birthday party themes?,,,USD,,,none,,,,,,,,,,,,
